zip_code,primary_state,states,state_count
00601,PR,PR,1
00602,PR,PR,1
00603,PR,PR,1
00606,PR,PR,1
00610,PR,PR,1
00611,PR,PR,1
00612,PR,PR,1
00616,PR,PR,1
00617,PR,PR,1
00622,PR,PR,1
00623,PR,PR,1
00624,PR,PR,1
00627,PR,PR,1
00631,PR,PR,1
00636,PR,PR,1
00637,PR,PR,1
00638,PR,PR,1
00641,PR,PR,1
00646,PR,PR,1
00647,PR,PR,1
00650,PR,PR,1
00652,PR,PR,1
00653,PR,PR,1
00656,PR,PR,1
00659,PR,PR,1
00660,PR,PR,1
00662,PR,PR,1
00664,PR,PR,1
00667,PR,PR,1
00669,PR,PR,1
00670,PR,PR,1
00674,PR,PR,1
00676,PR,PR,1
00677,PR,PR,1
00678,PR,PR,1
00680,PR,PR,1
00682,PR,PR,1
00683,PR,PR,1
00685,PR,PR,1
00687,PR,PR,1
00688,PR,PR,1
00690,PR,PR,1
00692,PR,PR,1
00693,PR,PR,1
00694,PR,PR,1
00698,PR,PR,1
00703,PR,PR,1
00704,PR,PR,1
00705,PR,PR,1
00707,PR,PR,1
00714,PR,PR,1
00715,PR,PR,1
00716,PR,PR,1
00717,PR,PR,1
00718,PR,PR,1
00719,PR,PR,1
00720,PR,PR,1
00723,PR,PR,1
00725,PR,PR,1
00727,PR,PR,1
00728,PR,PR,1
00729,PR,PR,1
00730,PR,PR,1
00731,PR,PR,1
00735,PR,PR,1
00736,PR,PR,1
00738,PR,PR,1
00739,PR,PR,1
00740,PR,PR,1
00741,PR,PR,1
00745,PR,PR,1
00751,PR,PR,1
00754,PR,PR,1
00757,PR,PR,1
00765,PR,PR,1
00766,PR,PR,1
00767,PR,PR,1
00769,PR,PR,1
00771,PR,PR,1
00772,PR,PR,1
00773,PR,PR,1
00775,PR,PR,1
00777,PR,PR,1
00778,PR,PR,1
00780,PR,PR,1
00782,PR,PR,1
00783,PR,PR,1
00784,PR,PR,1
00786,PR,PR,1
00791,PR,PR,1
00794,PR,PR,1
00795,PR,PR,1
00802,VI,VI,1
00820,VI,VI,1
00830,VI,VI,1
00840,VI,VI,1
00850,VI,VI,1
00851,VI,VI,1
00901,PR,PR,1
00906,PR,PR,1
00907,PR,PR,1
00909,PR,PR,1
00911,PR,PR,1
00912,PR,PR,1
00913,PR,PR,1
00915,PR,PR,1
00917,PR,PR,1
00918,PR,PR,1
00920,PR,PR,1
00921,PR,PR,1
00923,PR,PR,1
00924,PR,PR,1
00925,PR,PR,1
00926,PR,PR,1
00927,PR,PR,1
00934,PR,PR,1
00949,PR,PR,1
00950,PR,PR,1
00951,PR,PR,1
00952,PR,PR,1
00953,PR,PR,1
00956,PR,PR,1
00957,PR,PR,1
00959,PR,PR,1
00960,PR,PR,1
00961,PR,PR,1
00962,PR,PR,1
00965,PR,PR,1
00966,PR,PR,1
00968,PR,PR,1
00969,PR,PR,1
00971,PR,PR,1
00976,PR,PR,1
00979,PR,PR,1
00982,PR,PR,1
00983,PR,PR,1
00985,PR,PR,1
00987,PR,PR,1
01001,MA,MA,1
01002,MA,MA,1
01003,MA,MA,1
01005,MA,MA,1
01007,MA,MA,1
01008,MA,MA,1
01009,MA,MA,1
01010,MA,MA,1
01011,MA,MA,1
01012,MA,MA,1
01013,MA,MA,1
01020,MA,MA,1
01022,MA,MA,1
01026,MA,MA,1
01027,MA,MA,1
01028,MA,MA,1
01029,MA,MA,1
01030,MA,MA,1
01031,MA,MA,1
01032,MA,MA,1
01033,MA,MA,1
01034,MA,MA,1
01035,MA,MA,1
01036,MA,MA,1
01037,MA,MA,1
01038,MA,MA,1
01039,MA,MA,1
01040,MA,MA,1
01050,MA,MA,1
01053,MA,MA,1
01054,MA,MA,1
01056,MA,MA,1
01057,MA,MA,1
01060,MA,MA,1
01062,MA,MA,1
01063,MA,MA,1
01066,MA,MA,1
01068,MA,MA,1
01069,MA,MA,1
01070,MA,MA,1
01071,MA,MA,1
01072,MA,MA,1
01073,MA,MA,1
01074,MA,MA,1
01075,MA,MA,1
01077,MA,MA,1
01079,MA,MA,1
01080,MA,MA,1
01081,MA,MA,1
01082,MA,MA,1
01083,MA,MA,1
01084,MA,MA,1
01085,MA,MA,1
01088,MA,MA,1
01089,MA,MA,1
01092,MA,MA,1
01093,MA,MA,1
01094,MA,MA,1
01095,MA,MA,1
01096,MA,MA,1
01097,MA,MA,1
01098,MA,MA,1
01103,MA,MA,1
01104,MA,MA,1
01105,MA,MA,1
01106,MA,MA,1
01107,MA,MA,1
01108,MA,MA,1
01109,MA,MA,1
01118,MA,MA,1
01119,MA,MA,1
01128,MA,MA,1
01129,MA,MA,1
01144,MA,MA,1
01151,MA,MA,1
01201,MA,MA,1
01220,MA,MA,1
01222,MA,MA,1
01223,MA,MA,1
01224,MA,MA,1
01225,MA,MA,1
01226,MA,MA,1
01229,MA,MA,1
01230,MA,MA,1
01235,MA,MA,1
01236,MA,MA,1
01237,MA,MA,1
01238,MA,MA,1
01240,MA,MA,1
01242,MA,MA,1
01243,MA,MA,1
01244,MA,MA,1
01245,MA,MA,1
01247,MA,MA,1
01253,MA,MA,1
01254,MA,MA,1
01255,MA,MA,1
01256,MA,MA,1
01257,MA,MA,1
01258,MA,MA,1
01259,MA,MA,1
01260,MA,MA,1
01262,MA,MA,1
01264,MA,MA,1
01266,MA,MA,1
01267,MA,MA,1
01270,MA,MA,1
01301,MA,MA,1
01330,MA,MA,1
01331,MA,MA,1
01337,MA,MA,1
01338,MA,MA,1
01339,MA,MA,1
01340,MA,MA,1
01341,MA,MA,1
01342,MA,MA,1
01343,MA,MA,1
01344,MA,MA,1
01346,MA,MA,1
01347,MA,MA,1
01349,MA,MA,1
01350,MA,MA,1
01351,MA,MA,1
01354,MA,MA,1
01355,MA,MA,1
01360,MA,MA,1
01364,MA,MA,1
01366,MA,MA,1
01367,MA,MA,1
01368,MA,MA,1
01370,MA,MA,1
01373,MA,MA,1
01375,MA,MA,1
01376,MA,MA,1
01378,MA,MA,1
01379,MA,MA,1
01380,MA,MA,1
01420,MA,MA,1
01430,MA,MA,1
01431,MA,MA,1
01432,MA,MA,1
01434,MA,MA,1
01436,MA,MA,1
01438,MA,MA,1
01440,MA,MA,1
01450,MA,MA,1
01451,MA,MA,1
01452,MA,MA,1
01453,MA,MA,1
01460,MA,MA,1
01462,MA,MA,1
01463,MA,MA,1
01464,MA,MA,1
01468,MA,MA,1
01469,MA,MA,1
01473,MA,MA,1
01474,MA,MA,1
01475,MA,MA,1
01501,MA,MA,1
01503,MA,MA,1
01504,MA,MA,1
01505,MA,MA,1
01506,MA,MA,1
01507,MA,MA,1
01510,MA,MA,1
01515,MA,MA,1
01516,MA,MA,1
01518,MA,MA,1
01519,MA,MA,1
01520,MA,MA,1
01521,MA,MA,1
01522,MA,MA,1
01523,MA,MA,1
01524,MA,MA,1
01525,MA,MA,1
01527,MA,MA,1
01529,MA,MA,1
01531,MA,MA,1
01532,MA,MA,1
01534,MA,MA,1
01535,MA,MA,1
01536,MA,MA,1
01537,MA,MA,1
01540,MA,MA,1
01541,MA,MA,1
01542,MA,MA,1
01543,MA,MA,1
01545,MA,MA,1
01550,MA,MA,1
01560,MA,MA,1
01561,MA,MA,1
01562,MA,MA,1
01564,MA,MA,1
01566,MA,MA,1
01568,MA,MA,1
01569,MA,MA,1
01570,MA,MA,1
01571,MA,MA,1
01581,MA,MA,1
01583,MA,MA,1
01585,MA,MA,1
01588,MA,MA,1
01590,MA,MA,1
01602,MA,MA,1
01603,MA,MA,1
01604,MA,MA,1
01605,MA,MA,1
01606,MA,MA,1
01607,MA,MA,1
01608,MA,MA,1
01609,MA,MA,1
01610,MA,MA,1
01611,MA,MA,1
01612,MA,MA,1
01701,MA,MA,1
01702,MA,MA,1
01718,MA,MA,1
01719,MA,MA,1
01720,MA,MA,1
01721,MA,MA,1
01730,MA,MA,1
01731,MA,MA,1
01740,MA,MA,1
01741,MA,MA,1
01742,MA,MA,1
01745,MA,MA,1
01746,MA,MA,1
01747,MA,MA,1
01748,MA,MA,1
01749,MA,MA,1
01752,MA,MA,1
01754,MA,MA,1
01756,MA,MA,1
01757,MA,MA,1
01760,MA,MA,1
01770,MA,MA,1
01772,MA,MA,1
01773,MA,MA,1
01775,MA,MA,1
01776,MA,MA,1
01778,MA,MA,1
01801,MA,MA,1
01803,MA,MA,1
01810,MA,MA,1
01821,MA,MA,1
01824,MA,MA,1
01826,MA,MA,1
01827,MA,MA,1
01830,MA,MA,1
01832,MA,MA,1
01833,MA,MA,1
01834,MA,MA,1
01835,MA,MA,1
01840,MA,MA,1
01841,MA,MA,1
01843,MA,MA,1
01844,MA,MA,1
01845,MA,MA,1
01850,MA,MA,1
01851,MA,MA,1
01852,MA,MA,1
01854,MA,MA,1
01860,MA,MA,1
01862,MA,MA,1
01863,MA,MA,1
01864,MA,MA,1
01867,MA,MA,1
01876,MA,MA,1
01879,MA,MA,1
01880,MA,MA,1
01886,MA,MA,1
01887,MA,MA,1
01890,MA,MA,1
01901,MA,MA,1
01902,MA,MA,1
01904,MA,MA,1
01905,MA,MA,1
01906,MA,MA,1
01907,MA,MA,1
01908,MA,MA,1
01913,MA,MA,1
01915,MA,MA,1
01921,MA,MA,1
01922,MA,MA,1
01923,MA,MA,1
01929,MA,MA,1
01930,MA,MA,1
01937,MA,MA,1
01938,MA,MA,1
01940,MA,MA,1
01944,MA,MA,1
01945,MA,MA,1
01949,MA,MA,1
01950,MA,MA,1
01951,MA,MA,1
01952,MA,MA,1
01960,MA,MA,1
01965,MA,MA,1
01966,MA,MA,1
01969,MA,MA,1
01970,MA,MA,1
01982,MA,MA,1
01983,MA,MA,1
01984,MA,MA,1
01985,MA,MA,1
02019,MA,MA,1
02021,MA,MA,1
02025,MA,MA,1
02026,MA,MA,1
02030,MA,MA,1
02032,MA,MA,1
02035,MA,MA,1
02038,MA,MA,1
02043,MA,MA,1
02045,MA,MA,1
02047,MA,MA,1
02048,MA,MA,1
02050,MA,MA,1
02052,MA,MA,1
02053,MA,MA,1
02054,MA,MA,1
02056,MA,MA,1
02061,MA,MA,1
02062,MA,MA,1
02066,MA,MA,1
02067,MA,MA,1
02071,MA,MA,1
02072,MA,MA,1
02081,MA,MA,1
02090,MA,MA,1
02093,MA,MA,1
02108,MA,MA,1
02109,MA,MA,1
02110,MA,MA,1
02111,MA,MA,1
02113,MA,MA,1
02114,MA,MA,1
02115,MA,MA,1
02116,MA,MA,1
02118,MA,MA,1
02119,MA,MA,1
02120,MA,MA,1
02121,MA,MA,1
02122,MA,MA,1
02124,MA,MA,1
02125,MA,MA,1
02126,MA,MA,1
02127,MA,MA,1
02128,MA,MA,1
02129,MA,MA,1
02130,MA,MA,1
02131,MA,MA,1
02132,MA,MA,1
02133,MA,MA,1
02134,MA,MA,1
02135,MA,MA,1
02136,MA,MA,1
02138,MA,MA,1
02139,MA,MA,1
02140,MA,MA,1
02141,MA,MA,1
02142,MA,MA,1
02143,MA,MA,1
02144,MA,MA,1
02145,MA,MA,1
02148,MA,MA,1
02149,MA,MA,1
02150,MA,MA,1
02151,MA,MA,1
02152,MA,MA,1
02155,MA,MA,1
02163,MA,MA,1
02169,MA,MA,1
02170,MA,MA,1
02171,MA,MA,1
02176,MA,MA,1
02180,MA,MA,1
02184,MA,MA,1
02186,MA,MA,1
02188,MA,MA,1
02189,MA,MA,1
02190,MA,MA,1
02191,MA,MA,1
02199,MA,MA,1
02203,MA,MA,1
02205,MA,MA,1
02210,MA,MA,1
02215,MA,MA,1
02301,MA,MA,1
02302,MA,MA,1
02322,MA,MA,1
02324,MA,MA,1
02325,MA,MA,1
02330,MA,MA,1
02332,MA,MA,1
02333,MA,MA,1
02338,MA,MA,1
02339,MA,MA,1
02341,MA,MA,1
02343,MA,MA,1
02346,MA,MA,1
02347,MA,MA,1
02350,MA,MA,1
02351,MA,MA,1
02356,MA,MA,1
02357,MA,MA,1
02359,MA,MA,1
02360,MA,MA,1
02364,MA,MA,1
02366,MA,MA,1
02367,MA,MA,1
02368,MA,MA,1
02370,MA,MA,1
02375,MA,MA,1
02379,MA,MA,1
02382,MA,MA,1
02420,MA,MA,1
02421,MA,MA,1
02445,MA,MA,1
02446,MA,MA,1
02451,MA,MA,1
02452,MA,MA,1
02453,MA,MA,1
02457,MA,MA,1
02458,MA,MA,1
02459,MA,MA,1
02460,MA,MA,1
02461,MA,MA,1
02462,MA,MA,1
02464,MA,MA,1
02465,MA,MA,1
02466,MA,MA,1
02467,MA,MA,1
02468,MA,MA,1
02472,MA,MA,1
02474,MA,MA,1
02476,MA,MA,1
02478,MA,MA,1
02481,MA,MA,1
02482,MA,MA,1
02492,MA,MA,1
02493,MA,MA,1
02494,MA,MA,1
02532,MA,MA,1
02534,MA,MA,1
02535,MA,MA,1
02536,MA,MA,1
02537,MA,MA,1
02538,MA,MA,1
02539,MA,MA,1
02540,MA,MA,1
02542,MA,MA,1
02543,MA,MA,1
02553,MA,MA,1
02554,MA,MA,1
02556,MA,MA,1
02557,MA,MA,1
02558,MA,MA,1
02559,MA,MA,1
02561,MA,MA,1
02562,MA,MA,1
02563,MA,MA,1
02564,MA,MA,1
02568,MA,MA,1
02571,MA,MA,1
02575,MA,MA,1
02576,MA,MA,1
02584,MA,MA,1
02601,MA,MA,1
02630,MA,MA,1
02631,MA,MA,1
02632,MA,MA,1
02633,MA,MA,1
02635,MA,MA,1
02637,MA,MA,1
02638,MA,MA,1
02639,MA,MA,1
02641,MA,MA,1
02642,MA,MA,1
02643,MA,MA,1
02644,MA,MA,1
02645,MA,MA,1
02646,MA,MA,1
02647,MA,MA,1
02648,MA,MA,1
02649,MA,MA,1
02650,MA,MA,1
02652,MA,MA,1
02653,MA,MA,1
02655,MA,MA,1
02657,MA,MA,1
02659,MA,MA,1
02660,MA,MA,1
02663,MA,MA,1
02664,MA,MA,1
02666,MA,MA,1
02667,MA,MA,1
02668,MA,MA,1
02670,MA,MA,1
02671,MA,MA,1
02672,MA,MA,1
02673,MA,MA,1
02675,MA,MA,1
02702,MA,MA,1
02703,MA,MA,1
02713,MA,MA,1
02715,MA,MA,1
02717,MA,MA,1
02718,MA,MA,1
02719,MA,MA,1
02720,MA,MA,1
02721,MA,MA,1
02723,MA,MA,1
02724,MA,MA,1
02725,MA,MA,1
02726,MA,MA,1
02738,MA,MA,1
02739,MA,MA,1
02740,MA,MA,1
02743,MA,MA,1
02744,MA,MA,1
02745,MA,MA,1
02746,MA,MA,1
02747,MA,MA,1
02748,MA,MA,1
02760,MA,MA,1
02762,MA,MA,1
02763,MA,MA,1
02764,MA,MA,1
02766,MA,MA,1
02767,MA,MA,1
02769,MA,MA,1
02770,MA,MA,1
02771,MA,MA,1
02777,MA,MA,1
02779,MA,MA,1
02780,MA,MA,1
02790,MA,MA,1
02791,MA,MA,1
02802,RI,RI,1
02804,RI,RI,1
02806,RI,RI,1
02807,RI,RI,1
02808,RI,RI,1
02809,RI,RI,1
02812,RI,RI,1
02813,RI,RI,1
02814,RI,RI,1
02815,RI,RI,1
02816,RI,RI,1
02817,RI,RI,1
02818,RI,RI,1
02822,RI,RI,1
02823,RI,RI,1
02824,RI,RI,1
02825,RI,RI,1
02826,RI,RI,1
02827,RI,RI,1
02828,RI,RI,1
02829,RI,RI,1
02830,RI,RI,1
02831,RI,RI,1
02832,RI,RI,1
02833,RI,RI,1
02835,RI,RI,1
02836,RI,RI,1
02837,RI,RI,1
02838,RI,RI,1
02839,RI,RI,1
02840,RI,RI,1
02841,RI,RI,1
02842,RI,RI,1
02852,RI,RI,1
02857,RI,RI,1
02858,RI,RI,1
02859,RI,RI,1
02860,RI,RI,1
02861,RI,MA|RI,2
02863,RI,RI,1
02864,RI,RI,1
02865,RI,RI,1
02871,RI,RI,1
02872,RI,RI,1
02873,RI,RI,1
02874,RI,RI,1
02875,RI,RI,1
02876,RI,RI,1
02878,RI,RI,1
02879,RI,RI,1
02881,RI,RI,1
02882,RI,RI,1
02885,RI,RI,1
02886,RI,RI,1
02888,RI,RI,1
02889,RI,RI,1
02891,RI,RI,1
02892,RI,RI,1
02893,RI,RI,1
02894,RI,RI,1
02895,RI,RI,1
02896,RI,RI,1
02898,RI,RI,1
02903,RI,RI,1
02904,RI,RI,1
02905,RI,RI,1
02906,RI,RI,1
02907,RI,RI,1
02908,RI,RI,1
02909,RI,RI,1
02910,RI,RI,1
02911,RI,RI,1
02912,RI,RI,1
02914,RI,RI,1
02915,RI,RI,1
02916,RI,RI,1
02917,RI,RI,1
02918,RI,RI,1
02919,RI,RI,1
02920,RI,RI,1
02921,RI,RI,1
03031,NH,NH,1
03032,NH,NH,1
03033,NH,NH,1
03034,NH,NH,1
03036,NH,NH,1
03037,NH,NH,1
03038,NH,NH,1
03042,NH,NH,1
03043,NH,NH,1
03044,NH,NH,1
03045,NH,NH,1
03046,NH,NH,1
03047,NH,NH,1
03048,NH,NH,1
03049,NH,NH,1
03051,NH,NH,1
03052,NH,NH,1
03053,NH,NH,1
03054,NH,NH,1
03055,NH,NH,1
03057,NH,NH,1
03060,NH,NH,1
03062,NH,NH,1
03063,NH,NH,1
03064,NH,NH,1
03070,NH,NH,1
03071,NH,NH,1
03076,NH,NH,1
03077,NH,NH,1
03079,NH,NH,1
03082,NH,NH,1
03084,NH,NH,1
03086,NH,NH,1
03087,NH,NH,1
03101,NH,NH,1
03102,NH,NH,1
03103,NH,NH,1
03104,NH,NH,1
03106,NH,NH,1
03109,NH,NH,1
03110,NH,NH,1
03215,NH,NH,1
03216,NH,NH,1
03217,NH,NH,1
03218,NH,NH,1
03220,NH,NH,1
03221,NH,NH,1
03222,NH,NH,1
03223,NH,NH,1
03224,NH,NH,1
03225,NH,NH,1
03226,NH,NH,1
03227,NH,NH,1
03229,NH,NH,1
03230,NH,NH,1
03231,NH,NH,1
03233,NH,NH,1
03234,NH,NH,1
03235,NH,NH,1
03237,NH,NH,1
03238,NH,NH,1
03240,NH,NH,1
03241,NH,NH,1
03242,NH,NH,1
03243,NH,NH,1
03244,NH,NH,1
03245,NH,NH,1
03246,NH,NH,1
03249,NH,NH,1
03251,NH,NH,1
03253,NH,NH,1
03254,NH,NH,1
03255,NH,NH,1
03256,NH,NH,1
03257,NH,NH,1
03258,NH,NH,1
03259,NH,NH,1
03260,NH,NH,1
03261,NH,NH,1
03262,NH,NH,1
03263,NH,NH,1
03264,NH,NH,1
03266,NH,NH,1
03268,NH,NH,1
03269,NH,NH,1
03273,NH,NH,1
03275,NH,NH,1
03276,NH,NH,1
03278,NH,NH,1
03279,NH,NH,1
03280,NH,NH,1
03281,NH,NH,1
03282,NH,NH,1
03284,NH,NH,1
03285,NH,NH,1
03287,NH,NH,1
03290,NH,NH,1
03291,NH,NH,1
03293,NH,NH,1
03301,NH,NH,1
03303,NH,NH,1
03304,NH,NH,1
03307,NH,NH,1
03431,NH,NH,1
03440,NH,NH,1
03441,NH,NH,1
03442,NH,NH,1
03443,NH,NH,1
03444,NH,NH,1
03445,NH,NH,1
03446,NH,NH,1
03447,NH,NH,1
03448,NH,NH,1
03449,NH,NH,1
03450,NH,NH,1
03451,NH,NH,1
03452,NH,NH,1
03455,NH,NH,1
03456,NH,NH,1
03457,NH,NH,1
03458,NH,NH,1
03461,NH,NH,1
03462,NH,NH,1
03464,NH,NH,1
03465,NH,NH,1
03466,NH,NH,1
03467,NH,NH,1
03470,NH,NH,1
03561,NH,NH,1
03570,NH,NH,1
03574,NH,NH,1
03575,NH,NH,1
03576,NH,NH,1
03579,ME,ME|NH,2
03580,NH,NH,1
03581,NH,NH,1
03582,NH,NH,1
03583,NH,NH,1
03584,NH,NH,1
03585,NH,NH,1
03586,NH,NH,1
03588,NH,NH,1
03590,NH,NH,1
03592,NH,NH,1
03593,NH,NH,1
03595,NH,NH,1
03597,NH,NH,1
03598,NH,NH,1
03601,NH,NH,1
03602,NH,NH,1
03603,NH,NH,1
03604,NH,NH,1
03605,NH,NH,1
03607,NH,NH,1
03608,NH,NH,1
03609,NH,NH,1
03740,NH,NH,1
03741,NH,NH,1
03743,NH,NH,1
03745,NH,NH,1
03748,NH,NH,1
03750,NH,NH,1
03751,NH,NH,1
03752,NH,NH,1
03753,NH,NH,1
03755,NH,NH,1
03765,NH,NH,1
03766,NH,NH,1
03768,NH,NH,1
03770,NH,NH,1
03771,NH,NH,1
03773,NH,NH,1
03774,NH,NH,1
03777,NH,NH,1
03779,NH,NH,1
03780,NH,NH,1
03781,NH,NH,1
03782,NH,NH,1
03784,NH,NH,1
03785,NH,NH,1
03801,NH,NH,1
03809,NH,NH,1
03810,NH,NH,1
03811,NH,NH,1
03812,NH,NH,1
03813,NH,NH,1
03814,NH,NH,1
03816,NH,NH,1
03817,NH,NH,1
03818,NH,NH,1
03819,NH,NH,1
03820,NH,NH,1
03823,NH,NH,1
03824,NH,NH,1
03825,NH,NH,1
03826,NH,NH,1
03827,NH,NH,1
03830,NH,NH,1
03832,NH,NH,1
03833,NH,NH,1
03835,NH,NH,1
03836,NH,NH,1
03837,NH,NH,1
03838,NH,NH,1
03839,NH,NH,1
03840,NH,NH,1
03841,NH,NH,1
03842,NH,NH,1
03844,NH,NH,1
03845,NH,NH,1
03846,NH,NH,1
03847,NH,NH,1
03848,NH,NH,1
03849,NH,NH,1
03850,NH,NH,1
03851,NH,NH,1
03852,NH,NH,1
03853,NH,NH,1
03854,NH,NH,1
03855,NH,NH,1
03856,NH,NH,1
03857,NH,NH,1
03858,NH,NH,1
03860,NH,NH,1
03861,NH,NH,1
03862,NH,NH,1
03864,NH,NH,1
03865,NH,NH,1
03867,NH,NH,1
03868,NH,NH,1
03869,NH,NH,1
03870,NH,NH,1
03871,NH,NH,1
03872,NH,NH,1
03873,NH,NH,1
03874,NH,NH,1
03875,NH,NH,1
03878,NH,NH,1
03882,NH,NH,1
03883,NH,NH,1
03884,NH,NH,1
03885,NH,NH,1
03886,NH,NH,1
03887,NH,NH,1
03890,NH,NH,1
03894,NH,NH,1
03897,NH,NH,1
03901,ME,ME,1
03902,ME,ME,1
03903,ME,ME,1
03904,ME,ME,1
03905,ME,ME,1
03906,ME,ME,1
03907,ME,ME,1
03908,ME,ME,1
03909,ME,ME,1
03910,ME,ME,1
03911,ME,ME,1
04001,ME,ME,1
04002,ME,ME,1
04003,ME,ME,1
04005,ME,ME,1
04006,ME,ME,1
04008,ME,ME,1
04009,ME,ME,1
04010,ME,ME,1
04011,ME,ME,1
04015,ME,ME,1
04017,ME,ME,1
04019,ME,ME,1
04020,ME,ME,1
04021,ME,ME,1
04022,ME,ME,1
04024,ME,ME,1
04027,ME,ME,1
04029,ME,ME,1
04030,ME,ME,1
04032,ME,ME,1
04037,ME,ME,1
04038,ME,ME,1
04039,ME,ME,1
04040,ME,ME,1
04041,ME,ME,1
04042,ME,ME,1
04043,ME,ME,1
04046,ME,ME,1
04047,ME,ME,1
04048,ME,ME,1
04049,ME,ME,1
04050,ME,ME,1
04051,ME,ME,1
04055,ME,ME,1
04056,ME,ME,1
04057,ME,ME,1
04061,ME,ME,1
04062,ME,ME,1
04063,ME,ME,1
04064,ME,ME,1
04066,ME,ME,1
04068,ME,ME,1
04069,ME,ME,1
04071,ME,ME,1
04072,ME,ME,1
04073,ME,ME,1
04074,ME,ME,1
04076,ME,ME,1
04079,ME,ME,1
04083,ME,ME,1
04084,ME,ME,1
04085,ME,ME,1
04086,ME,ME,1
04087,ME,ME,1
04088,ME,ME,1
04090,ME,ME,1
04091,ME,ME,1
04092,ME,ME,1
04093,ME,ME,1
04095,ME,ME,1
04096,ME,ME,1
04097,ME,ME,1
04101,ME,ME,1
04102,ME,ME,1
04103,ME,ME,1
04105,ME,ME,1
04106,ME,ME,1
04107,ME,ME,1
04108,ME,ME,1
04109,ME,ME,1
04110,ME,ME,1
04210,ME,ME,1
04216,ME,ME,1
04217,ME,ME,1
04219,ME,ME,1
04220,ME,ME,1
04221,ME,ME,1
04222,ME,ME,1
04224,ME,ME,1
04226,ME,ME,1
04227,ME,ME,1
04231,ME,ME,1
04234,ME,ME,1
04236,ME,ME,1
04237,ME,ME,1
04238,ME,ME,1
04239,ME,ME,1
04240,ME,ME,1
04250,ME,ME,1
04252,ME,ME,1
04253,ME,ME,1
04254,ME,ME,1
04255,ME,ME,1
04256,ME,ME,1
04257,ME,ME,1
04258,ME,ME,1
04259,ME,ME,1
04260,ME,ME,1
04261,ME,ME,1
04263,ME,ME,1
04265,ME,ME,1
04267,ME,ME,1
04268,ME,ME,1
04270,ME,ME,1
04271,ME,ME,1
04274,ME,ME,1
04275,ME,ME,1
04276,ME,ME,1
04280,ME,ME,1
04281,ME,ME,1
04282,ME,ME,1
04284,ME,ME,1
04285,ME,ME,1
04286,ME,ME,1
04287,ME,ME,1
04289,ME,ME,1
04290,ME,ME,1
04292,ME,ME,1
04294,ME,ME,1
04330,ME,ME,1
04341,ME,ME,1
04342,ME,ME,1
04344,ME,ME,1
04345,ME,ME,1
04346,ME,ME,1
04347,ME,ME,1
04348,ME,ME,1
04349,ME,ME,1
04350,ME,ME,1
04351,ME,ME,1
04352,ME,ME,1
04353,ME,ME,1
04354,ME,ME,1
04355,ME,ME,1
04357,ME,ME,1
04358,ME,ME,1
04359,ME,ME,1
04360,ME,ME,1
04363,ME,ME,1
04364,ME,ME,1
04401,ME,ME,1
04406,ME,ME,1
04408,ME,ME,1
04410,ME,ME,1
04411,ME,ME,1
04412,ME,ME,1
04413,ME,ME,1
04414,ME,ME,1
04415,ME,ME,1
04416,ME,ME,1
04417,ME,ME,1
04418,ME,ME,1
04419,ME,ME,1
04421,ME,ME,1
04422,ME,ME,1
04424,ME,ME,1
04426,ME,ME,1
04427,ME,ME,1
04428,ME,ME,1
04429,ME,ME,1
04430,ME,ME,1
04431,ME,ME,1
04434,ME,ME,1
04435,ME,ME,1
04438,ME,ME,1
04441,ME,ME,1
04442,ME,ME,1
04443,ME,ME,1
04444,ME,ME,1
04448,ME,ME,1
04449,ME,ME,1
04450,ME,ME,1
04451,ME,ME,1
04453,ME,ME,1
04454,ME,ME,1
04455,ME,ME,1
04456,ME,ME,1
04457,ME,ME,1
04459,ME,ME,1
04460,ME,ME,1
04461,ME,ME,1
04462,ME,ME,1
04463,ME,ME,1
04464,ME,ME,1
04468,ME,ME,1
04469,ME,ME,1
04471,ME,ME,1
04472,ME,ME,1
04473,ME,ME,1
04474,ME,ME,1
04475,ME,ME,1
04476,ME,ME,1
04478,ME,ME,1
04479,ME,ME,1
04481,ME,ME,1
04485,ME,ME,1
04487,ME,ME,1
04488,ME,ME,1
04489,ME,ME,1
04490,ME,ME,1
04491,ME,ME,1
04492,ME,ME,1
04493,ME,ME,1
04495,ME,ME,1
04496,ME,ME,1
04497,ME,ME,1
04530,ME,ME,1
04535,ME,ME,1
04537,ME,ME,1
04538,ME,ME,1
04539,ME,ME,1
04541,ME,ME,1
04543,ME,ME,1
04544,ME,ME,1
04547,ME,ME,1
04548,ME,ME,1
04551,ME,ME,1
04553,ME,ME,1
04554,ME,ME,1
04555,ME,ME,1
04556,ME,ME,1
04558,ME,ME,1
04562,ME,ME,1
04563,ME,ME,1
04564,ME,ME,1
04568,ME,ME,1
04570,ME,ME,1
04571,ME,ME,1
04572,ME,ME,1
04573,ME,ME,1
04574,ME,ME,1
04575,ME,ME,1
04576,ME,ME,1
04578,ME,ME,1
04579,ME,ME,1
04605,ME,ME,1
04606,ME,ME,1
04607,ME,ME,1
04609,ME,ME,1
04611,ME,ME,1
04612,ME,ME,1
04613,ME,ME,1
04614,ME,ME,1
04616,ME,ME,1
04617,ME,ME,1
04619,ME,ME,1
04622,ME,ME,1
04623,ME,ME,1
04624,ME,ME,1
04625,ME,ME,1
04626,ME,ME,1
04627,ME,ME,1
04628,ME,ME,1
04630,ME,ME,1
04631,ME,ME,1
04634,ME,ME,1
04635,ME,ME,1
04640,ME,ME,1
04642,ME,ME,1
04643,ME,ME,1
04645,ME,ME,1
04646,ME,ME,1
04648,ME,ME,1
04649,ME,ME,1
04650,ME,ME,1
04652,ME,ME,1
04653,ME,ME,1
04654,ME,ME,1
04655,ME,ME,1
04657,ME,ME,1
04658,ME,ME,1
04660,ME,ME,1
04662,ME,ME,1
04664,ME,ME,1
04666,ME,ME,1
04667,ME,ME,1
04668,ME,ME,1
04669,ME,ME,1
04671,ME,ME,1
04673,ME,ME,1
04674,ME,ME,1
04675,ME,ME,1
04676,ME,ME,1
04677,ME,ME,1
04679,ME,ME,1
04680,ME,ME,1
04681,ME,ME,1
04683,ME,ME,1
04684,ME,ME,1
04685,ME,ME,1
04686,ME,ME,1
04691,ME,ME,1
04693,ME,ME,1
04694,ME,ME,1
04730,ME,ME,1
04732,ME,ME,1
04733,ME,ME,1
04734,ME,ME,1
04735,ME,ME,1
04736,ME,ME,1
04737,ME,ME,1
04739,ME,ME,1
04740,ME,ME,1
04742,ME,ME,1
04743,ME,ME,1
04745,ME,ME,1
04746,ME,ME,1
04747,ME,ME,1
04750,ME,ME,1
04756,ME,ME,1
04757,ME,ME,1
04758,ME,ME,1
04760,ME,ME,1
04761,ME,ME,1
04762,ME,ME,1
04763,ME,ME,1
04764,ME,ME,1
04765,ME,ME,1
04766,ME,ME,1
04768,ME,ME,1
04769,ME,ME,1
04772,ME,ME,1
04773,ME,ME,1
04774,ME,ME,1
04776,ME,ME,1
04777,ME,ME,1
04779,ME,ME,1
04780,ME,ME,1
04781,ME,ME,1
04783,ME,ME,1
04785,ME,ME,1
04786,ME,ME,1
04787,ME,ME,1
04841,ME,ME,1
04843,ME,ME,1
04847,ME,ME,1
04848,ME,ME,1
04849,ME,ME,1
04851,ME,ME,1
04852,ME,ME,1
04853,ME,ME,1
04854,ME,ME,1
04855,ME,ME,1
04856,ME,ME,1
04858,ME,ME,1
04859,ME,ME,1
04860,ME,ME,1
04861,ME,ME,1
04862,ME,ME,1
04863,ME,ME,1
04864,ME,ME,1
04901,ME,ME,1
04910,ME,ME,1
04911,ME,ME,1
04912,ME,ME,1
04915,ME,ME,1
04917,ME,ME,1
04918,ME,ME,1
04920,ME,ME,1
04921,ME,ME,1
04922,ME,ME,1
04923,ME,ME,1
04924,ME,ME,1
04925,ME,ME,1
04926,ME,ME,1
04927,ME,ME,1
04928,ME,ME,1
04929,ME,ME,1
04930,ME,ME,1
04932,ME,ME,1
04936,ME,ME,1
04937,ME,ME,1
04938,ME,ME,1
04939,ME,ME,1
04940,ME,ME,1
04941,ME,ME,1
04942,ME,ME,1
04943,ME,ME,1
04944,ME,ME,1
04945,ME,ME,1
04947,ME,ME,1
04949,ME,ME,1
04950,ME,ME,1
04951,ME,ME,1
04952,ME,ME,1
04953,ME,ME,1
04955,ME,ME,1
04956,ME,ME,1
04957,ME,ME,1
04958,ME,ME,1
04961,ME,ME,1
04963,ME,ME,1
04964,ME,ME,1
04965,ME,ME,1
04966,ME,ME,1
04967,ME,ME,1
04969,ME,ME,1
04970,ME,ME,1
04971,ME,ME,1
04973,ME,ME,1
04974,ME,ME,1
04975,ME,ME,1
04976,ME,ME,1
04978,ME,ME,1
04979,ME,ME,1
04981,ME,ME,1
04982,ME,ME,1
04983,ME,ME,1
04984,ME,ME,1
04985,ME,ME,1
04986,ME,ME,1
04987,ME,ME,1
04988,ME,ME,1
04989,ME,ME,1
04992,ME,ME,1
05001,VT,VT,1
05009,VT,VT,1
05030,VT,VT,1
05031,VT,VT,1
05032,VT,VT,1
05033,VT,VT,1
05034,VT,VT,1
05035,VT,VT,1
05036,VT,VT,1
05037,VT,VT,1
05038,VT,VT,1
05039,VT,VT,1
05040,VT,VT,1
05041,VT,VT,1
05042,VT,VT,1
05043,VT,VT,1
05045,VT,VT,1
05046,VT,VT,1
05048,VT,VT,1
05050,VT,VT,1
05051,VT,VT,1
05052,VT,VT,1
05053,VT,VT,1
05055,VT,VT,1
05056,VT,VT,1
05058,VT,VT,1
05059,VT,VT,1
05060,VT,VT,1
05061,VT,VT,1
05062,VT,VT,1
05065,VT,VT,1
05067,VT,VT,1
05068,VT,VT,1
05069,VT,VT,1
05070,VT,VT,1
05071,VT,VT,1
05072,VT,VT,1
05073,VT,VT,1
05075,VT,VT,1
05076,VT,VT,1
05077,VT,VT,1
05079,VT,VT,1
05081,VT,VT,1
05083,VT,VT,1
05084,VT,VT,1
05086,VT,VT,1
05088,VT,VT,1
05089,VT,VT,1
05091,VT,VT,1
05101,VT,VT,1
05141,VT,VT,1
05142,VT,VT,1
05143,VT,VT,1
05146,VT,VT,1
05148,VT,VT,1
05149,VT,VT,1
05150,VT,VT,1
05151,VT,VT,1
05152,VT,VT,1
05153,VT,VT,1
05154,VT,VT,1
05155,VT,VT,1
05156,VT,VT,1
05158,VT,VT,1
05161,VT,VT,1
05201,VT,VT,1
05250,VT,VT,1
05251,VT,VT,1
05252,VT,VT,1
05253,VT,VT,1
05254,VT,VT,1
05255,VT,VT,1
05257,VT,VT,1
05260,VT,VT,1
05261,VT,VT,1
05262,VT,VT,1
05301,VT,VT,1
05340,VT,VT,1
05341,VT,VT,1
05342,VT,VT,1
05343,VT,VT,1
05344,VT,VT,1
05345,VT,VT,1
05346,VT,VT,1
05350,VT,VT,1
05351,VT,VT,1
05352,VT,VT,1
05353,VT,VT,1
05354,VT,VT,1
05355,VT,VT,1
05356,VT,VT,1
05358,VT,VT,1
05359,VT,VT,1
05360,VT,VT,1
05361,VT,VT,1
05362,VT,VT,1
05363,VT,VT,1
05401,VT,VT,1
05403,VT,VT,1
05404,VT,VT,1
05405,VT,VT,1
05408,VT,VT,1
05439,VT,VT,1
05440,VT,VT,1
05441,VT,VT,1
05442,VT,VT,1
05443,VT,VT,1
05444,VT,VT,1
05445,VT,VT,1
05446,VT,VT,1
05447,VT,VT,1
05448,VT,VT,1
05450,VT,VT,1
05452,VT,VT,1
05454,VT,VT,1
05455,VT,VT,1
05456,VT,VT,1
05457,VT,VT,1
05458,VT,VT,1
05459,VT,VT,1
05461,VT,VT,1
05462,VT,VT,1
05463,VT,VT,1
05464,VT,VT,1
05465,VT,VT,1
05468,VT,VT,1
05471,VT,VT,1
05472,VT,VT,1
05473,VT,VT,1
05474,VT,VT,1
05476,VT,VT,1
05477,VT,VT,1
05478,VT,VT,1
05481,VT,VT,1
05482,VT,VT,1
05483,VT,VT,1
05485,VT,VT,1
05486,VT,VT,1
05487,VT,VT,1
05488,VT,VT,1
05489,VT,VT,1
05491,VT,VT,1
05492,VT,VT,1
05494,VT,VT,1
05495,VT,VT,1
05602,VT,VT,1
05640,VT,VT,1
05641,VT,VT,1
05647,VT,VT,1
05648,VT,VT,1
05649,VT,VT,1
05650,VT,VT,1
05651,VT,VT,1
05652,VT,VT,1
05653,VT,VT,1
05654,VT,VT,1
05655,VT,VT,1
05656,VT,VT,1
05658,VT,VT,1
05660,VT,VT,1
05661,VT,VT,1
05663,VT,VT,1
05664,VT,VT,1
05666,VT,VT,1
05667,VT,VT,1
05669,VT,VT,1
05670,VT,VT,1
05672,VT,VT,1
05673,VT,VT,1
05674,VT,VT,1
05675,VT,VT,1
05676,VT,VT,1
05677,VT,VT,1
05678,VT,VT,1
05679,VT,VT,1
05680,VT,VT,1
05681,VT,VT,1
05682,VT,VT,1
05701,VT,VT,1
05730,VT,VT,1
05731,VT,VT,1
05732,VT,VT,1
05733,VT,VT,1
05734,VT,VT,1
05735,VT,VT,1
05736,VT,VT,1
05737,VT,VT,1
05738,VT,VT,1
05739,VT,VT,1
05742,VT,VT,1
05743,VT,VT,1
05744,VT,VT,1
05746,VT,VT,1
05747,VT,VT,1
05748,VT,VT,1
05751,VT,VT,1
05753,VT,VT,1
05757,VT,VT,1
05758,VT,VT,1
05759,VT,VT,1
05760,VT,VT,1
05761,VT,VT,1
05762,VT,VT,1
05763,VT,VT,1
05764,VT,VT,1
05765,VT,VT,1
05766,VT,VT,1
05767,VT,VT,1
05768,VT,VT,1
05769,VT,VT,1
05770,VT,VT,1
05772,VT,VT,1
05773,VT,VT,1
05774,VT,VT,1
05775,VT,VT,1
05776,VT,VT,1
05777,VT,VT,1
05778,VT,VT,1
05819,VT,VT,1
05820,VT,VT,1
05821,VT,VT,1
05822,VT,VT,1
05824,VT,VT,1
05825,VT,VT,1
05826,VT,VT,1
05827,VT,VT,1
05828,VT,VT,1
05829,VT,VT,1
05830,VT,VT,1
05832,VT,VT,1
05833,VT,VT,1
05836,VT,VT,1
05837,VT,VT,1
05839,VT,VT,1
05840,VT,VT,1
05841,VT,VT,1
05842,VT,VT,1
05843,VT,VT,1
05845,VT,VT,1
05846,VT,VT,1
05847,VT,VT,1
05850,VT,VT,1
05851,VT,VT,1
05853,VT,VT,1
05855,VT,VT,1
05857,VT,VT,1
05858,VT,VT,1
05859,VT,VT,1
05860,VT,VT,1
05862,VT,VT,1
05866,VT,VT,1
05867,VT,VT,1
05868,VT,VT,1
05871,VT,VT,1
05872,VT,VT,1
05873,VT,VT,1
05874,VT,VT,1
05875,VT,VT,1
05901,VT,VT,1
05902,VT,VT,1
05903,VT,VT,1
05904,VT,VT,1
05905,VT,VT,1
05906,VT,VT,1
05907,VT,VT,1
06001,CT,CT,1
06002,CT,CT,1
06010,CT,CT,1
06013,CT,CT,1
06016,CT,CT,1
06018,CT,CT,1
06019,CT,CT,1
06020,CT,CT,1
06021,CT,CT,1
06022,CT,CT,1
06023,CT,CT,1
06024,CT,CT,1
06026,CT,CT,1
06027,CT,CT,1
06029,CT,CT,1
06031,CT,CT,1
06032,CT,CT,1
06033,CT,CT,1
06035,CT,CT,1
06037,CT,CT,1
06039,CT,CT,1
06040,CT,CT,1
06042,CT,CT,1
06043,CT,CT,1
06051,CT,CT,1
06052,CT,CT,1
06053,CT,CT,1
06057,CT,CT,1
06058,CT,CT,1
06059,CT,CT,1
06060,CT,CT,1
06061,CT,CT,1
06062,CT,CT,1
06063,CT,CT,1
06065,CT,CT,1
06066,CT,CT,1
06067,CT,CT,1
06068,CT,CT,1
06069,CT,CT,1
06070,CT,CT,1
06071,CT,CT,1
06072,CT,CT,1
06073,CT,CT,1
06074,CT,CT,1
06076,CT,CT,1
06078,CT,CT,1
06079,CT,CT,1
06080,CT,CT,1
06081,CT,CT,1
06082,CT,CT,1
06084,CT,CT,1
06085,CT,CT,1
06088,CT,CT,1
06089,CT,CT,1
06090,CT,CT,1
06091,CT,CT,1
06092,CT,CT,1
06093,CT,CT,1
06095,CT,CT,1
06096,CT,CT,1
06098,CT,CT,1
06103,CT,CT,1
06105,CT,CT,1
06106,CT,CT,1
06107,CT,CT,1
06108,CT,CT,1
06109,CT,CT,1
06110,CT,CT,1
06111,CT,CT,1
06112,CT,CT,1
06114,CT,CT,1
06117,CT,CT,1
06118,CT,CT,1
06119,CT,CT,1
06120,CT,CT,1
06226,CT,CT,1
06231,CT,CT,1
06232,CT,CT,1
06234,CT,CT,1
06235,CT,CT,1
06237,CT,CT,1
06238,CT,CT,1
06239,CT,CT,1
06241,CT,CT,1
06242,CT,CT,1
06243,CT,CT,1
06247,CT,CT,1
06248,CT,CT,1
06249,CT,CT,1
06250,CT,CT,1
06254,CT,CT,1
06255,CT,CT,1
06256,CT,CT,1
06258,CT,CT,1
06259,CT,CT,1
06260,CT,CT,1
06262,CT,CT,1
06263,CT,CT,1
06264,CT,CT,1
06266,CT,CT,1
06268,CT,CT,1
06269,CT,CT,1
06277,CT,CT,1
06278,CT,CT,1
06279,CT,CT,1
06280,CT,CT,1
06281,CT,CT,1
06282,CT,CT,1
06320,CT,CT,1
06330,CT,CT,1
06331,CT,CT,1
06332,CT,CT,1
06333,CT,CT,1
06334,CT,CT,1
06335,CT,CT,1
06336,CT,CT,1
06338,CT,CT,1
06339,CT,CT,1
06340,CT,CT,1
06350,CT,CT,1
06351,CT,CT,1
06353,CT,CT,1
06354,CT,CT,1
06355,CT,CT,1
06357,CT,CT,1
06359,CT,CT,1
06360,CT,CT,1
06365,CT,CT,1
06370,CT,CT,1
06371,CT,CT,1
06373,CT,CT,1
06374,CT,CT,1
06375,CT,CT,1
06376,CT,CT,1
06377,CT,CT,1
06378,CT,CT,1
06379,CT,CT,1
06380,CT,CT,1
06382,CT,CT,1
06384,CT,CT,1
06385,CT,CT,1
06387,CT,CT,1
06389,CT,CT,1
06390,NY,NY,1
06401,CT,CT,1
06403,CT,CT,1
06405,CT,CT,1
06409,CT,CT,1
06410,CT,CT,1
06412,CT,CT,1
06413,CT,CT,1
06414,CT,CT,1
06415,CT,CT,1
06416,CT,CT,1
06417,CT,CT,1
06418,CT,CT,1
06419,CT,CT,1
06420,CT,CT,1
06422,CT,CT,1
06423,CT,CT,1
06424,CT,CT,1
06426,CT,CT,1
06437,CT,CT,1
06438,CT,CT,1
06439,CT,CT,1
06441,CT,CT,1
06442,CT,CT,1
06443,CT,CT,1
06444,CT,CT,1
06447,CT,CT,1
06450,CT,CT,1
06451,CT,CT,1
06455,CT,CT,1
06456,CT,CT,1
06457,CT,CT,1
06459,CT,CT,1
06460,CT,CT,1
06461,CT,CT,1
06467,CT,CT,1
06468,CT,CT,1
06469,CT,CT,1
06470,CT,CT,1
06471,CT,CT,1
06472,CT,CT,1
06473,CT,CT,1
06475,CT,CT,1
06477,CT,CT,1
06478,CT,CT,1
06479,CT,CT,1
06480,CT,CT,1
06481,CT,CT,1
06482,CT,CT,1
06483,CT,CT,1
06484,CT,CT,1
06488,CT,CT,1
06489,CT,CT,1
06492,CT,CT,1
06498,CT,CT,1
06510,CT,CT,1
06511,CT,CT,1
06512,CT,CT,1
06513,CT,CT,1
06514,CT,CT,1
06515,CT,CT,1
06516,CT,CT,1
06517,CT,CT,1
06518,CT,CT,1
06519,CT,CT,1
06524,CT,CT,1
06525,CT,CT,1
06604,CT,CT,1
06605,CT,CT,1
06606,CT,CT,1
06607,CT,CT,1
06608,CT,CT,1
06610,CT,CT,1
06611,CT,CT,1
06612,CT,CT,1
06614,CT,CT,1
06615,CT,CT,1
06702,CT,CT,1
06704,CT,CT,1
06705,CT,CT,1
06706,CT,CT,1
06708,CT,CT,1
06710,CT,CT,1
06712,CT,CT,1
06716,CT,CT,1
06750,CT,CT,1
06751,CT,CT,1
06752,CT,CT,1
06753,CT,CT,1
06754,CT,CT,1
06755,CT,CT,1
06756,CT,CT,1
06757,CT,CT,1
06758,CT,CT,1
06759,CT,CT,1
06762,CT,CT,1
06763,CT,CT,1
06770,CT,CT,1
06776,CT,CT,1
06777,CT,CT,1
06778,CT,CT,1
06779,CT,CT,1
06782,CT,CT,1
06783,CT,CT,1
06784,CT,CT,1
06785,CT,CT,1
06786,CT,CT,1
06787,CT,CT,1
06790,CT,CT,1
06791,CT,CT,1
06793,CT,CT,1
06794,CT,CT,1
06795,CT,CT,1
06796,CT,CT,1
06798,CT,CT,1
06801,CT,CT,1
06804,CT,CT,1
06807,CT,CT,1
06810,CT,CT,1
06811,CT,CT,1
06812,CT,CT,1
06820,CT,CT,1
06824,CT,CT,1
06825,CT,CT,1
06830,CT,CT,1
06831,CT,CT,1
06840,CT,CT,1
06850,CT,CT,1
06851,CT,CT,1
06853,CT,CT,1
06854,CT,CT,1
06855,CT,CT,1
06870,CT,CT,1
06877,CT,CT,1
06878,CT,CT,1
06880,CT,CT,1
06883,CT,CT,1
06890,CT,CT,1
06896,CT,CT,1
06897,CT,CT,1
06901,CT,CT,1
06902,CT,CT,1
06903,CT,CT,1
06905,CT,CT,1
06906,CT,CT,1
06907,CT,CT,1
07001,NJ,NJ,1
07002,NJ,NJ,1
07003,NJ,NJ,1
07004,NJ,NJ,1
07005,NJ,NJ,1
07006,NJ,NJ,1
07008,NJ,NJ,1
07009,NJ,NJ,1
07010,NJ,NJ,1
07011,NJ,NJ,1
07012,NJ,NJ,1
07013,NJ,NJ,1
07014,NJ,NJ,1
07016,NJ,NJ,1
07017,NJ,NJ,1
07018,NJ,NJ,1
07020,NJ,NJ,1
07021,NJ,NJ,1
07022,NJ,NJ,1
07023,NJ,NJ,1
07024,NJ,NJ,1
07026,NJ,NJ,1
07027,NJ,NJ,1
07028,NJ,NJ,1
07029,NJ,NJ,1
07030,NJ,NJ,1
07031,NJ,NJ,1
07032,NJ,NJ,1
07033,NJ,NJ,1
07034,NJ,NJ,1
07035,NJ,NJ,1
07036,NJ,NJ,1
07039,NJ,NJ,1
07040,NJ,NJ,1
07041,NJ,NJ,1
07042,NJ,NJ,1
07043,NJ,NJ,1
07044,NJ,NJ,1
07045,NJ,NJ,1
07046,NJ,NJ,1
07047,NJ,NJ,1
07050,NJ,NJ,1
07052,NJ,NJ,1
07054,NJ,NJ,1
07055,NJ,NJ,1
07057,NJ,NJ,1
07058,NJ,NJ,1
07059,NJ,NJ,1
07060,NJ,NJ,1
07062,NJ,NJ,1
07063,NJ,NJ,1
07064,NJ,NJ,1
07065,NJ,NJ,1
07066,NJ,NJ,1
07067,NJ,NJ,1
07068,NJ,NJ,1
07069,NJ,NJ,1
07070,NJ,NJ,1
07071,NJ,NJ,1
07072,NJ,NJ,1
07073,NJ,NJ,1
07074,NJ,NJ,1
07075,NJ,NJ,1
07076,NJ,NJ,1
07077,NJ,NJ,1
07078,NJ,NJ,1
07079,NJ,NJ,1
07080,NJ,NJ,1
07081,NJ,NJ,1
07082,NJ,NJ,1
07083,NJ,NJ,1
07086,NJ,NJ,1
07087,NJ,NJ,1
07088,NJ,NJ,1
07090,NJ,NJ,1
07092,NJ,NJ,1
07093,NJ,NJ,1
07094,NJ,NJ,1
07095,NJ,NJ,1
07102,NJ,NJ,1
07103,NJ,NJ,1
07104,NJ,NJ,1
07105,NJ,NJ,1
07106,NJ,NJ,1
07107,NJ,NJ,1
07108,NJ,NJ,1
07109,NJ,NJ,1
07110,NJ,NJ,1
07111,NJ,NJ,1
07112,NJ,NJ,1
07114,NJ,NJ,1
07201,NJ,NJ,1
07202,NJ,NJ,1
07203,NJ,NJ,1
07204,NJ,NJ,1
07205,NJ,NJ,1
07206,NJ,NJ,1
07208,NJ,NJ,1
07302,NJ,NJ,1
07304,NJ,NJ,1
07305,NJ,NJ,1
07306,NJ,NJ,1
07307,NJ,NJ,1
07310,NJ,NJ,1
07311,NJ,NJ,1
07401,NJ,NJ,1
07403,NJ,NJ,1
07405,NJ,NJ,1
07407,NJ,NJ,1
07410,NJ,NJ,1
07416,NJ,NJ,1
07417,NJ,NJ,1
07418,NJ,NJ,1
07419,NJ,NJ,1
07420,NJ,NJ,1
07421,NJ,NJ,1
07422,NJ,NJ,1
07423,NJ,NJ,1
07424,NJ,NJ,1
07430,NJ,NJ,1
07432,NJ,NJ,1
07435,NJ,NJ,1
07436,NJ,NJ,1
07438,NJ,NJ,1
07439,NJ,NJ,1
07440,NJ,NJ,1
07442,NJ,NJ,1
07444,NJ,NJ,1
07446,NJ,NJ,1
07450,NJ,NJ,1
07452,NJ,NJ,1
07456,NJ,NJ,1
07457,NJ,NJ,1
07458,NJ,NJ,1
07460,NJ,NJ,1
07461,NJ,NJ,1
07462,NJ,NJ,1
07463,NJ,NJ,1
07465,NJ,NJ,1
07470,NJ,NJ,1
07480,NJ,NJ,1
07481,NJ,NJ,1
07501,NJ,NJ,1
07502,NJ,NJ,1
07503,NJ,NJ,1
07504,NJ,NJ,1
07505,NJ,NJ,1
07506,NJ,NJ,1
07508,NJ,NJ,1
07512,NJ,NJ,1
07513,NJ,NJ,1
07514,NJ,NJ,1
07522,NJ,NJ,1
07524,NJ,NJ,1
07601,NJ,NJ,1
07603,NJ,NJ,1
07604,NJ,NJ,1
07605,NJ,NJ,1
07606,NJ,NJ,1
07607,NJ,NJ,1
07608,NJ,NJ,1
07620,NJ,NJ,1
07621,NJ,NJ,1
07624,NJ,NJ,1
07626,NJ,NJ,1
07627,NJ,NJ,1
07628,NJ,NJ,1
07630,NJ,NJ,1
07631,NJ,NJ,1
07632,NJ,NJ,1
07640,NJ,NJ,1
07641,NJ,NJ,1
07642,NJ,NJ,1
07643,NJ,NJ,1
07644,NJ,NJ,1
07645,NJ,NJ,1
07646,NJ,NJ,1
07647,NJ,NJ,1
07648,NJ,NJ,1
07649,NJ,NJ,1
07650,NJ,NJ,1
07652,NJ,NJ,1
07656,NJ,NJ,1
07657,NJ,NJ,1
07660,NJ,NJ,1
07661,NJ,NJ,1
07662,NJ,NJ,1
07663,NJ,NJ,1
07666,NJ,NJ,1
07670,NJ,NJ,1
07675,NJ,NJ,1
07676,NJ,NJ,1
07677,NJ,NJ,1
07701,NJ,NJ,1
07702,NJ,NJ,1
07703,NJ,NJ,1
07704,NJ,NJ,1
07711,NJ,NJ,1
07712,NJ,NJ,1
07716,NJ,NJ,1
07717,NJ,NJ,1
07718,NJ,NJ,1
07719,NJ,NJ,1
07720,NJ,NJ,1
07721,NJ,NJ,1
07722,NJ,NJ,1
07723,NJ,NJ,1
07724,NJ,NJ,1
07726,NJ,NJ,1
07727,NJ,NJ,1
07728,NJ,NJ,1
07730,NJ,NJ,1
07731,NJ,NJ,1
07732,NJ,NJ,1
07733,NJ,NJ,1
07734,NJ,NJ,1
07735,NJ,NJ,1
07737,NJ,NJ,1
07738,NJ,NJ,1
07739,NJ,NJ,1
07740,NJ,NJ,1
07746,NJ,NJ,1
07747,NJ,NJ,1
07748,NJ,NJ,1
07750,NJ,NJ,1
07751,NJ,NJ,1
07753,NJ,NJ,1
07755,NJ,NJ,1
07756,NJ,NJ,1
07757,NJ,NJ,1
07758,NJ,NJ,1
07760,NJ,NJ,1
07762,NJ,NJ,1
07764,NJ,NJ,1
07801,NJ,NJ,1
07803,NJ,NJ,1
07820,NJ,NJ,1
07821,NJ,NJ,1
07822,NJ,NJ,1
07823,NJ,NJ,1
07825,NJ,NJ,1
07826,NJ,NJ,1
07827,NJ,NJ,1
07828,NJ,NJ,1
07830,NJ,NJ,1
07831,NJ,NJ,1
07832,NJ,NJ,1
07833,NJ,NJ,1
07834,NJ,NJ,1
07836,NJ,NJ,1
07838,NJ,NJ,1
07840,NJ,NJ,1
07842,NJ,NJ,1
07843,NJ,NJ,1
07844,NJ,NJ,1
07846,NJ,NJ,1
07847,NJ,NJ,1
07848,NJ,NJ,1
07849,NJ,NJ,1
07850,NJ,NJ,1
07851,NJ,NJ,1
07852,NJ,NJ,1
07853,NJ,NJ,1
07856,NJ,NJ,1
07857,NJ,NJ,1
07860,NJ,NJ,1
07863,NJ,NJ,1
07865,NJ,NJ,1
07866,NJ,NJ,1
07869,NJ,NJ,1
07870,NJ,NJ,1
07871,NJ,NJ,1
07874,NJ,NJ,1
07876,NJ,NJ,1
07878,NJ,NJ,1
07880,NJ,NJ,1
07881,NJ,NJ,1
07882,NJ,NJ,1
07885,NJ,NJ,1
07901,NJ,NJ,1
07920,NJ,NJ,1
07921,NJ,NJ,1
07922,NJ,NJ,1
07924,NJ,NJ,1
07926,NJ,NJ,1
07927,NJ,NJ,1
07928,NJ,NJ,1
07930,NJ,NJ,1
07931,NJ,NJ,1
07932,NJ,NJ,1
07933,NJ,NJ,1
07934,NJ,NJ,1
07935,NJ,NJ,1
07936,NJ,NJ,1
07939,NJ,NJ,1
07940,NJ,NJ,1
07945,NJ,NJ,1
07946,NJ,NJ,1
07950,NJ,NJ,1
07960,NJ,NJ,1
07961,NJ,NJ,1
07970,NJ,NJ,1
07974,NJ,NJ,1
07976,NJ,NJ,1
07977,NJ,NJ,1
07979,NJ,NJ,1
07980,NJ,NJ,1
07981,NJ,NJ,1
08001,NJ,NJ,1
08002,NJ,NJ,1
08003,NJ,NJ,1
08004,NJ,NJ,1
08005,NJ,NJ,1
08006,NJ,NJ,1
08007,NJ,NJ,1
08008,NJ,NJ,1
08009,NJ,NJ,1
08010,NJ,NJ,1
08011,NJ,NJ,1
08012,NJ,NJ,1
08014,NJ,NJ,1
08015,NJ,NJ,1
08016,NJ,NJ,1
08019,NJ,NJ,1
08020,NJ,NJ,1
08021,NJ,NJ,1
08022,NJ,NJ,1
08023,NJ,NJ,1
08026,NJ,NJ,1
08027,NJ,NJ,1
08028,NJ,NJ,1
08029,NJ,NJ,1
08030,NJ,NJ,1
08031,NJ,NJ,1
08032,NJ,NJ,1
08033,NJ,NJ,1
08034,NJ,NJ,1
08035,NJ,NJ,1
08036,NJ,NJ,1
08037,NJ,NJ,1
08038,NJ,NJ,1
08039,NJ,NJ,1
08041,NJ,NJ,1
08042,NJ,NJ,1
08043,NJ,NJ,1
08045,NJ,NJ,1
08046,NJ,NJ,1
08048,NJ,NJ,1
08049,NJ,NJ,1
08050,NJ,NJ,1
08051,NJ,NJ,1
08052,NJ,NJ,1
08053,NJ,NJ,1
08054,NJ,NJ,1
08055,NJ,NJ,1
08056,NJ,NJ,1
08057,NJ,NJ,1
08059,NJ,NJ,1
08060,NJ,NJ,1
08061,NJ,NJ,1
08062,NJ,NJ,1
08063,NJ,NJ,1
08064,NJ,NJ,1
08065,NJ,NJ,1
08066,NJ,NJ,1
08067,NJ,NJ,1
08068,NJ,NJ,1
08069,NJ,NJ,1
08070,NJ,NJ,1
08071,NJ,NJ,1
08072,NJ,NJ,1
08073,NJ,NJ,1
08074,NJ,NJ,1
08075,NJ,NJ,1
08077,NJ,NJ,1
08078,NJ,NJ,1
08079,NJ,NJ,1
08080,NJ,NJ,1
08081,NJ,NJ,1
08083,NJ,NJ,1
08084,NJ,NJ,1
08085,NJ,NJ,1
08086,NJ,NJ,1
08087,NJ,NJ,1
08088,NJ,NJ,1
08089,NJ,NJ,1
08090,NJ,NJ,1
08091,NJ,NJ,1
08092,NJ,NJ,1
08093,NJ,NJ,1
08094,NJ,NJ,1
08095,NJ,NJ,1
08096,NJ,NJ,1
08097,NJ,NJ,1
08098,NJ,NJ,1
08102,NJ,NJ,1
08103,NJ,NJ,1
08104,NJ,NJ,1
08105,NJ,NJ,1
08106,NJ,NJ,1
08107,NJ,NJ,1
08108,NJ,NJ,1
08109,NJ,NJ,1
08110,NJ,NJ,1
08201,NJ,NJ,1
08202,NJ,NJ,1
08203,NJ,NJ,1
08204,NJ,NJ,1
08205,NJ,NJ,1
08210,NJ,NJ,1
08212,NJ,NJ,1
08215,NJ,NJ,1
08217,NJ,NJ,1
08221,NJ,NJ,1
08223,NJ,NJ,1
08224,NJ,NJ,1
08225,NJ,NJ,1
08226,NJ,NJ,1
08230,NJ,NJ,1
08232,NJ,NJ,1
08234,NJ,NJ,1
08240,NJ,NJ,1
08241,NJ,NJ,1
08242,NJ,NJ,1
08243,NJ,NJ,1
08244,NJ,NJ,1
08245,NJ,NJ,1
08246,NJ,NJ,1
08247,NJ,NJ,1
08248,NJ,NJ,1
08251,NJ,NJ,1
08260,NJ,NJ,1
08270,NJ,NJ,1
08302,NJ,NJ,1
08310,NJ,NJ,1
08311,NJ,NJ,1
08312,NJ,NJ,1
08314,NJ,NJ,1
08316,NJ,NJ,1
08317,NJ,NJ,1
08318,NJ,NJ,1
08319,NJ,NJ,1
08320,NJ,NJ,1
08321,NJ,NJ,1
08322,NJ,NJ,1
08323,NJ,NJ,1
08324,NJ,NJ,1
08326,NJ,NJ,1
08327,NJ,NJ,1
08328,NJ,NJ,1
08329,NJ,NJ,1
08330,NJ,NJ,1
08332,NJ,NJ,1
08340,NJ,NJ,1
08341,NJ,NJ,1
08343,NJ,NJ,1
08344,NJ,NJ,1
08345,NJ,NJ,1
08346,NJ,NJ,1
08348,NJ,NJ,1
08349,NJ,NJ,1
08350,NJ,NJ,1
08352,NJ,NJ,1
08353,NJ,NJ,1
08360,NJ,NJ,1
08361,NJ,NJ,1
08401,NJ,NJ,1
08402,NJ,NJ,1
08403,NJ,NJ,1
08406,NJ,NJ,1
08501,NJ,NJ,1
08502,NJ,NJ,1
08505,NJ,NJ,1
08510,NJ,NJ,1
08511,NJ,NJ,1
08512,NJ,NJ,1
08514,NJ,NJ,1
08515,NJ,NJ,1
08518,NJ,NJ,1
08520,NJ,NJ,1
08525,NJ,NJ,1
08527,NJ,NJ,1
08528,NJ,NJ,1
08530,NJ,NJ,1
08533,NJ,NJ,1
08534,NJ,NJ,1
08535,NJ,NJ,1
08536,NJ,NJ,1
08540,NJ,NJ,1
08542,NJ,NJ,1
08544,NJ,NJ,1
08550,NJ,NJ,1
08551,NJ,NJ,1
08553,NJ,NJ,1
08554,NJ,NJ,1
08555,NJ,NJ,1
08558,NJ,NJ,1
08559,NJ,NJ,1
08560,NJ,NJ,1
08561,NJ,NJ,1
08562,NJ,NJ,1
08608,NJ,NJ,1
08609,NJ,NJ,1
08610,NJ,NJ,1
08611,NJ,NJ,1
08618,NJ,NJ,1
08619,NJ,NJ,1
08620,NJ,NJ,1
08628,NJ,NJ,1
08629,NJ,NJ,1
08638,NJ,NJ,1
08640,NJ,NJ,1
08641,NJ,NJ,1
08648,NJ,NJ,1
08690,NJ,NJ,1
08691,NJ,NJ,1
08701,NJ,NJ,1
08720,NJ,NJ,1
08721,NJ,NJ,1
08722,NJ,NJ,1
08723,NJ,NJ,1
08724,NJ,NJ,1
08730,NJ,NJ,1
08731,NJ,NJ,1
08732,NJ,NJ,1
08733,NJ,NJ,1
08734,NJ,NJ,1
08735,NJ,NJ,1
08736,NJ,NJ,1
08738,NJ,NJ,1
08740,NJ,NJ,1
08741,NJ,NJ,1
08742,NJ,NJ,1
08750,NJ,NJ,1
08751,NJ,NJ,1
08752,NJ,NJ,1
08753,NJ,NJ,1
08755,NJ,NJ,1
08757,NJ,NJ,1
08758,NJ,NJ,1
08759,NJ,NJ,1
08801,NJ,NJ,1
08802,NJ,NJ,1
08804,NJ,NJ,1
08805,NJ,NJ,1
08807,NJ,NJ,1
08809,NJ,NJ,1
08810,NJ,NJ,1
08812,NJ,NJ,1
08816,NJ,NJ,1
08817,NJ,NJ,1
08820,NJ,NJ,1
08821,NJ,NJ,1
08822,NJ,NJ,1
08823,NJ,NJ,1
08824,NJ,NJ,1
08825,NJ,NJ,1
08826,NJ,NJ,1
08827,NJ,NJ,1
08828,NJ,NJ,1
08829,NJ,NJ,1
08830,NJ,NJ,1
08831,NJ,NJ,1
08832,NJ,NJ,1
08833,NJ,NJ,1
08835,NJ,NJ,1
08836,NJ,NJ,1
08837,NJ,NJ,1
08840,NJ,NJ,1
08844,NJ,NJ,1
08846,NJ,NJ,1
08848,NJ,NJ,1
08850,NJ,NJ,1
08852,NJ,NJ,1
08853,NJ,NJ,1
08854,NJ,NJ,1
08857,NJ,NJ,1
08858,NJ,NJ,1
08859,NJ,NJ,1
08861,NJ,NJ,1
08863,NJ,NJ,1
08865,NJ,NJ,1
08867,NJ,NJ,1
08869,NJ,NJ,1
08872,NJ,NJ,1
08873,NJ,NJ,1
08876,NJ,NJ,1
08879,NJ,NJ,1
08880,NJ,NJ,1
08882,NJ,NJ,1
08884,NJ,NJ,1
08886,NJ,NJ,1
08887,NJ,NJ,1
08889,NJ,NJ,1
08890,NJ,NJ,1
08901,NJ,NJ,1
08902,NJ,NJ,1
08904,NJ,NJ,1
10001,NY,NY,1
10002,NY,NY,1
10003,NY,NY,1
10004,NY,NY,1
10005,NY,NY,1
10006,NY,NY,1
10007,NY,NY,1
10009,NY,NY,1
10010,NY,NY,1
10011,NY,NY,1
10012,NY,NY,1
10013,NY,NY,1
10014,NY,NY,1
10016,NY,NY,1
10017,NY,NY,1
10018,NY,NY,1
10019,NY,NY,1
10020,NY,NY,1
10021,NY,NY,1
10022,NY,NY,1
10023,NY,NY,1
10024,NY,NY,1
10025,NY,NY,1
10026,NY,NY,1
10027,NY,NY,1
10028,NY,NY,1
10029,NY,NY,1
10030,NY,NY,1
10031,NY,NY,1
10032,NY,NY,1
10033,NY,NY,1
10034,NY,NY,1
10035,NY,NY,1
10036,NY,NY,1
10037,NY,NY,1
10038,NY,NY,1
10039,NY,NY,1
10040,NY,NY,1
10044,NY,NY,1
10065,NY,NY,1
10069,NY,NY,1
10075,NY,NY,1
10103,NY,NY,1
10110,NY,NY,1
10111,NY,NY,1
10112,NY,NY,1
10115,NY,NY,1
10119,NY,NY,1
10128,NY,NY,1
10152,NY,NY,1
10153,NY,NY,1
10154,NY,NY,1
10162,NY,NY,1
10165,NY,NY,1
10167,NY,NY,1
10168,NY,NY,1
10169,NY,NY,1
10170,NY,NY,1
10171,NY,NY,1
10172,NY,NY,1
10173,NY,NY,1
10174,NY,NY,1
10177,NY,NY,1
10199,NY,NY,1
10271,NY,NY,1
10278,NY,NY,1
10279,NY,NY,1
10280,NY,NY,1
10282,NY,NY,1
10301,NY,NY,1
10302,NY,NY,1
10303,NY,NY,1
10304,NY,NY,1
10305,NY,NY,1
10306,NY,NY,1
10307,NY,NY,1
10308,NY,NY,1
10309,NY,NY,1
10310,NY,NY,1
10311,NY,NY,1
10312,NY,NY,1
10314,NY,NY,1
10451,NY,NY,1
10452,NY,NY,1
10453,NY,NY,1
10454,NY,NY,1
10455,NY,NY,1
10456,NY,NY,1
10457,NY,NY,1
10458,NY,NY,1
10459,NY,NY,1
10460,NY,NY,1
10461,NY,NY,1
10462,NY,NY,1
10463,NY,NY,1
10464,NY,NY,1
10465,NY,NY,1
10466,NY,NY,1
10467,NY,NY,1
10468,NY,NY,1
10469,NY,NY,1
10470,NY,NY,1
10471,NY,NY,1
10472,NY,NY,1
10473,NY,NY,1
10474,NY,NY,1
10475,NY,NY,1
10501,NY,NY,1
10502,NY,NY,1
10503,NY,NY,1
10504,NY,NY,1
10505,NY,NY,1
10506,NY,NY,1
10507,NY,NY,1
10509,NY,NY,1
10510,NY,NY,1
10511,NY,NY,1
10512,NY,NY,1
10514,NY,NY,1
10516,NY,NY,1
10517,NY,NY,1
10518,NY,NY,1
10519,NY,NY,1
10520,NY,NY,1
10522,NY,NY,1
10523,NY,NY,1
10524,NY,NY,1
10526,NY,NY,1
10527,NY,NY,1
10528,NY,NY,1
10530,NY,NY,1
10532,NY,NY,1
10533,NY,NY,1
10535,NY,NY,1
10536,NY,NY,1
10537,NY,NY,1
10538,NY,NY,1
10540,NY,NY,1
10541,NY,NY,1
10542,NY,NY,1
10543,NY,NY,1
10545,NY,NY,1
10546,NY,NY,1
10547,NY,NY,1
10548,NY,NY,1
10549,NY,NY,1
10550,NY,NY,1
10552,NY,NY,1
10553,NY,NY,1
10560,NY,NY,1
10562,NY,NY,1
10566,NY,NY,1
10567,NY,NY,1
10570,NY,NY,1
10573,NY,NY,1
10576,NY,NY,1
10577,NY,NY,1
10578,NY,NY,1
10579,NY,NY,1
10580,NY,NY,1
10583,NY,NY,1
10588,NY,NY,1
10589,NY,NY,1
10590,NY,NY,1
10591,NY,NY,1
10594,NY,NY,1
10595,NY,NY,1
10596,NY,NY,1
10597,NY,NY,1
10598,NY,NY,1
10601,NY,NY,1
10603,NY,NY,1
10604,NY,NY,1
10605,NY,NY,1
10606,NY,NY,1
10607,NY,NY,1
10701,NY,NY,1
10703,NY,NY,1
10704,NY,NY,1
10705,NY,NY,1
10706,NY,NY,1
10707,NY,NY,1
10708,NY,NY,1
10709,NY,NY,1
10710,NY,NY,1
10801,NY,NY,1
10803,NY,NY,1
10804,NY,NY,1
10805,NY,NY,1
10901,NY,NY,1
10910,NY,NY,1
10911,NY,NY,1
10913,NY,NY,1
10914,NY,NY,1
10915,NY,NY,1
10916,NY,NY,1
10917,NY,NY,1
10918,NY,NY,1
10919,NY,NY,1
10920,NY,NY,1
10921,NY,NY,1
10922,NY,NY,1
10923,NY,NY,1
10924,NY,NY,1
10925,NY,NY,1
10926,NY,NY,1
10927,NY,NY,1
10928,NY,NY,1
10930,NY,NY,1
10931,NY,NY,1
10932,NY,NY,1
10933,NY,NY,1
10940,NY,NY,1
10941,NY,NY,1
10950,NY,NY,1
10952,NY,NY,1
10953,NY,NY,1
10954,NY,NY,1
10956,NY,NY,1
10958,NY,NY,1
10960,NY,NY,1
10962,NY,NY,1
10963,NY,NY,1
10964,NY,NY,1
10965,NY,NY,1
10968,NY,NY,1
10969,NY,NY,1
10970,NY,NY,1
10973,NY,NY,1
10974,NY,NY,1
10975,NY,NY,1
10976,NY,NY,1
10977,NY,NY,1
10979,NY,NY,1
10980,NY,NY,1
10983,NY,NY,1
10984,NY,NY,1
10985,NY,NY,1
10986,NY,NY,1
10987,NY,NY,1
10988,NY,NY,1
10989,NY,NY,1
10990,NY,NY,1
10992,NY,NY,1
10993,NY,NY,1
10994,NY,NY,1
10996,NY,NY,1
10998,NY,NY,1
11001,NY,NY,1
11003,NY,NY,1
11004,NY,NY,1
11005,NY,NY,1
11010,NY,NY,1
11020,NY,NY,1
11021,NY,NY,1
11023,NY,NY,1
11024,NY,NY,1
11030,NY,NY,1
11040,NY,NY,1
11042,NY,NY,1
11050,NY,NY,1
11096,NY,NY,1
11101,NY,NY,1
11102,NY,NY,1
11103,NY,NY,1
11104,NY,NY,1
11105,NY,NY,1
11106,NY,NY,1
11109,NY,NY,1
11201,NY,NY,1
11203,NY,NY,1
11204,NY,NY,1
11205,NY,NY,1
11206,NY,NY,1
11207,NY,NY,1
11208,NY,NY,1
11209,NY,NY,1
11210,NY,NY,1
11211,NY,NY,1
11212,NY,NY,1
11213,NY,NY,1
11214,NY,NY,1
11215,NY,NY,1
11216,NY,NY,1
11217,NY,NY,1
11218,NY,NY,1
11219,NY,NY,1
11220,NY,NY,1
11221,NY,NY,1
11222,NY,NY,1
11223,NY,NY,1
11224,NY,NY,1
11225,NY,NY,1
11226,NY,NY,1
11228,NY,NY,1
11229,NY,NY,1
11230,NY,NY,1
11231,NY,NY,1
11232,NY,NY,1
11233,NY,NY,1
11234,NY,NY,1
11235,NY,NY,1
11236,NY,NY,1
11237,NY,NY,1
11238,NY,NY,1
11239,NY,NY,1
11249,NY,NY,1
11354,NY,NY,1
11355,NY,NY,1
11356,NY,NY,1
11357,NY,NY,1
11358,NY,NY,1
11359,NY,NY,1
11360,NY,NY,1
11361,NY,NY,1
11362,NY,NY,1
11363,NY,NY,1
11364,NY,NY,1
11365,NY,NY,1
11366,NY,NY,1
11367,NY,NY,1
11368,NY,NY,1
11369,NY,NY,1
11370,NY,NY,1
11371,NY,NY,1
11372,NY,NY,1
11373,NY,NY,1
11374,NY,NY,1
11375,NY,NY,1
11377,NY,NY,1
11378,NY,NY,1
11379,NY,NY,1
11385,NY,NY,1
11411,NY,NY,1
11412,NY,NY,1
11413,NY,NY,1
11414,NY,NY,1
11415,NY,NY,1
11416,NY,NY,1
11417,NY,NY,1
11418,NY,NY,1
11419,NY,NY,1
11420,NY,NY,1
11421,NY,NY,1
11422,NY,NY,1
11423,NY,NY,1
11424,NY,NY,1
11426,NY,NY,1
11427,NY,NY,1
11428,NY,NY,1
11429,NY,NY,1
11430,NY,NY,1
11432,NY,NY,1
11433,NY,NY,1
11434,NY,NY,1
11435,NY,NY,1
11436,NY,NY,1
11439,NY,NY,1
11451,NY,NY,1
11501,NY,NY,1
11507,NY,NY,1
11509,NY,NY,1
11510,NY,NY,1
11514,NY,NY,1
11516,NY,NY,1
11518,NY,NY,1
11520,NY,NY,1
11530,NY,NY,1
11542,NY,NY,1
11545,NY,NY,1
11547,NY,NY,1
11548,NY,NY,1
11549,NY,NY,1
11550,NY,NY,1
11552,NY,NY,1
11553,NY,NY,1
11554,NY,NY,1
11556,NY,NY,1
11557,NY,NY,1
11558,NY,NY,1
11559,NY,NY,1
11560,NY,NY,1
11561,NY,NY,1
11563,NY,NY,1
11565,NY,NY,1
11566,NY,NY,1
11568,NY,NY,1
11569,NY,NY,1
11570,NY,NY,1
11572,NY,NY,1
11575,NY,NY,1
11576,NY,NY,1
11577,NY,NY,1
11579,NY,NY,1
11580,NY,NY,1
11581,NY,NY,1
11590,NY,NY,1
11596,NY,NY,1
11598,NY,NY,1
11691,NY,NY,1
11692,NY,NY,1
11693,NY,NY,1
11694,NY,NY,1
11697,NY,NY,1
11701,NY,NY,1
11702,NY,NY,1
11703,NY,NY,1
11704,NY,NY,1
11705,NY,NY,1
11706,NY,NY,1
11709,NY,NY,1
11710,NY,NY,1
11713,NY,NY,1
11714,NY,NY,1
11715,NY,NY,1
11716,NY,NY,1
11717,NY,NY,1
11718,NY,NY,1
11719,NY,NY,1
11720,NY,NY,1
11721,NY,NY,1
11722,NY,NY,1
11724,NY,NY,1
11725,NY,NY,1
11726,NY,NY,1
11727,NY,NY,1
11729,NY,NY,1
11730,NY,NY,1
11731,NY,NY,1
11732,NY,NY,1
11733,NY,NY,1
11735,NY,NY,1
11738,NY,NY,1
11739,NY,NY,1
11740,NY,NY,1
11741,NY,NY,1
11742,NY,NY,1
11743,NY,NY,1
11746,NY,NY,1
11747,NY,NY,1
11749,NY,NY,1
11751,NY,NY,1
11752,NY,NY,1
11753,NY,NY,1
11754,NY,NY,1
11755,NY,NY,1
11756,NY,NY,1
11757,NY,NY,1
11758,NY,NY,1
11762,NY,NY,1
11763,NY,NY,1
11764,NY,NY,1
11765,NY,NY,1
11766,NY,NY,1
11767,NY,NY,1
11768,NY,NY,1
11769,NY,NY,1
11770,NY,NY,1
11771,NY,NY,1
11772,NY,NY,1
11776,NY,NY,1
11777,NY,NY,1
11778,NY,NY,1
11779,NY,NY,1
11780,NY,NY,1
11782,NY,NY,1
11783,NY,NY,1
11784,NY,NY,1
11786,NY,NY,1
11787,NY,NY,1
11788,NY,NY,1
11789,NY,NY,1
11790,NY,NY,1
11791,NY,NY,1
11792,NY,NY,1
11793,NY,NY,1
11794,NY,NY,1
11795,NY,NY,1
11796,NY,NY,1
11797,NY,NY,1
11798,NY,NY,1
11801,NY,NY,1
11803,NY,NY,1
11804,NY,NY,1
11901,NY,NY,1
11930,NY,NY,1
11931,NY,NY,1
11932,NY,NY,1
11933,NY,NY,1
11934,NY,NY,1
11935,NY,NY,1
11937,NY,NY,1
11939,NY,NY,1
11940,NY,NY,1
11941,NY,NY,1
11942,NY,NY,1
11944,NY,NY,1
11946,NY,NY,1
11947,NY,NY,1
11948,NY,NY,1
11949,NY,NY,1
11950,NY,NY,1
11951,NY,NY,1
11952,NY,NY,1
11953,NY,NY,1
11954,NY,NY,1
11955,NY,NY,1
11956,NY,NY,1
11957,NY,NY,1
11958,NY,NY,1
11959,NY,NY,1
11960,NY,NY,1
11961,NY,NY,1
11962,NY,NY,1
11963,NY,NY,1
11964,NY,NY,1
11965,NY,NY,1
11967,NY,NY,1
11968,NY,NY,1
11970,NY,NY,1
11971,NY,NY,1
11972,NY,NY,1
11973,NY,NY,1
11975,NY,NY,1
11976,NY,NY,1
11977,NY,NY,1
11978,NY,NY,1
11980,NY,NY,1
12007,NY,NY,1
12008,NY,NY,1
12009,NY,NY,1
12010,NY,NY,1
12015,NY,NY,1
12017,NY,NY,1
12018,NY,NY,1
12019,NY,NY,1
12020,NY,NY,1
12022,NY,NY,1
12023,NY,NY,1
12024,NY,NY,1
12025,NY,NY,1
12027,NY,NY,1
12028,NY,NY,1
12029,NY,NY,1
12031,NY,NY,1
12032,NY,NY,1
12033,NY,NY,1
12035,NY,NY,1
12036,NY,NY,1
12037,NY,NY,1
12040,NY,NY,1
12041,NY,NY,1
12042,NY,NY,1
12043,NY,NY,1
12045,NY,NY,1
12046,NY,NY,1
12047,NY,NY,1
12051,NY,NY,1
12052,NY,NY,1
12053,NY,NY,1
12054,NY,NY,1
12056,NY,NY,1
12057,NY,NY,1
12058,NY,NY,1
12059,NY,NY,1
12060,NY,NY,1
12061,NY,NY,1
12062,NY,NY,1
12063,NY,NY,1
12064,NY,NY,1
12065,NY,NY,1
12066,NY,NY,1
12067,NY,NY,1
12068,NY,NY,1
12069,NY,NY,1
12070,NY,NY,1
12071,NY,NY,1
12072,NY,NY,1
12074,NY,NY,1
12075,NY,NY,1
12076,NY,NY,1
12077,NY,NY,1
12078,NY,NY,1
12082,NY,NY,1
12083,NY,NY,1
12084,NY,NY,1
12085,NY,NY,1
12086,NY,NY,1
12087,NY,NY,1
12090,NY,NY,1
12092,NY,NY,1
12093,NY,NY,1
12094,NY,NY,1
12095,NY,NY,1
12106,NY,NY,1
12108,NY,NY,1
12110,NY,NY,1
12115,NY,NY,1
12116,NY,NY,1
12117,NY,NY,1
12118,NY,NY,1
12120,NY,NY,1
12121,NY,NY,1
12122,NY,NY,1
12123,NY,NY,1
12124,NY,NY,1
12125,NY,NY,1
12130,NY,NY,1
12131,NY,NY,1
12132,NY,NY,1
12134,NY,NY,1
12136,NY,NY,1
12137,NY,NY,1
12138,NY,NY,1
12139,NY,NY,1
12140,NY,NY,1
12143,NY,NY,1
12144,NY,NY,1
12147,NY,NY,1
12148,NY,NY,1
12149,NY,NY,1
12150,NY,NY,1
12151,NY,NY,1
12153,NY,NY,1
12154,NY,NY,1
12155,NY,NY,1
12156,NY,NY,1
12157,NY,NY,1
12158,NY,NY,1
12159,NY,NY,1
12160,NY,NY,1
12161,NY,NY,1
12164,NY,NY,1
12165,NY,NY,1
12166,NY,NY,1
12167,NY,NY,1
12168,NY,NY,1
12169,NY,NY,1
12170,NY,NY,1
12172,NY,NY,1
12173,NY,NY,1
12174,NY,NY,1
12175,NY,NY,1
12176,NY,NY,1
12177,NY,NY,1
12180,NY,NY,1
12182,NY,NY,1
12183,NY,NY,1
12184,NY,NY,1
12185,NY,NY,1
12186,NY,NY,1
12187,NY,NY,1
12188,NY,NY,1
12189,NY,NY,1
12190,NY,NY,1
12192,NY,NY,1
12193,NY,NY,1
12194,NY,NY,1
12195,NY,NY,1
12196,NY,NY,1
12197,NY,NY,1
12198,NY,NY,1
12202,NY,NY,1
12203,NY,NY,1
12204,NY,NY,1
12205,NY,NY,1
12206,NY,NY,1
12207,NY,NY,1
12208,NY,NY,1
12209,NY,NY,1
12210,NY,NY,1
12211,NY,NY,1
12222,NY,NY,1
12226,NY,NY,1
12302,NY,NY,1
12303,NY,NY,1
12304,NY,NY,1
12305,NY,NY,1
12306,NY,NY,1
12307,NY,NY,1
12308,NY,NY,1
12309,NY,NY,1
12401,NY,NY,1
12404,NY,NY,1
12405,NY,NY,1
12406,NY,NY,1
12407,NY,NY,1
12409,NY,NY,1
12410,NY,NY,1
12411,NY,NY,1
12412,NY,NY,1
12413,NY,NY,1
12414,NY,NY,1
12416,NY,NY,1
12417,NY,NY,1
12418,NY,NY,1
12419,NY,NY,1
12420,NY,NY,1
12421,NY,NY,1
12422,NY,NY,1
12423,NY,NY,1
12424,NY,NY,1
12427,NY,NY,1
12428,NY,NY,1
12429,NY,NY,1
12430,NY,NY,1
12431,NY,NY,1
12432,NY,NY,1
12433,NY,NY,1
12434,NY,NY,1
12435,NY,NY,1
12436,NY,NY,1
12438,NY,NY,1
12439,NY,NY,1
12440,NY,NY,1
12441,NY,NY,1
12442,NY,NY,1
12443,NY,NY,1
12444,NY,NY,1
12446,NY,NY,1
12448,NY,NY,1
12449,NY,NY,1
12450,NY,NY,1
12451,NY,NY,1
12452,NY,NY,1
12453,NY,NY,1
12454,NY,NY,1
12455,NY,NY,1
12456,NY,NY,1
12457,NY,NY,1
12458,NY,NY,1
12459,NY,NY,1
12460,NY,NY,1
12461,NY,NY,1
12463,NY,NY,1
12464,NY,NY,1
12465,NY,NY,1
12466,NY,NY,1
12468,NY,NY,1
12469,NY,NY,1
12470,NY,NY,1
12471,NY,NY,1
12472,NY,NY,1
12473,NY,NY,1
12474,NY,NY,1
12475,NY,NY,1
12477,NY,NY,1
12480,NY,NY,1
12481,NY,NY,1
12482,NY,NY,1
12483,NY,NY,1
12484,NY,NY,1
12485,NY,NY,1
12486,NY,NY,1
12487,NY,NY,1
12489,NY,NY,1
12490,NY,NY,1
12491,NY,NY,1
12492,NY,NY,1
12493,NY,NY,1
12494,NY,NY,1
12495,NY,NY,1
12496,NY,NY,1
12498,NY,NY,1
12501,NY,NY,1
12502,NY,NY,1
12503,NY,NY,1
12504,NY,NY,1
12507,NY,NY,1
12508,NY,NY,1
12512,NY,NY,1
12513,NY,NY,1
12514,NY,NY,1
12515,NY,NY,1
12516,NY,NY,1
12517,NY,NY,1
12518,NY,NY,1
12520,NY,NY,1
12521,NY,NY,1
12522,NY,NY,1
12523,NY,NY,1
12524,NY,NY,1
12525,NY,NY,1
12526,NY,NY,1
12527,NY,NY,1
12528,NY,NY,1
12529,NY,NY,1
12530,NY,NY,1
12531,NY,NY,1
12533,NY,NY,1
12534,NY,NY,1
12538,NY,NY,1
12540,NY,NY,1
12542,NY,NY,1
12543,NY,NY,1
12544,NY,NY,1
12545,NY,NY,1
12546,NY,NY,1
12547,NY,NY,1
12548,NY,NY,1
12549,NY,NY,1
12550,NY,NY,1
12553,NY,NY,1
12561,NY,NY,1
12563,NY,NY,1
12564,NY,NY,1
12565,NY,NY,1
12566,NY,NY,1
12567,NY,NY,1
12569,NY,NY,1
12570,NY,NY,1
12571,NY,NY,1
12572,NY,NY,1
12574,NY,NY,1
12575,NY,NY,1
12577,NY,NY,1
12578,NY,NY,1
12580,NY,NY,1
12581,NY,NY,1
12582,NY,NY,1
12583,NY,NY,1
12585,NY,NY,1
12586,NY,NY,1
12589,NY,NY,1
12590,NY,NY,1
12592,NY,NY,1
12594,NY,NY,1
12601,NY,NY,1
12603,NY,NY,1
12604,NY,NY,1
12701,NY,NY,1
12719,NY,NY,1
12720,NY,NY,1
12721,NY,NY,1
12722,NY,NY,1
12723,NY,NY,1
12724,NY,NY,1
12725,NY,NY,1
12726,NY,NY,1
12729,NY,NY,1
12732,NY,NY,1
12733,NY,NY,1
12734,NY,NY,1
12736,NY,NY,1
12737,NY,NY,1
12738,NY,NY,1
12740,NY,NY,1
12741,NY,NY,1
12742,NY,NY,1
12743,NY,NY,1
12745,NY,NY,1
12746,NY,NY,1
12747,NY,NY,1
12748,NY,NY,1
12749,NY,NY,1
12750,NY,NY,1
12751,NY,NY,1
12752,NY,NY,1
12754,NY,NY,1
12758,NY,NY,1
12759,NY,NY,1
12760,NY,NY,1
12762,NY,NY,1
12763,NY,NY,1
12764,NY,NY,1
12765,NY,NY,1
12766,NY,NY,1
12767,NY,NY,1
12768,NY,NY,1
12769,NY,NY,1
12770,NY,NY,1
12771,NY,NY,1
12775,NY,NY,1
12776,NY,NY,1
12777,NY,NY,1
12778,NY,NY,1
12779,NY,NY,1
12780,NY,NY,1
12781,NY,NY,1
12783,NY,NY,1
12784,NY,NY,1
12785,NY,NY,1
12786,NY,NY,1
12787,NY,NY,1
12788,NY,NY,1
12789,NY,NY,1
12790,NY,NY,1
12791,NY,NY,1
12792,NY,NY,1
12801,NY,NY,1
12803,NY,NY,1
12804,NY,NY,1
12808,NY,NY,1
12809,NY,NY,1
12810,NY,NY,1
12811,NY,NY,1
12812,NY,NY,1
12814,NY,NY,1
12815,NY,NY,1
12816,NY,NY,1
12817,NY,NY,1
12819,NY,NY,1
12820,NY,NY,1
12821,NY,NY,1
12822,NY,NY,1
12823,NY,NY,1
12824,NY,NY,1
12827,NY,NY,1
12828,NY,NY,1
12831,NY,NY,1
12832,NY,NY,1
12833,NY,NY,1
12834,NY,NY,1
12835,NY,NY,1
12836,NY,NY,1
12837,NY,NY,1
12838,NY,NY,1
12839,NY,NY,1
12841,NY,NY,1
12842,NY,NY,1
12843,NY,NY,1
12844,NY,NY,1
12845,NY,NY,1
12846,NY,NY,1
12847,NY,NY,1
12849,NY,NY,1
12850,NY,NY,1
12851,NY,NY,1
12852,NY,NY,1
12853,NY,NY,1
12854,NY,NY,1
12855,NY,NY,1
12856,NY,NY,1
12857,NY,NY,1
12858,NY,NY,1
12859,NY,NY,1
12860,NY,NY,1
12861,NY,NY,1
12862,NY,NY,1
12863,NY,NY,1
12864,NY,NY,1
12865,NY,NY,1
12866,NY,NY,1
12870,NY,NY,1
12871,NY,NY,1
12872,NY,NY,1
12873,NY,NY,1
12874,NY,NY,1
12878,NY,NY,1
12883,NY,NY,1
12884,NY,NY,1
12885,NY,NY,1
12886,NY,NY,1
12887,NY,NY,1
12901,NY,NY,1
12903,NY,NY,1
12910,NY,NY,1
12911,NY,NY,1
12912,NY,NY,1
12913,NY,NY,1
12914,NY,NY,1
12915,NY,NY,1
12916,NY,NY,1
12917,NY,NY,1
12918,NY,NY,1
12919,NY,NY,1
12920,NY,NY,1
12921,NY,NY,1
12922,NY,NY,1
12923,NY,NY,1
12924,NY,NY,1
12926,NY,NY,1
12927,NY,NY,1
12928,NY,NY,1
12929,NY,NY,1
12930,NY,NY,1
12932,NY,NY,1
12933,NY,NY,1
12934,NY,NY,1
12935,NY,NY,1
12936,NY,NY,1
12937,NY,NY,1
12939,NY,NY,1
12941,NY,NY,1
12942,NY,NY,1
12943,NY,NY,1
12944,NY,NY,1
12945,NY,NY,1
12946,NY,NY,1
12950,NY,NY,1
12952,NY,NY,1
12953,NY,NY,1
12955,NY,NY,1
12956,NY,NY,1
12957,NY,NY,1
12958,NY,NY,1
12959,NY,NY,1
12960,NY,NY,1
12961,NY,NY,1
12962,NY,NY,1
12964,NY,NY,1
12965,NY,NY,1
12966,NY,NY,1
12967,NY,NY,1
12969,NY,NY,1
12970,NY,NY,1
12972,NY,NY,1
12973,NY,NY,1
12974,NY,NY,1
12975,NY,NY,1
12976,NY,NY,1
12977,NY,NY,1
12978,NY,NY,1
12979,NY,NY,1
12980,NY,NY,1
12981,NY,NY,1
12983,NY,NY,1
12985,NY,NY,1
12986,NY,NY,1
12987,NY,NY,1
12989,NY,NY,1
12992,NY,NY,1
12993,NY,NY,1
12996,NY,NY,1
12997,NY,NY,1
12998,NY,NY,1
13020,NY,NY,1
13021,NY,NY,1
13024,NY,NY,1
13026,NY,NY,1
13027,NY,NY,1
13028,NY,NY,1
13029,NY,NY,1
13030,NY,NY,1
13031,NY,NY,1
13032,NY,NY,1
13033,NY,NY,1
13034,NY,NY,1
13035,NY,NY,1
13036,NY,NY,1
13037,NY,NY,1
13039,NY,NY,1
13040,NY,NY,1
13041,NY,NY,1
13042,NY,NY,1
13044,NY,NY,1
13045,NY,NY,1
13051,NY,NY,1
13052,NY,NY,1
13053,NY,NY,1
13054,NY,NY,1
13057,NY,NY,1
13060,NY,NY,1
13061,NY,NY,1
13062,NY,NY,1
13063,NY,NY,1
13065,NY,NY,1
13066,NY,NY,1
13068,NY,NY,1
13069,NY,NY,1
13071,NY,NY,1
13072,NY,NY,1
13073,NY,NY,1
13074,NY,NY,1
13076,NY,NY,1
13077,NY,NY,1
13078,NY,NY,1
13080,NY,NY,1
13081,NY,NY,1
13082,NY,NY,1
13083,NY,NY,1
13084,NY,NY,1
13087,NY,NY,1
13088,NY,NY,1
13090,NY,NY,1
13092,NY,NY,1
13101,NY,NY,1
13102,NY,NY,1
13103,NY,NY,1
13104,NY,NY,1
13108,NY,NY,1
13110,NY,NY,1
13111,NY,NY,1
13112,NY,NY,1
13113,NY,NY,1
13114,NY,NY,1
13115,NY,NY,1
13116,NY,NY,1
13117,NY,NY,1
13118,NY,NY,1
13119,NY,NY,1
13120,NY,NY,1
13121,NY,NY,1
13122,NY,NY,1
13123,NY,NY,1
13124,NY,NY,1
13126,NY,NY,1
13131,NY,NY,1
13132,NY,NY,1
13134,NY,NY,1
13135,NY,NY,1
13136,NY,NY,1
13138,NY,NY,1
13140,NY,NY,1
13141,NY,NY,1
13142,NY,NY,1
13143,NY,NY,1
13144,NY,NY,1
13145,NY,NY,1
13146,NY,NY,1
13147,NY,NY,1
13148,NY,NY,1
13152,NY,NY,1
13153,NY,NY,1
13154,NY,NY,1
13155,NY,NY,1
13156,NY,NY,1
13157,NY,NY,1
13158,NY,NY,1
13159,NY,NY,1
13160,NY,NY,1
13162,NY,NY,1
13163,NY,NY,1
13164,NY,NY,1
13165,NY,NY,1
13166,NY,NY,1
13167,NY,NY,1
13202,NY,NY,1
13203,NY,NY,1
13204,NY,NY,1
13205,NY,NY,1
13206,NY,NY,1
13207,NY,NY,1
13208,NY,NY,1
13209,NY,NY,1
13210,NY,NY,1
13211,NY,NY,1
13212,NY,NY,1
13214,NY,NY,1
13215,NY,NY,1
13219,NY,NY,1
13224,NY,NY,1
13244,NY,NY,1
13290,NY,NY,1
13301,NY,NY,1
13302,NY,NY,1
13303,NY,NY,1
13304,NY,NY,1
13305,NY,NY,1
13308,NY,NY,1
13309,NY,NY,1
13310,NY,NY,1
13312,NY,NY,1
13313,NY,NY,1
13314,NY,NY,1
13315,NY,NY,1
13316,NY,NY,1
13317,NY,NY,1
13318,NY,NY,1
13319,NY,NY,1
13320,NY,NY,1
13321,NY,NY,1
13322,NY,NY,1
13323,NY,NY,1
13324,NY,NY,1
13325,NY,NY,1
13326,NY,NY,1
13327,NY,NY,1
13328,NY,NY,1
13329,NY,NY,1
13331,NY,NY,1
13332,NY,NY,1
13333,NY,NY,1
13334,NY,NY,1
13335,NY,NY,1
13337,NY,NY,1
13338,NY,NY,1
13339,NY,NY,1
13340,NY,NY,1
13342,NY,NY,1
13343,NY,NY,1
13345,NY,NY,1
13346,NY,NY,1
13348,NY,NY,1
13350,NY,NY,1
13352,NY,NY,1
13353,NY,NY,1
13354,NY,NY,1
13355,NY,NY,1
13357,NY,NY,1
13360,NY,NY,1
13361,NY,NY,1
13363,NY,NY,1
13364,NY,NY,1
13365,NY,NY,1
13367,NY,NY,1
13368,NY,NY,1
13402,NY,NY,1
13403,NY,NY,1
13404,NY,NY,1
13406,NY,NY,1
13407,NY,NY,1
13408,NY,NY,1
13409,NY,NY,1
13410,NY,NY,1
13411,NY,NY,1
13413,NY,NY,1
13415,NY,NY,1
13416,NY,NY,1
13417,NY,NY,1
13418,NY,NY,1
13420,NY,NY,1
13421,NY,NY,1
13424,NY,NY,1
13425,NY,NY,1
13428,NY,NY,1
13431,NY,NY,1
13433,NY,NY,1
13435,NY,NY,1
13436,NY,NY,1
13437,NY,NY,1
13438,NY,NY,1
13439,NY,NY,1
13440,NY,NY,1
13441,NY,NY,1
13450,NY,NY,1
13452,NY,NY,1
13454,NY,NY,1
13455,NY,NY,1
13456,NY,NY,1
13457,NY,NY,1
13459,NY,NY,1
13460,NY,NY,1
13461,NY,NY,1
13464,NY,NY,1
13468,NY,NY,1
13469,NY,NY,1
13470,NY,NY,1
13471,NY,NY,1
13472,NY,NY,1
13473,NY,NY,1
13475,NY,NY,1
13476,NY,NY,1
13477,NY,NY,1
13478,NY,NY,1
13480,NY,NY,1
13482,NY,NY,1
13483,NY,NY,1
13484,NY,NY,1
13485,NY,NY,1
13486,NY,NY,1
13488,NY,NY,1
13489,NY,NY,1
13490,NY,NY,1
13491,NY,NY,1
13492,NY,NY,1
13493,NY,NY,1
13494,NY,NY,1
13495,NY,NY,1
13501,NY,NY,1
13502,NY,NY,1
13601,NY,NY,1
13602,NY,NY,1
13603,NY,NY,1
13605,NY,NY,1
13606,NY,NY,1
13607,NY,NY,1
13608,NY,NY,1
13611,NY,NY,1
13612,NY,NY,1
13613,NY,NY,1
13614,NY,NY,1
13615,NY,NY,1
13616,NY,NY,1
13617,NY,NY,1
13618,NY,NY,1
13619,NY,NY,1
13620,NY,NY,1
13621,NY,NY,1
13622,NY,NY,1
13623,NY,NY,1
13624,NY,NY,1
13625,NY,NY,1
13626,NY,NY,1
13628,NY,NY,1
13630,NY,NY,1
13632,NY,NY,1
13633,NY,NY,1
13634,NY,NY,1
13635,NY,NY,1
13636,NY,NY,1
13637,NY,NY,1
13638,NY,NY,1
13639,NY,NY,1
13640,NY,NY,1
13641,NY,NY,1
13642,NY,NY,1
13643,NY,NY,1
13645,NY,NY,1
13646,NY,NY,1
13647,NY,NY,1
13648,NY,NY,1
13649,NY,NY,1
13650,NY,NY,1
13651,NY,NY,1
13652,NY,NY,1
13654,NY,NY,1
13655,NY,NY,1
13656,NY,NY,1
13658,NY,NY,1
13659,NY,NY,1
13660,NY,NY,1
13661,NY,NY,1
13662,NY,NY,1
13664,NY,NY,1
13665,NY,NY,1
13666,NY,NY,1
13667,NY,NY,1
13668,NY,NY,1
13669,NY,NY,1
13670,NY,NY,1
13672,NY,NY,1
13673,NY,NY,1
13674,NY,NY,1
13675,NY,NY,1
13676,NY,NY,1
13678,NY,NY,1
13679,NY,NY,1
13680,NY,NY,1
13681,NY,NY,1
13682,NY,NY,1
13683,NY,NY,1
13684,NY,NY,1
13685,NY,NY,1
13687,NY,NY,1
13690,NY,NY,1
13691,NY,NY,1
13692,NY,NY,1
13693,NY,NY,1
13694,NY,NY,1
13695,NY,NY,1
13696,NY,NY,1
13697,NY,NY,1
13699,NY,NY,1
13730,NY,NY,1
13731,NY,NY,1
13732,NY,NY,1
13733,NY,NY,1
13734,NY,NY,1
13736,NY,NY,1
13738,NY,NY,1
13739,NY,NY,1
13740,NY,NY,1
13743,NY,NY,1
13744,NY,NY,1
13746,NY,NY,1
13747,NY,NY,1
13748,NY,NY,1
13750,NY,NY,1
13751,NY,NY,1
13752,NY,NY,1
13753,NY,NY,1
13754,NY,NY,1
13755,NY,NY,1
13756,NY,NY,1
13757,NY,NY,1
13760,NY,NY,1
13774,NY,NY,1
13775,NY,NY,1
13776,NY,NY,1
13777,NY,NY,1
13778,NY,NY,1
13780,NY,NY,1
13782,NY,NY,1
13783,NY,NY,1
13784,NY,NY,1
13786,NY,NY,1
13787,NY,NY,1
13788,NY,NY,1
13790,NY,NY,1
13795,NY,NY,1
13796,NY,NY,1
13797,NY,NY,1
13801,NY,NY,1
13802,NY,NY,1
13803,NY,NY,1
13804,NY,NY,1
13806,NY,NY,1
13807,NY,NY,1
13808,NY,NY,1
13809,NY,NY,1
13810,NY,NY,1
13811,NY,NY,1
13812,NY,NY,1
13813,NY,NY,1
13814,NY,NY,1
13815,NY,NY,1
13820,NY,NY,1
13825,NY,NY,1
13826,NY,NY,1
13827,NY,NY,1
13830,NY,NY,1
13832,NY,NY,1
13833,NY,NY,1
13834,NY,NY,1
13835,NY,NY,1
13838,NY,NY,1
13839,NY,NY,1
13841,NY,NY,1
13842,NY,NY,1
13843,NY,NY,1
13844,NY,NY,1
13846,NY,NY,1
13847,NY,NY,1
13849,NY,NY,1
13850,NY,NY,1
13856,NY,NY,1
13859,NY,NY,1
13860,NY,NY,1
13861,NY,NY,1
13862,NY,NY,1
13863,NY,NY,1
13864,NY,NY,1
13865,NY,NY,1
13901,NY,NY,1
13902,NY,NY,1
13903,NY,NY,1
13904,NY,NY,1
13905,NY,NY,1
14001,NY,NY,1
14004,NY,NY,1
14005,NY,NY,1
14006,NY,NY,1
14008,NY,NY,1
14009,NY,NY,1
14011,NY,NY,1
14012,NY,NY,1
14013,NY,NY,1
14020,NY,NY,1
14024,NY,NY,1
14025,NY,NY,1
14026,NY,NY,1
14027,NY,NY,1
14028,NY,NY,1
14029,NY,NY,1
14030,NY,NY,1
14031,NY,NY,1
14032,NY,NY,1
14033,NY,NY,1
14034,NY,NY,1
14035,NY,NY,1
14036,NY,NY,1
14037,NY,NY,1
14039,NY,NY,1
14040,NY,NY,1
14041,NY,NY,1
14042,NY,NY,1
14043,NY,NY,1
14047,NY,NY,1
14048,NY,NY,1
14051,NY,NY,1
14052,NY,NY,1
14054,NY,NY,1
14055,NY,NY,1
14056,NY,NY,1
14057,NY,NY,1
14058,NY,NY,1
14059,NY,NY,1
14060,NY,NY,1
14061,NY,NY,1
14062,NY,NY,1
14063,NY,NY,1
14065,NY,NY,1
14066,NY,NY,1
14067,NY,NY,1
14068,NY,NY,1
14069,NY,NY,1
14070,NY,NY,1
14072,NY,NY,1
14075,NY,NY,1
14080,NY,NY,1
14081,NY,NY,1
14082,NY,NY,1
14083,NY,NY,1
14085,NY,NY,1
14086,NY,NY,1
14091,NY,NY,1
14092,NY,NY,1
14094,NY,NY,1
14098,NY,NY,1
14101,NY,NY,1
14102,NY,NY,1
14103,NY,NY,1
14105,NY,NY,1
14108,NY,NY,1
14109,NY,NY,1
14111,NY,NY,1
14112,NY,NY,1
14113,NY,NY,1
14120,NY,NY,1
14125,NY,NY,1
14126,NY,NY,1
14127,NY,NY,1
14129,NY,NY,1
14130,NY,NY,1
14131,NY,NY,1
14132,NY,NY,1
14134,NY,NY,1
14135,NY,NY,1
14136,NY,NY,1
14138,NY,NY,1
14139,NY,NY,1
14141,NY,NY,1
14143,NY,NY,1
14145,NY,NY,1
14150,NY,NY,1
14166,NY,NY,1
14167,NY,NY,1
14168,NY,NY,1
14169,NY,NY,1
14170,NY,NY,1
14171,NY,NY,1
14172,NY,NY,1
14173,NY,NY,1
14174,NY,NY,1
14201,NY,NY,1
14202,NY,NY,1
14203,NY,NY,1
14204,NY,NY,1
14206,NY,NY,1
14207,NY,NY,1
14208,NY,NY,1
14209,NY,NY,1
14210,NY,NY,1
14211,NY,NY,1
14212,NY,NY,1
14213,NY,NY,1
14214,NY,NY,1
14215,NY,NY,1
14216,NY,NY,1
14217,NY,NY,1
14218,NY,NY,1
14219,NY,NY,1
14220,NY,NY,1
14221,NY,NY,1
14222,NY,NY,1
14223,NY,NY,1
14224,NY,NY,1
14225,NY,NY,1
14226,NY,NY,1
14227,NY,NY,1
14228,NY,NY,1
14260,NY,NY,1
14261,NY,NY,1
14301,NY,NY,1
14302,NY,NY,1
14303,NY,NY,1
14304,NY,NY,1
14305,NY,NY,1
14411,NY,NY,1
14413,NY,NY,1
14414,NY,NY,1
14415,NY,NY,1
14416,NY,NY,1
14418,NY,NY,1
14420,NY,NY,1
14422,NY,NY,1
14423,NY,NY,1
14424,NY,NY,1
14425,NY,NY,1
14427,NY,NY,1
14428,NY,NY,1
14432,NY,NY,1
14433,NY,NY,1
14435,NY,NY,1
14437,NY,NY,1
14441,NY,NY,1
14445,NY,NY,1
14450,NY,NY,1
14453,NY,NY,1
14454,NY,NY,1
14456,NY,NY,1
14462,NY,NY,1
14463,NY,NY,1
14464,NY,NY,1
14466,NY,NY,1
14467,NY,NY,1
14468,NY,NY,1
14469,NY,NY,1
14470,NY,NY,1
14471,NY,NY,1
14472,NY,NY,1
14475,NY,NY,1
14476,NY,NY,1
14477,NY,NY,1
14478,NY,NY,1
14479,NY,NY,1
14480,NY,NY,1
14481,NY,NY,1
14482,NY,NY,1
14485,NY,NY,1
14486,NY,NY,1
14487,NY,NY,1
14489,NY,NY,1
14502,NY,NY,1
14504,NY,NY,1
14505,NY,NY,1
14506,NY,NY,1
14507,NY,NY,1
14510,NY,NY,1
14511,NY,NY,1
14512,NY,NY,1
14513,NY,NY,1
14514,NY,NY,1
14515,NY,NY,1
14516,NY,NY,1
14517,NY,NY,1
14519,NY,NY,1
14521,NY,NY,1
14522,NY,NY,1
14525,NY,NY,1
14526,NY,NY,1
14527,NY,NY,1
14529,NY,NY,1
14530,NY,NY,1
14532,NY,NY,1
14533,NY,NY,1
14534,NY,NY,1
14536,NY,NY,1
14537,NY,NY,1
14539,NY,NY,1
14541,NY,NY,1
14542,NY,NY,1
14543,NY,NY,1
14544,NY,NY,1
14545,NY,NY,1
14546,NY,NY,1
14548,NY,NY,1
14549,NY,NY,1
14550,NY,NY,1
14551,NY,NY,1
14555,NY,NY,1
14556,NY,NY,1
14557,NY,NY,1
14559,NY,NY,1
14560,NY,NY,1
14561,NY,NY,1
14564,NY,NY,1
14568,NY,NY,1
14569,NY,NY,1
14571,NY,NY,1
14572,NY,NY,1
14580,NY,NY,1
14585,NY,NY,1
14586,NY,NY,1
14588,NY,NY,1
14589,NY,NY,1
14590,NY,NY,1
14591,NY,NY,1
14592,NY,NY,1
14604,NY,NY,1
14605,NY,NY,1
14606,NY,NY,1
14607,NY,NY,1
14608,NY,NY,1
14609,NY,NY,1
14610,NY,NY,1
14611,NY,NY,1
14612,NY,NY,1
14613,NY,NY,1
14614,NY,NY,1
14615,NY,NY,1
14616,NY,NY,1
14617,NY,NY,1
14618,NY,NY,1
14619,NY,NY,1
14620,NY,NY,1
14621,NY,NY,1
14622,NY,NY,1
14623,NY,NY,1
14624,NY,NY,1
14625,NY,NY,1
14626,NY,NY,1
14627,NY,NY,1
14642,NY,NY,1
14701,NY,NY,1
14706,NY,NY,1
14707,NY,NY,1
14708,NY,NY,1
14709,NY,NY,1
14710,NY,NY,1
14711,NY,NY,1
14712,NY,NY,1
14714,NY,NY,1
14715,NY,NY,1
14716,NY,NY,1
14717,NY,NY,1
14718,NY,NY,1
14719,NY,NY,1
14720,NY,NY,1
14721,NY,NY,1
14722,NY,NY,1
14723,NY,NY,1
14724,NY,NY,1
14726,NY,NY,1
14727,NY,NY,1
14728,NY,NY,1
14729,NY,NY,1
14731,NY,NY,1
14732,NY,NY,1
14733,NY,NY,1
14735,NY,NY,1
14736,NY,NY,1
14737,NY,NY,1
14738,NY,NY,1
14739,NY,NY,1
14740,NY,NY,1
14741,NY,NY,1
14742,NY,NY,1
14743,NY,NY,1
14744,NY,NY,1
14747,NY,NY,1
14748,NY,NY,1
14750,NY,NY,1
14752,NY,NY,1
14753,NY,NY,1
14754,NY,NY,1
14755,NY,NY,1
14756,NY,NY,1
14757,NY,NY,1
14760,NY,NY,1
14767,NY,NY,1
14769,NY,NY,1
14770,NY,NY,1
14772,NY,NY,1
14774,NY,NY,1
14775,NY,NY,1
14777,NY,NY,1
14778,NY,NY,1
14779,NY,NY,1
14781,NY,NY,1
14782,NY,NY,1
14783,NY,NY,1
14784,NY,NY,1
14785,NY,NY,1
14787,NY,NY,1
14788,NY,NY,1
14801,NY,NY,1
14802,NY,NY,1
14803,NY,NY,1
14804,NY,NY,1
14805,NY,NY,1
14806,NY,NY,1
14807,NY,NY,1
14808,NY,NY,1
14809,NY,NY,1
14810,NY,NY,1
14812,NY,NY,1
14813,NY,NY,1
14814,NY,NY,1
14815,NY,NY,1
14816,NY,NY,1
14817,NY,NY,1
14818,NY,NY,1
14819,NY,NY,1
14820,NY,NY,1
14821,NY,NY,1
14822,NY,NY,1
14823,NY,NY,1
14824,NY,NY,1
14825,NY,NY,1
14826,NY,NY,1
14827,NY,NY,1
14830,NY,NY,1
14836,NY,NY,1
14837,NY,NY,1
14838,NY,NY,1
14839,NY,NY,1
14840,NY,NY,1
14841,NY,NY,1
14842,NY,NY,1
14843,NY,NY,1
14845,NY,NY,1
14846,NY,NY,1
14847,NY,NY,1
14850,NY,NY,1
14853,NY,NY,1
14854,NY,NY,1
14855,NY,NY,1
14856,NY,NY,1
14858,NY,NY,1
14859,NY,NY,1
14860,NY,NY,1
14861,NY,NY,1
14864,NY,NY,1
14865,NY,NY,1
14867,NY,NY,1
14869,NY,NY,1
14870,NY,NY,1
14871,NY,NY,1
14872,NY,NY,1
14873,NY,NY,1
14874,NY,NY,1
14877,NY,NY,1
14878,NY,NY,1
14879,NY,NY,1
14880,NY,NY,1
14881,NY,NY,1
14882,NY,NY,1
14883,NY,NY,1
14884,NY,NY,1
14885,NY,NY,1
14886,NY,NY,1
14889,NY,NY,1
14891,NY,NY,1
14892,NY,NY,1
14893,NY,NY,1
14894,NY,NY,1
14895,NY,NY,1
14897,NY,NY,1
14898,NY,NY,1
14901,NY,NY,1
14903,NY,NY,1
14904,NY,NY,1
14905,NY,NY,1
15001,PA,PA,1
15003,PA,PA,1
15004,PA,PA,1
15005,PA,PA,1
15006,PA,PA,1
15007,PA,PA,1
15009,PA,PA,1
15010,PA,PA,1
15012,PA,PA,1
15014,PA,PA,1
15015,PA,PA,1
15017,PA,PA,1
15018,PA,PA,1
15019,PA,PA,1
15020,PA,PA,1
15021,PA,PA,1
15022,PA,PA,1
15024,PA,PA,1
15025,PA,PA,1
15026,PA,PA,1
15027,PA,PA,1
15028,PA,PA,1
15030,PA,PA,1
15031,PA,PA,1
15033,PA,PA,1
15034,PA,PA,1
15035,PA,PA,1
15037,PA,PA,1
15038,PA,PA,1
15042,PA,PA,1
15043,PA,PA,1
15044,PA,PA,1
15045,PA,PA,1
15046,PA,PA,1
15047,PA,PA,1
15049,PA,PA,1
15050,PA,PA,1
15051,PA,PA,1
15052,PA,PA,1
15053,PA,PA,1
15054,PA,PA,1
15055,PA,PA,1
15056,PA,PA,1
15057,PA,PA,1
15059,PA,PA,1
15060,PA,PA,1
15061,PA,PA,1
15062,PA,PA,1
15063,PA,PA,1
15064,PA,PA,1
15065,PA,PA,1
15066,PA,PA,1
15067,PA,PA,1
15068,PA,PA,1
15071,PA,PA,1
15072,PA,PA,1
15074,PA,PA,1
15075,PA,PA,1
15076,PA,PA,1
15077,PA,PA,1
15078,PA,PA,1
15081,PA,PA,1
15082,PA,PA,1
15083,PA,PA,1
15084,PA,PA,1
15085,PA,PA,1
15086,PA,PA,1
15087,PA,PA,1
15088,PA,PA,1
15089,PA,PA,1
15090,PA,PA,1
15101,PA,PA,1
15102,PA,PA,1
15104,PA,PA,1
15106,PA,PA,1
15108,PA,PA,1
15110,PA,PA,1
15112,PA,PA,1
15116,PA,PA,1
15120,PA,PA,1
15122,PA,PA,1
15123,PA,PA,1
15126,PA,PA,1
15129,PA,PA,1
15131,PA,PA,1
15132,PA,PA,1
15133,PA,PA,1
15135,PA,PA,1
15136,PA,PA,1
15137,PA,PA,1
15139,PA,PA,1
15140,PA,PA,1
15142,PA,PA,1
15143,PA,PA,1
15144,PA,PA,1
15145,PA,PA,1
15146,PA,PA,1
15147,PA,PA,1
15148,PA,PA,1
15201,PA,PA,1
15202,PA,PA,1
15203,PA,PA,1
15204,PA,PA,1
15205,PA,PA,1
15206,PA,PA,1
15207,PA,PA,1
15208,PA,PA,1
15209,PA,PA,1
15210,PA,PA,1
15211,PA,PA,1
15212,PA,PA,1
15213,PA,PA,1
15214,PA,PA,1
15215,PA,PA,1
15216,PA,PA,1
15217,PA,PA,1
15218,PA,PA,1
15219,PA,PA,1
15220,PA,PA,1
15221,PA,PA,1
15222,PA,PA,1
15223,PA,PA,1
15224,PA,PA,1
15225,PA,PA,1
15226,PA,PA,1
15227,PA,PA,1
15228,PA,PA,1
15229,PA,PA,1
15232,PA,PA,1
15233,PA,PA,1
15234,PA,PA,1
15235,PA,PA,1
15236,PA,PA,1
15237,PA,PA,1
15238,PA,PA,1
15239,PA,PA,1
15241,PA,PA,1
15243,PA,PA,1
15260,PA,PA,1
15275,PA,PA,1
15282,PA,PA,1
15290,PA,PA,1
15301,PA,PA,1
15310,PA,PA,1
15311,PA,PA,1
15312,PA,PA,1
15313,PA,PA,1
15314,PA,PA,1
15315,PA,PA,1
15316,PA,PA,1
15317,PA,PA,1
15320,PA,PA,1
15321,PA,PA,1
15322,PA,PA,1
15323,PA,PA,1
15324,PA,PA,1
15325,PA,PA,1
15327,PA,PA,1
15329,PA,PA,1
15330,PA,PA,1
15331,PA,PA,1
15332,PA,PA,1
15333,PA,PA,1
15334,PA,PA,1
15337,PA,PA,1
15338,PA,PA,1
15340,PA,PA,1
15341,PA,PA,1
15342,PA,PA,1
15344,PA,PA,1
15345,PA,PA,1
15346,PA,PA,1
15347,PA,PA,1
15348,PA,PA,1
15349,PA,PA,1
15350,PA,PA,1
15351,PA,PA,1
15352,PA,PA,1
15353,PA,PA,1
15357,PA,PA,1
15358,PA,PA,1
15359,PA,PA,1
15360,PA,PA,1
15361,PA,PA,1
15362,PA,PA,1
15363,PA,PA,1
15364,PA,PA,1
15365,PA,PA,1
15366,PA,PA,1
15367,PA,PA,1
15368,PA,PA,1
15370,PA,PA,1
15376,PA,PA,1
15377,PA,PA,1
15378,PA,PA,1
15379,PA,PA,1
15380,PA,PA,1
15401,PA,PA,1
15410,PA,PA,1
15411,PA,PA,1
15412,PA,PA,1
15413,PA,PA,1
15416,PA,PA,1
15417,PA,PA,1
15419,PA,PA,1
15420,PA,PA,1
15421,PA,PA,1
15422,PA,PA,1
15423,PA,PA,1
15424,PA,PA,1
15425,PA,PA,1
15427,PA,PA,1
15428,PA,PA,1
15429,PA,PA,1
15430,PA,PA,1
15431,PA,PA,1
15432,PA,PA,1
15433,PA,PA,1
15434,PA,PA,1
15435,PA,PA,1
15436,PA,PA,1
15437,PA,PA,1
15438,PA,PA,1
15440,PA,PA,1
15442,PA,PA,1
15443,PA,PA,1
15444,PA,PA,1
15445,PA,PA,1
15446,PA,PA,1
15447,PA,PA,1
15448,PA,PA,1
15449,PA,PA,1
15450,PA,PA,1
15451,PA,PA,1
15454,PA,PA,1
15455,PA,PA,1
15456,PA,PA,1
15458,PA,PA,1
15459,PA,PA,1
15460,PA,PA,1
15461,PA,PA,1
15462,PA,PA,1
15463,PA,PA,1
15464,PA,PA,1
15465,PA,PA,1
15466,PA,PA,1
15467,PA,PA,1
15468,PA,PA,1
15469,PA,PA,1
15470,PA,PA,1
15472,PA,PA,1
15473,PA,PA,1
15474,PA,PA,1
15475,PA,PA,1
15476,PA,PA,1
15477,PA,PA,1
15478,PA,PA,1
15479,PA,PA,1
15480,PA,PA,1
15482,PA,PA,1
15483,PA,PA,1
15484,PA,PA,1
15486,PA,PA,1
15488,PA,PA,1
15489,PA,PA,1
15490,PA,PA,1
15492,PA,PA,1
15501,PA,PA,1
15502,PA,PA,1
15510,PA,PA,1
15520,PA,PA,1
15521,PA,PA,1
15522,PA,PA,1
15530,PA,PA,1
15531,PA,PA,1
15532,PA,PA,1
15533,PA,PA,1
15534,PA,PA,1
15535,PA,PA,1
15536,PA,PA,1
15537,PA,PA,1
15538,PA,PA,1
15539,PA,PA,1
15540,PA,PA,1
15541,PA,PA,1
15542,PA,PA,1
15544,PA,PA,1
15545,PA,PA,1
15546,PA,PA,1
15547,PA,PA,1
15550,PA,PA,1
15551,PA,PA,1
15552,PA,PA,1
15554,PA,PA,1
15555,PA,PA,1
15557,PA,PA,1
15558,PA,PA,1
15559,PA,PA,1
15560,PA,PA,1
15561,PA,PA,1
15562,PA,PA,1
15563,PA,PA,1
15564,PA,PA,1
15565,PA,PA,1
15601,PA,PA,1
15610,PA,PA,1
15611,PA,PA,1
15612,PA,PA,1
15613,PA,PA,1
15615,PA,PA,1
15616,PA,PA,1
15617,PA,PA,1
15618,PA,PA,1
15619,PA,PA,1
15620,PA,PA,1
15622,PA,PA,1
15623,PA,PA,1
15624,PA,PA,1
15625,PA,PA,1
15626,PA,PA,1
15627,PA,PA,1
15628,PA,PA,1
15629,PA,PA,1
15631,PA,PA,1
15632,PA,PA,1
15633,PA,PA,1
15634,PA,PA,1
15635,PA,PA,1
15636,PA,PA,1
15637,PA,PA,1
15638,PA,PA,1
15639,PA,PA,1
15640,PA,PA,1
15641,PA,PA,1
15642,PA,PA,1
15644,PA,PA,1
15646,PA,PA,1
15647,PA,PA,1
15650,PA,PA,1
15655,PA,PA,1
15656,PA,PA,1
15658,PA,PA,1
15660,PA,PA,1
15661,PA,PA,1
15662,PA,PA,1
15663,PA,PA,1
15665,PA,PA,1
15666,PA,PA,1
15668,PA,PA,1
15670,PA,PA,1
15671,PA,PA,1
15672,PA,PA,1
15673,PA,PA,1
15674,PA,PA,1
15675,PA,PA,1
15676,PA,PA,1
15677,PA,PA,1
15678,PA,PA,1
15679,PA,PA,1
15680,PA,PA,1
15681,PA,PA,1
15682,PA,PA,1
15683,PA,PA,1
15684,PA,PA,1
15686,PA,PA,1
15687,PA,PA,1
15688,PA,PA,1
15689,PA,PA,1
15690,PA,PA,1
15691,PA,PA,1
15692,PA,PA,1
15693,PA,PA,1
15695,PA,PA,1
15696,PA,PA,1
15697,PA,PA,1
15698,PA,PA,1
15701,PA,PA,1
15705,PA,PA,1
15710,PA,PA,1
15711,PA,PA,1
15712,PA,PA,1
15713,PA,PA,1
15714,PA,PA,1
15715,PA,PA,1
15716,PA,PA,1
15717,PA,PA,1
15720,PA,PA,1
15721,PA,PA,1
15722,PA,PA,1
15723,PA,PA,1
15724,PA,PA,1
15725,PA,PA,1
15727,PA,PA,1
15728,PA,PA,1
15729,PA,PA,1
15730,PA,PA,1
15731,PA,PA,1
15732,PA,PA,1
15733,PA,PA,1
15734,PA,PA,1
15736,PA,PA,1
15737,PA,PA,1
15738,PA,PA,1
15739,PA,PA,1
15741,PA,PA,1
15742,PA,PA,1
15744,PA,PA,1
15745,PA,PA,1
15746,PA,PA,1
15747,PA,PA,1
15748,PA,PA,1
15750,PA,PA,1
15752,PA,PA,1
15753,PA,PA,1
15754,PA,PA,1
15756,PA,PA,1
15757,PA,PA,1
15759,PA,PA,1
15760,PA,PA,1
15761,PA,PA,1
15762,PA,PA,1
15763,PA,PA,1
15764,PA,PA,1
15765,PA,PA,1
15767,PA,PA,1
15770,PA,PA,1
15771,PA,PA,1
15772,PA,PA,1
15773,PA,PA,1
15774,PA,PA,1
15775,PA,PA,1
15776,PA,PA,1
15777,PA,PA,1
15778,PA,PA,1
15779,PA,PA,1
15780,PA,PA,1
15781,PA,PA,1
15783,PA,PA,1
15784,PA,PA,1
15801,PA,PA,1
15821,PA,PA,1
15823,PA,PA,1
15824,PA,PA,1
15825,PA,PA,1
15827,PA,PA,1
15828,PA,PA,1
15829,PA,PA,1
15831,PA,PA,1
15832,PA,PA,1
15834,PA,PA,1
15840,PA,PA,1
15841,PA,PA,1
15845,PA,PA,1
15846,PA,PA,1
15847,PA,PA,1
15848,PA,PA,1
15849,PA,PA,1
15851,PA,PA,1
15853,PA,PA,1
15856,PA,PA,1
15857,PA,PA,1
15860,PA,PA,1
15861,PA,PA,1
15863,PA,PA,1
15864,PA,PA,1
15865,PA,PA,1
15866,PA,PA,1
15868,PA,PA,1
15870,PA,PA,1
15901,PA,PA,1
15902,PA,PA,1
15904,PA,PA,1
15905,PA,PA,1
15906,PA,PA,1
15909,PA,PA,1
15920,PA,PA,1
15921,PA,PA,1
15922,PA,PA,1
15923,PA,PA,1
15924,PA,PA,1
15925,PA,PA,1
15926,PA,PA,1
15927,PA,PA,1
15928,PA,PA,1
15929,PA,PA,1
15930,PA,PA,1
15931,PA,PA,1
15934,PA,PA,1
15935,PA,PA,1
15936,PA,PA,1
15937,PA,PA,1
15938,PA,PA,1
15940,PA,PA,1
15942,PA,PA,1
15943,PA,PA,1
15944,PA,PA,1
15945,PA,PA,1
15946,PA,PA,1
15948,PA,PA,1
15949,PA,PA,1
15951,PA,PA,1
15952,PA,PA,1
15953,PA,PA,1
15954,PA,PA,1
15955,PA,PA,1
15956,PA,PA,1
15957,PA,PA,1
15958,PA,PA,1
15960,PA,PA,1
15961,PA,PA,1
15962,PA,PA,1
15963,PA,PA,1
16001,PA,PA,1
16002,PA,PA,1
16020,PA,PA,1
16022,PA,PA,1
16023,PA,PA,1
16024,PA,PA,1
16025,PA,PA,1
16027,PA,PA,1
16028,PA,PA,1
16029,PA,PA,1
16030,PA,PA,1
16033,PA,PA,1
16034,PA,PA,1
16035,PA,PA,1
16036,PA,PA,1
16037,PA,PA,1
16038,PA,PA,1
16040,PA,PA,1
16041,PA,PA,1
16045,PA,PA,1
16046,PA,PA,1
16048,PA,PA,1
16049,PA,PA,1
16050,PA,PA,1
16051,PA,PA,1
16052,PA,PA,1
16053,PA,PA,1
16054,PA,PA,1
16055,PA,PA,1
16056,PA,PA,1
16057,PA,PA,1
16059,PA,PA,1
16061,PA,PA,1
16063,PA,PA,1
16066,PA,PA,1
16101,PA,PA,1
16102,PA,PA,1
16105,PA,PA,1
16110,PA,PA,1
16111,PA,PA,1
16112,PA,PA,1
16113,PA,PA,1
16114,PA,PA,1
16115,PA,PA,1
16116,PA,PA,1
16117,PA,PA,1
16120,PA,PA,1
16121,PA,PA,1
16123,PA,PA,1
16124,PA,PA,1
16125,PA,PA,1
16127,PA,PA,1
16130,PA,PA,1
16131,PA,PA,1
16132,PA,PA,1
16133,PA,PA,1
16134,PA,PA,1
16136,PA,PA,1
16137,PA,PA,1
16140,PA,PA,1
16141,PA,PA,1
16142,PA,PA,1
16143,PA,PA,1
16145,PA,PA,1
16146,PA,PA,1
16148,PA,PA,1
16150,PA,PA,1
16151,PA,PA,1
16153,PA,PA,1
16154,PA,PA,1
16155,PA,PA,1
16156,PA,PA,1
16157,PA,PA,1
16159,PA,PA,1
16160,PA,PA,1
16161,PA,PA,1
16172,PA,PA,1
16201,PA,PA,1
16210,PA,PA,1
16211,PA,PA,1
16212,PA,PA,1
16213,PA,PA,1
16214,PA,PA,1
16217,PA,PA,1
16218,PA,PA,1
16220,PA,PA,1
16222,PA,PA,1
16223,PA,PA,1
16224,PA,PA,1
16226,PA,PA,1
16228,PA,PA,1
16229,PA,PA,1
16230,PA,PA,1
16232,PA,PA,1
16233,PA,PA,1
16235,PA,PA,1
16236,PA,PA,1
16238,PA,PA,1
16239,PA,PA,1
16240,PA,PA,1
16242,PA,PA,1
16244,PA,PA,1
16245,PA,PA,1
16246,PA,PA,1
16248,PA,PA,1
16249,PA,PA,1
16250,PA,PA,1
16253,PA,PA,1
16254,PA,PA,1
16255,PA,PA,1
16256,PA,PA,1
16258,PA,PA,1
16259,PA,PA,1
16260,PA,PA,1
16262,PA,PA,1
16263,PA,PA,1
16301,PA,PA,1
16311,PA,PA,1
16312,PA,PA,1
16313,PA,PA,1
16314,PA,PA,1
16316,PA,PA,1
16317,PA,PA,1
16319,PA,PA,1
16321,PA,PA,1
16322,PA,PA,1
16323,PA,PA,1
16326,PA,PA,1
16327,PA,PA,1
16328,PA,PA,1
16329,PA,PA,1
16331,PA,PA,1
16332,PA,PA,1
16333,PA,PA,1
16334,PA,PA,1
16335,PA,PA,1
16340,PA,PA,1
16341,PA,PA,1
16342,PA,PA,1
16343,PA,PA,1
16344,PA,PA,1
16345,PA,PA,1
16346,PA,PA,1
16347,PA,PA,1
16350,PA,PA,1
16351,PA,PA,1
16352,PA,PA,1
16353,PA,PA,1
16354,PA,PA,1
16360,PA,PA,1
16361,PA,PA,1
16362,PA,PA,1
16364,PA,PA,1
16365,PA,PA,1
16370,PA,PA,1
16371,PA,PA,1
16372,PA,PA,1
16373,PA,PA,1
16374,PA,PA,1
16401,PA,PA,1
16402,PA,PA,1
16403,PA,PA,1
16404,PA,PA,1
16405,PA,PA,1
16406,PA,PA,1
16407,PA,PA,1
16410,PA,PA,1
16411,PA,PA,1
16412,PA,PA,1
16415,PA,PA,1
16416,PA,PA,1
16417,PA,PA,1
16420,PA,PA,1
16421,PA,PA,1
16422,PA,PA,1
16423,PA,PA,1
16424,PA,PA,1
16426,PA,PA,1
16427,PA,PA,1
16428,PA,PA,1
16430,PA,PA,1
16433,PA,PA,1
16434,PA,PA,1
16435,PA,PA,1
16436,PA,PA,1
16438,PA,PA,1
16440,PA,PA,1
16441,PA,PA,1
16442,PA,PA,1
16443,PA,PA,1
16444,PA,PA,1
16475,PA,PA,1
16501,PA,PA,1
16502,PA,PA,1
16503,PA,PA,1
16504,PA,PA,1
16505,PA,PA,1
16506,PA,PA,1
16507,PA,PA,1
16508,PA,PA,1
16509,PA,PA,1
16510,PA,PA,1
16511,PA,PA,1
16546,PA,PA,1
16550,PA,PA,1
16563,PA,PA,1
16601,PA,PA,1
16602,PA,PA,1
16611,PA,PA,1
16613,PA,PA,1
16616,PA,PA,1
16617,PA,PA,1
16619,PA,PA,1
16620,PA,PA,1
16621,PA,PA,1
16622,PA,PA,1
16623,PA,PA,1
16624,PA,PA,1
16625,PA,PA,1
16627,PA,PA,1
16630,PA,PA,1
16631,PA,PA,1
16633,PA,PA,1
16634,PA,PA,1
16635,PA,PA,1
16636,PA,PA,1
16637,PA,PA,1
16638,PA,PA,1
16639,PA,PA,1
16640,PA,PA,1
16641,PA,PA,1
16645,PA,PA,1
16646,PA,PA,1
16647,PA,PA,1
16648,PA,PA,1
16650,PA,PA,1
16651,PA,PA,1
16652,PA,PA,1
16654,PA,PA,1
16655,PA,PA,1
16656,PA,PA,1
16657,PA,PA,1
16659,PA,PA,1
16661,PA,PA,1
16662,PA,PA,1
16664,PA,PA,1
16665,PA,PA,1
16666,PA,PA,1
16667,PA,PA,1
16668,PA,PA,1
16669,PA,PA,1
16670,PA,PA,1
16671,PA,PA,1
16672,PA,PA,1
16673,PA,PA,1
16674,PA,PA,1
16675,PA,PA,1
16677,PA,PA,1
16678,PA,PA,1
16679,PA,PA,1
16680,PA,PA,1
16682,PA,PA,1
16683,PA,PA,1
16684,PA,PA,1
16685,PA,PA,1
16686,PA,PA,1
16689,PA,PA,1
16691,PA,PA,1
16692,PA,PA,1
16693,PA,PA,1
16694,PA,PA,1
16695,PA,PA,1
16699,PA,PA,1
16701,PA,PA,1
16720,PA,PA,1
16724,PA,PA,1
16725,PA,PA,1
16726,PA,PA,1
16727,PA,PA,1
16729,PA,PA,1
16730,PA,PA,1
16731,PA,PA,1
16732,PA,PA,1
16733,PA,PA,1
16734,PA,PA,1
16735,PA,PA,1
16738,PA,PA,1
16740,PA,PA,1
16743,PA,PA,1
16744,PA,PA,1
16745,PA,PA,1
16746,PA,PA,1
16748,PA,PA,1
16749,PA,PA,1
16750,PA,PA,1
16801,PA,PA,1
16802,PA,PA,1
16803,PA,PA,1
16820,PA,PA,1
16821,PA,PA,1
16822,PA,PA,1
16823,PA,PA,1
16825,PA,PA,1
16826,PA,PA,1
16827,PA,PA,1
16828,PA,PA,1
16829,PA,PA,1
16830,PA,PA,1
16832,PA,PA,1
16833,PA,PA,1
16834,PA,PA,1
16835,PA,PA,1
16836,PA,PA,1
16837,PA,PA,1
16838,PA,PA,1
16839,PA,PA,1
16840,PA,PA,1
16841,PA,PA,1
16843,PA,PA,1
16844,PA,PA,1
16845,PA,PA,1
16847,PA,PA,1
16848,PA,PA,1
16849,PA,PA,1
16851,PA,PA,1
16852,PA,PA,1
16853,PA,PA,1
16854,PA,PA,1
16855,PA,PA,1
16856,PA,PA,1
16858,PA,PA,1
16859,PA,PA,1
16860,PA,PA,1
16861,PA,PA,1
16863,PA,PA,1
16864,PA,PA,1
16865,PA,PA,1
16866,PA,PA,1
16868,PA,PA,1
16870,PA,PA,1
16871,PA,PA,1
16872,PA,PA,1
16874,PA,PA,1
16875,PA,PA,1
16876,PA,PA,1
16877,PA,PA,1
16878,PA,PA,1
16879,PA,PA,1
16881,PA,PA,1
16882,PA,PA,1
16901,PA,PA,1
16910,PA,PA,1
16911,PA,PA,1
16912,PA,PA,1
16914,PA,PA,1
16915,PA,PA,1
16917,PA,PA,1
16920,PA,PA,1
16921,PA,PA,1
16922,PA,PA,1
16923,PA,PA,1
16925,PA,PA,1
16926,PA,PA,1
16927,PA,PA,1
16928,PA,PA,1
16929,PA,PA,1
16930,PA,PA,1
16932,PA,PA,1
16933,PA,PA,1
16935,PA,PA,1
16936,PA,PA,1
16937,PA,PA,1
16938,PA,PA,1
16939,PA,PA,1
16940,PA,PA,1
16941,PA,PA,1
16942,PA,PA,1
16943,PA,PA,1
16946,PA,PA,1
16947,PA,PA,1
16948,PA,PA,1
16950,PA,PA,1
17002,PA,PA,1
17003,PA,PA,1
17004,PA,PA,1
17005,PA,PA,1
17006,PA,PA,1
17007,PA,PA,1
17009,PA,PA,1
17010,PA,PA,1
17011,PA,PA,1
17013,PA,PA,1
17014,PA,PA,1
17015,PA,PA,1
17016,PA,PA,1
17017,PA,PA,1
17018,PA,PA,1
17019,PA,PA,1
17020,PA,PA,1
17021,PA,PA,1
17022,PA,PA,1
17023,PA,PA,1
17024,PA,PA,1
17025,PA,PA,1
17026,PA,PA,1
17027,PA,PA,1
17028,PA,PA,1
17029,PA,PA,1
17030,PA,PA,1
17032,PA,PA,1
17033,PA,PA,1
17034,PA,PA,1
17035,PA,PA,1
17036,PA,PA,1
17037,PA,PA,1
17038,PA,PA,1
17039,PA,PA,1
17040,PA,PA,1
17041,PA,PA,1
17042,PA,PA,1
17043,PA,PA,1
17044,PA,PA,1
17045,PA,PA,1
17046,PA,PA,1
17047,PA,PA,1
17048,PA,PA,1
17049,PA,PA,1
17050,PA,PA,1
17051,PA,PA,1
17052,PA,PA,1
17053,PA,PA,1
17054,PA,PA,1
17055,PA,PA,1
17056,PA,PA,1
17057,PA,PA,1
17058,PA,PA,1
17059,PA,PA,1
17060,PA,PA,1
17061,PA,PA,1
17062,PA,PA,1
17063,PA,PA,1
17064,PA,PA,1
17065,PA,PA,1
17066,PA,PA,1
17067,PA,PA,1
17068,PA,PA,1
17069,PA,PA,1
17070,PA,PA,1
17071,PA,PA,1
17073,PA,PA,1
17074,PA,PA,1
17075,PA,PA,1
17076,PA,PA,1
17077,PA,PA,1
17078,PA,PA,1
17080,PA,PA,1
17081,PA,PA,1
17082,PA,PA,1
17084,PA,PA,1
17086,PA,PA,1
17087,PA,PA,1
17088,PA,PA,1
17090,PA,PA,1
17093,PA,PA,1
17094,PA,PA,1
17097,PA,PA,1
17098,PA,PA,1
17099,PA,PA,1
17101,PA,PA,1
17102,PA,PA,1
17103,PA,PA,1
17104,PA,PA,1
17109,PA,PA,1
17110,PA,PA,1
17111,PA,PA,1
17112,PA,PA,1
17113,PA,PA,1
17120,PA,PA,1
17201,PA,PA,1
17202,PA,PA,1
17210,PA,PA,1
17211,PA,PA,1
17212,PA,PA,1
17213,PA,PA,1
17214,PA,PA,1
17215,PA,PA,1
17217,PA,PA,1
17219,PA,PA,1
17220,PA,PA,1
17221,PA,PA,1
17222,PA,PA,1
17223,PA,PA,1
17224,PA,PA,1
17225,PA,PA,1
17228,PA,PA,1
17229,PA,PA,1
17232,PA,PA,1
17233,PA,PA,1
17235,PA,PA,1
17236,PA,PA,1
17237,PA,PA,1
17238,PA,PA,1
17239,PA,PA,1
17240,PA,PA,1
17241,PA,PA,1
17243,PA,PA,1
17244,PA,PA,1
17246,PA,PA,1
17247,PA,PA,1
17249,PA,PA,1
17250,PA,PA,1
17251,PA,PA,1
17252,PA,PA,1
17253,PA,PA,1
17254,PA,PA,1
17255,PA,PA,1
17257,PA,PA,1
17260,PA,PA,1
17261,PA,PA,1
17262,PA,PA,1
17263,PA,PA,1
17264,PA,PA,1
17265,PA,PA,1
17266,PA,PA,1
17267,PA,PA,1
17268,PA,PA,1
17271,PA,PA,1
17301,PA,PA,1
17302,PA,PA,1
17303,PA,PA,1
17304,PA,PA,1
17306,PA,PA,1
17307,PA,PA,1
17309,PA,PA,1
17311,PA,PA,1
17313,PA,PA,1
17314,PA,PA,1
17315,PA,PA,1
17316,PA,PA,1
17317,PA,PA,1
17318,PA,PA,1
17319,PA,PA,1
17320,PA,PA,1
17321,PA,PA,1
17322,PA,PA,1
17323,PA,PA,1
17324,PA,PA,1
17325,PA,PA,1
17327,PA,PA,1
17329,PA,PA,1
17331,PA,PA,1
17339,PA,PA,1
17340,PA,PA,1
17342,PA,PA,1
17343,PA,PA,1
17344,PA,PA,1
17345,PA,PA,1
17347,PA,PA,1
17349,PA,PA,1
17350,PA,PA,1
17352,PA,PA,1
17353,PA,PA,1
17355,PA,PA,1
17356,PA,PA,1
17360,PA,PA,1
17361,PA,PA,1
17362,PA,PA,1
17363,PA,PA,1
17364,PA,PA,1
17365,PA,PA,1
17366,PA,PA,1
17368,PA,PA,1
17370,PA,PA,1
17371,PA,PA,1
17372,PA,PA,1
17401,PA,PA,1
17402,PA,PA,1
17403,PA,PA,1
17404,PA,PA,1
17406,PA,PA,1
17407,PA,PA,1
17408,PA,PA,1
17501,PA,PA,1
17502,PA,PA,1
17504,PA,PA,1
17505,PA,PA,1
17506,PA,PA,1
17507,PA,PA,1
17508,PA,PA,1
17509,PA,PA,1
17512,PA,PA,1
17516,PA,PA,1
17517,PA,PA,1
17518,PA,PA,1
17519,PA,PA,1
17520,PA,PA,1
17522,PA,PA,1
17527,PA,PA,1
17529,PA,PA,1
17532,PA,PA,1
17534,PA,PA,1
17535,PA,PA,1
17536,PA,PA,1
17538,PA,PA,1
17540,PA,PA,1
17543,PA,PA,1
17545,PA,PA,1
17547,PA,PA,1
17550,PA,PA,1
17551,PA,PA,1
17552,PA,PA,1
17554,PA,PA,1
17555,PA,PA,1
17557,PA,PA,1
17560,PA,PA,1
17562,PA,PA,1
17563,PA,PA,1
17565,PA,PA,1
17566,PA,PA,1
17568,PA,PA,1
17569,PA,PA,1
17570,PA,PA,1
17572,PA,PA,1
17576,PA,PA,1
17578,PA,PA,1
17579,PA,PA,1
17581,PA,PA,1
17582,PA,PA,1
17584,PA,PA,1
17601,PA,PA,1
17602,PA,PA,1
17603,PA,PA,1
17606,PA,PA,1
17701,PA,PA,1
17702,PA,PA,1
17720,PA,PA,1
17721,PA,PA,1
17723,PA,PA,1
17724,PA,PA,1
17727,PA,PA,1
17728,PA,PA,1
17729,PA,PA,1
17730,PA,PA,1
17731,PA,PA,1
17737,PA,PA,1
17739,PA,PA,1
17740,PA,PA,1
17742,PA,PA,1
17744,PA,PA,1
17745,PA,PA,1
17747,PA,PA,1
17748,PA,PA,1
17749,PA,PA,1
17750,PA,PA,1
17751,PA,PA,1
17752,PA,PA,1
17754,PA,PA,1
17756,PA,PA,1
17758,PA,PA,1
17760,PA,PA,1
17762,PA,PA,1
17763,PA,PA,1
17764,PA,PA,1
17765,PA,PA,1
17768,PA,PA,1
17769,PA,PA,1
17771,PA,PA,1
17772,PA,PA,1
17774,PA,PA,1
17776,PA,PA,1
17777,PA,PA,1
17778,PA,PA,1
17779,PA,PA,1
17801,PA,PA,1
17810,PA,PA,1
17812,PA,PA,1
17813,PA,PA,1
17814,PA,PA,1
17815,PA,PA,1
17820,PA,PA,1
17821,PA,PA,1
17822,PA,PA,1
17823,PA,PA,1
17824,PA,PA,1
17827,PA,PA,1
17829,PA,PA,1
17830,PA,PA,1
17832,PA,PA,1
17834,PA,PA,1
17835,PA,PA,1
17836,PA,PA,1
17837,PA,PA,1
17840,PA,PA,1
17841,PA,PA,1
17842,PA,PA,1
17844,PA,PA,1
17845,PA,PA,1
17846,PA,PA,1
17847,PA,PA,1
17850,PA,PA,1
17851,PA,PA,1
17853,PA,PA,1
17855,PA,PA,1
17856,PA,PA,1
17857,PA,PA,1
17858,PA,PA,1
17859,PA,PA,1
17860,PA,PA,1
17861,PA,PA,1
17862,PA,PA,1
17864,PA,PA,1
17865,PA,PA,1
17866,PA,PA,1
17867,PA,PA,1
17868,PA,PA,1
17870,PA,PA,1
17872,PA,PA,1
17876,PA,PA,1
17878,PA,PA,1
17880,PA,PA,1
17881,PA,PA,1
17884,PA,PA,1
17885,PA,PA,1
17886,PA,PA,1
17887,PA,PA,1
17888,PA,PA,1
17889,PA,PA,1
17901,PA,PA,1
17920,PA,PA,1
17921,PA,PA,1
17922,PA,PA,1
17923,PA,PA,1
17925,PA,PA,1
17929,PA,PA,1
17930,PA,PA,1
17931,PA,PA,1
17933,PA,PA,1
17934,PA,PA,1
17935,PA,PA,1
17936,PA,PA,1
17938,PA,PA,1
17941,PA,PA,1
17943,PA,PA,1
17944,PA,PA,1
17945,PA,PA,1
17946,PA,PA,1
17948,PA,PA,1
17949,PA,PA,1
17951,PA,PA,1
17952,PA,PA,1
17953,PA,PA,1
17954,PA,PA,1
17957,PA,PA,1
17959,PA,PA,1
17960,PA,PA,1
17961,PA,PA,1
17963,PA,PA,1
17964,PA,PA,1
17965,PA,PA,1
17967,PA,PA,1
17968,PA,PA,1
17970,PA,PA,1
17972,PA,PA,1
17974,PA,PA,1
17976,PA,PA,1
17978,PA,PA,1
17979,PA,PA,1
17980,PA,PA,1
17981,PA,PA,1
17982,PA,PA,1
17983,PA,PA,1
17985,PA,PA,1
18011,PA,PA,1
18012,PA,PA,1
18013,PA,PA,1
18014,PA,PA,1
18015,PA,PA,1
18017,PA,PA,1
18018,PA,PA,1
18020,PA,PA,1
18030,PA,PA,1
18031,PA,PA,1
18032,PA,PA,1
18034,PA,PA,1
18035,PA,PA,1
18036,PA,PA,1
18037,PA,PA,1
18038,PA,PA,1
18040,PA,PA,1
18041,PA,PA,1
18042,PA,PA,1
18045,PA,PA,1
18046,PA,PA,1
18049,PA,PA,1
18051,PA,PA,1
18052,PA,PA,1
18053,PA,PA,1
18054,PA,PA,1
18055,PA,PA,1
18056,PA,PA,1
18058,PA,PA,1
18059,PA,PA,1
18062,PA,PA,1
18063,PA,PA,1
18064,PA,PA,1
18065,PA,PA,1
18066,PA,PA,1
18067,PA,PA,1
18069,PA,PA,1
18070,PA,PA,1
18071,PA,PA,1
18072,PA,PA,1
18073,PA,PA,1
18074,PA,PA,1
18076,PA,PA,1
18077,PA,PA,1
18078,PA,PA,1
18079,PA,PA,1
18080,PA,PA,1
18081,PA,PA,1
18083,PA,PA,1
18085,PA,PA,1
18086,PA,PA,1
18087,PA,PA,1
18088,PA,PA,1
18091,PA,PA,1
18092,PA,PA,1
18101,PA,PA,1
18102,PA,PA,1
18103,PA,PA,1
18104,PA,PA,1
18106,PA,PA,1
18109,PA,PA,1
18195,PA,PA,1
18201,PA,PA,1
18202,PA,PA,1
18210,PA,PA,1
18211,PA,PA,1
18212,PA,PA,1
18214,PA,PA,1
18216,PA,PA,1
18218,PA,PA,1
18219,PA,PA,1
18220,PA,PA,1
18221,PA,PA,1
18222,PA,PA,1
18223,PA,PA,1
18224,PA,PA,1
18225,PA,PA,1
18229,PA,PA,1
18230,PA,PA,1
18231,PA,PA,1
18232,PA,PA,1
18234,PA,PA,1
18235,PA,PA,1
18237,PA,PA,1
18239,PA,PA,1
18240,PA,PA,1
18241,PA,PA,1
18242,PA,PA,1
18244,PA,PA,1
18245,PA,PA,1
18246,PA,PA,1
18248,PA,PA,1
18249,PA,PA,1
18250,PA,PA,1
18252,PA,PA,1
18254,PA,PA,1
18255,PA,PA,1
18256,PA,PA,1
18301,PA,PA,1
18302,PA,PA,1
18321,PA,PA,1
18322,PA,PA,1
18323,PA,PA,1
18324,PA,PA,1
18325,PA,PA,1
18326,PA,PA,1
18327,PA,PA,1
18328,PA,PA,1
18330,PA,PA,1
18331,PA,PA,1
18332,PA,PA,1
18333,PA,PA,1
18334,PA,PA,1
18335,PA,PA,1
18336,PA,PA,1
18337,PA,PA,1
18340,PA,PA,1
18342,PA,PA,1
18343,PA,PA,1
18344,PA,PA,1
18346,PA,PA,1
18347,PA,PA,1
18349,PA,PA,1
18350,PA,PA,1
18351,PA,PA,1
18353,PA,PA,1
18354,PA,PA,1
18355,PA,PA,1
18356,PA,PA,1
18357,PA,PA,1
18360,PA,PA,1
18370,PA,PA,1
18371,PA,PA,1
18372,PA,PA,1
18403,PA,PA,1
18405,PA,PA,1
18407,PA,PA,1
18411,PA,PA,1
18413,PA,PA,1
18414,PA,PA,1
18415,PA,PA,1
18417,PA,PA,1
18419,PA,PA,1
18420,PA,PA,1
18421,PA,PA,1
18424,PA,PA,1
18425,PA,PA,1
18426,PA,PA,1
18428,PA,PA,1
18430,PA,PA,1
18431,PA,PA,1
18433,PA,PA,1
18434,PA,PA,1
18435,PA,PA,1
18436,PA,PA,1
18437,PA,PA,1
18438,PA,PA,1
18439,PA,PA,1
18440,PA,PA,1
18441,PA,PA,1
18443,PA,PA,1
18444,PA,PA,1
18445,PA,PA,1
18446,PA,PA,1
18447,PA,PA,1
18451,PA,PA,1
18452,PA,PA,1
18453,PA,PA,1
18454,PA,PA,1
18455,PA,PA,1
18456,PA,PA,1
18457,PA,PA,1
18458,PA,PA,1
18460,PA,PA,1
18461,PA,PA,1
18462,PA,PA,1
18463,PA,PA,1
18464,PA,PA,1
18465,PA,PA,1
18466,PA,PA,1
18469,PA,PA,1
18470,PA,PA,1
18471,PA,PA,1
18472,PA,PA,1
18473,PA,PA,1
18503,PA,PA,1
18504,PA,PA,1
18505,PA,PA,1
18507,PA,PA,1
18508,PA,PA,1
18509,PA,PA,1
18510,PA,PA,1
18512,PA,PA,1
18517,PA,PA,1
18518,PA,PA,1
18519,PA,PA,1
18602,PA,PA,1
18603,PA,PA,1
18610,PA,PA,1
18612,PA,PA,1
18614,PA,PA,1
18615,PA,PA,1
18616,PA,PA,1
18617,PA,PA,1
18618,PA,PA,1
18619,PA,PA,1
18621,PA,PA,1
18622,PA,PA,1
18623,PA,PA,1
18624,PA,PA,1
18625,PA,PA,1
18626,PA,PA,1
18627,PA,PA,1
18628,PA,PA,1
18629,PA,PA,1
18630,PA,PA,1
18631,PA,PA,1
18632,PA,PA,1
18634,PA,PA,1
18635,PA,PA,1
18636,PA,PA,1
18640,PA,PA,1
18641,PA,PA,1
18642,PA,PA,1
18643,PA,PA,1
18644,PA,PA,1
18651,PA,PA,1
18655,PA,PA,1
18656,PA,PA,1
18657,PA,PA,1
18660,PA,PA,1
18661,PA,PA,1
18701,PA,PA,1
18702,PA,PA,1
18704,PA,PA,1
18705,PA,PA,1
18706,PA,PA,1
18707,PA,PA,1
18708,PA,PA,1
18709,PA,PA,1
18801,PA,PA,1
18810,PA,PA,1
18812,PA,PA,1
18814,PA,PA,1
18816,PA,PA,1
18817,PA,PA,1
18818,PA,PA,1
18820,PA,PA,1
18821,PA,PA,1
18822,PA,PA,1
18823,PA,PA,1
18824,PA,PA,1
18825,PA,PA,1
18826,PA,PA,1
18828,PA,PA,1
18829,PA,PA,1
18830,PA,PA,1
18831,PA,PA,1
18832,PA,PA,1
18833,PA,PA,1
18834,PA,PA,1
18837,PA,PA,1
18840,PA,PA,1
18842,PA,PA,1
18843,PA,PA,1
18844,PA,PA,1
18845,PA,PA,1
18846,PA,PA,1
18847,PA,PA,1
18848,PA,PA,1
18850,PA,PA,1
18851,PA,PA,1
18853,PA,PA,1
18854,PA,PA,1
18901,PA,PA,1
18902,PA,PA,1
18912,PA,PA,1
18913,PA,PA,1
18914,PA,PA,1
18915,PA,PA,1
18917,PA,PA,1
18920,PA,PA,1
18921,PA,PA,1
18923,PA,PA,1
18925,PA,PA,1
18927,PA,PA,1
18929,PA,PA,1
18930,PA,PA,1
18932,PA,PA,1
18933,PA,PA,1
18935,PA,PA,1
18936,PA,PA,1
18938,PA,PA,1
18940,PA,PA,1
18942,PA,PA,1
18944,PA,PA,1
18946,PA,PA,1
18947,PA,PA,1
18950,PA,PA,1
18951,PA,PA,1
18954,PA,PA,1
18955,PA,PA,1
18960,PA,PA,1
18962,PA,PA,1
18964,PA,PA,1
18966,PA,PA,1
18969,PA,PA,1
18970,PA,PA,1
18972,PA,PA,1
18974,PA,PA,1
18976,PA,PA,1
18977,PA,PA,1
18980,PA,PA,1
19001,PA,PA,1
19002,PA,PA,1
19003,PA,PA,1
19004,PA,PA,1
19006,PA,PA,1
19007,PA,PA,1
19008,PA,PA,1
19009,PA,PA,1
19010,PA,PA,1
19012,PA,PA,1
19013,PA,PA,1
19014,PA,PA,1
19015,PA,PA,1
19017,PA,PA,1
19018,PA,PA,1
19020,PA,PA,1
19021,PA,PA,1
19022,PA,PA,1
19023,PA,PA,1
19025,PA,PA,1
19026,PA,PA,1
19027,PA,PA,1
19029,PA,PA,1
19030,PA,PA,1
19031,PA,PA,1
19032,PA,PA,1
19033,PA,PA,1
19034,PA,PA,1
19035,PA,PA,1
19036,PA,PA,1
19038,PA,PA,1
19040,PA,PA,1
19041,PA,PA,1
19043,PA,PA,1
19044,PA,PA,1
19046,PA,PA,1
19047,PA,PA,1
19050,PA,PA,1
19052,PA,PA,1
19053,PA,PA,1
19054,PA,PA,1
19055,PA,PA,1
19056,PA,PA,1
19057,PA,PA,1
19060,PA,PA,1
19061,PA,PA,1
19063,PA,PA,1
19064,PA,PA,1
19066,PA,PA,1
19067,PA,PA,1
19070,PA,PA,1
19072,PA,PA,1
19073,PA,PA,1
19074,PA,PA,1
19075,PA,PA,1
19076,PA,PA,1
19078,PA,PA,1
19079,PA,PA,1
19081,PA,PA,1
19082,PA,PA,1
19083,PA,PA,1
19085,PA,PA,1
19086,PA,PA,1
19087,PA,PA,1
19090,PA,PA,1
19094,PA,PA,1
19095,PA,PA,1
19096,PA,PA,1
19102,PA,PA,1
19103,PA,PA,1
19104,PA,PA,1
19106,PA,PA,1
19107,PA,PA,1
19108,PA,PA,1
19109,PA,PA,1
19111,PA,PA,1
19112,PA,PA,1
19113,PA,PA,1
19114,PA,PA,1
19115,PA,PA,1
19116,PA,PA,1
19118,PA,PA,1
19119,PA,PA,1
19120,PA,PA,1
19121,PA,PA,1
19122,PA,PA,1
19123,PA,PA,1
19124,PA,PA,1
19125,PA,PA,1
19126,PA,PA,1
19127,PA,PA,1
19128,PA,PA,1
19129,PA,PA,1
19130,PA,PA,1
19131,PA,PA,1
19132,PA,PA,1
19133,PA,PA,1
19134,PA,PA,1
19135,PA,PA,1
19136,PA,PA,1
19137,PA,PA,1
19138,PA,PA,1
19139,PA,PA,1
19140,PA,PA,1
19141,PA,PA,1
19142,PA,PA,1
19143,PA,PA,1
19144,PA,PA,1
19145,PA,PA,1
19146,PA,PA,1
19147,PA,PA,1
19148,PA,PA,1
19149,PA,PA,1
19150,PA,PA,1
19151,PA,PA,1
19152,PA,PA,1
19153,PA,PA,1
19154,PA,PA,1
19301,PA,PA,1
19310,PA,PA,1
19311,PA,PA,1
19312,PA,PA,1
19316,PA,PA,1
19317,PA,PA,1
19319,PA,PA,1
19320,PA,PA,1
19330,PA,PA,1
19333,PA,PA,1
19335,PA,PA,1
19341,PA,PA,1
19342,PA,PA,1
19343,PA,PA,1
19344,PA,PA,1
19345,PA,PA,1
19348,PA,PA,1
19350,PA,PA,1
19352,PA,PA,1
19355,PA,PA,1
19358,PA,PA,1
19362,PA,PA,1
19363,PA,PA,1
19365,PA,PA,1
19367,PA,PA,1
19369,PA,PA,1
19372,PA,PA,1
19373,PA,PA,1
19374,PA,PA,1
19375,PA,PA,1
19380,PA,PA,1
19382,PA,PA,1
19383,PA,PA,1
19390,PA,PA,1
19401,PA,PA,1
19403,PA,PA,1
19405,PA,PA,1
19406,PA,PA,1
19422,PA,PA,1
19425,PA,PA,1
19426,PA,PA,1
19428,PA,PA,1
19435,PA,PA,1
19436,PA,PA,1
19437,PA,PA,1
19438,PA,PA,1
19440,PA,PA,1
19442,PA,PA,1
19444,PA,PA,1
19446,PA,PA,1
19453,PA,PA,1
19454,PA,PA,1
19456,PA,PA,1
19457,PA,PA,1
19460,PA,PA,1
19462,PA,PA,1
19464,PA,PA,1
19465,PA,PA,1
19468,PA,PA,1
19472,PA,PA,1
19473,PA,PA,1
19474,PA,PA,1
19475,PA,PA,1
19477,PA,PA,1
19490,PA,PA,1
19492,PA,PA,1
19501,PA,PA,1
19503,PA,PA,1
19504,PA,PA,1
19505,PA,PA,1
19506,PA,PA,1
19507,PA,PA,1
19508,PA,PA,1
19510,PA,PA,1
19511,PA,PA,1
19512,PA,PA,1
19516,PA,PA,1
19518,PA,PA,1
19520,PA,PA,1
19522,PA,PA,1
19523,PA,PA,1
19525,PA,PA,1
19526,PA,PA,1
19529,PA,PA,1
19530,PA,PA,1
19533,PA,PA,1
19534,PA,PA,1
19535,PA,PA,1
19536,PA,PA,1
19538,PA,PA,1
19539,PA,PA,1
19540,PA,PA,1
19541,PA,PA,1
19543,PA,PA,1
19544,PA,PA,1
19545,PA,PA,1
19547,PA,PA,1
19549,PA,PA,1
19550,PA,PA,1
19551,PA,PA,1
19554,PA,PA,1
19555,PA,PA,1
19559,PA,PA,1
19560,PA,PA,1
19562,PA,PA,1
19564,PA,PA,1
19565,PA,PA,1
19567,PA,PA,1
19601,PA,PA,1
19602,PA,PA,1
19604,PA,PA,1
19605,PA,PA,1
19606,PA,PA,1
19607,PA,PA,1
19608,PA,PA,1
19609,PA,PA,1
19610,PA,PA,1
19611,PA,PA,1
19701,DE,DE,1
19702,DE,DE,1
19703,DE,DE,1
19706,DE,DE,1
19707,DE,DE,1
19709,DE,DE,1
19710,DE,DE,1
19711,DE,DE,1
19713,DE,DE,1
19716,DE,DE,1
19717,DE,DE,1
19720,DE,DE,1
19730,DE,DE,1
19731,DE,DE,1
19732,DE,DE,1
19733,DE,DE,1
19734,DE,DE,1
19735,DE,DE,1
19736,DE,DE,1
19801,DE,DE,1
19802,DE,DE,1
19803,DE,DE,1
19804,DE,DE,1
19805,DE,DE,1
19806,DE,DE,1
19807,DE,DE,1
19808,DE,DE,1
19809,DE,DE,1
19810,DE,DE,1
19901,DE,DE,1
19902,DE,DE,1
19904,DE,DE,1
19930,DE,DE,1
19931,DE,DE,1
19933,DE,DE,1
19934,DE,DE,1
19936,DE,DE,1
19938,DE,DE,1
19939,DE,DE,1
19940,DE,DE,1
19941,DE,DE,1
19943,DE,DE,1
19944,DE,DE,1
19945,DE,DE,1
19946,DE,DE,1
19947,DE,DE,1
19950,DE,DE,1
19951,DE,DE,1
19952,DE,DE,1
19953,DE,DE,1
19954,DE,DE,1
19955,DE,DE,1
19956,DE,DE,1
19958,DE,DE,1
19960,DE,DE,1
19962,DE,DE,1
19963,DE,DE,1
19964,DE,DE,1
19966,DE,DE,1
19967,DE,DE,1
19968,DE,DE,1
19970,DE,DE,1
19971,DE,DE,1
19973,DE,DE|MD,2
19975,DE,DE,1
19977,DE,DE,1
19979,DE,DE,1
19980,DE,DE,1
20001,DC,DC,1
20002,DC,DC,1
20003,DC,DC,1
20004,DC,DC,1
20005,DC,DC,1
20006,DC,DC,1
20007,DC,DC,1
20008,DC,DC,1
20009,DC,DC,1
20010,DC,DC,1
20011,DC,DC,1
20012,DC,DC,1
20015,DC,DC,1
20016,DC,DC,1
20017,DC,DC,1
20018,DC,DC,1
20019,DC,DC,1
20020,DC,DC,1
20024,DC,DC,1
20032,DC,DC,1
20036,DC,DC,1
20037,DC,DC,1
20045,DC,DC,1
20052,DC,DC,1
20057,DC,DC,1
20059,DC,DC,1
20064,DC,DC,1
20105,VA,VA,1
20106,VA,VA,1
20109,VA,VA,1
20110,VA,VA,1
20111,VA,VA,1
20112,VA,VA,1
20115,VA,VA,1
20117,VA,VA,1
20119,VA,VA,1
20120,VA,VA,1
20121,VA,VA,1
20124,VA,VA,1
20129,VA,VA,1
20130,VA,VA,1
20132,VA,VA,1
20135,VA,VA|WV,2
20136,VA,VA,1
20137,VA,VA,1
20141,VA,VA,1
20143,VA,VA,1
20144,VA,VA,1
20147,VA,VA,1
20148,VA,VA,1
20151,VA,VA,1
20152,VA,VA,1
20155,VA,VA,1
20158,VA,VA,1
20164,VA,VA,1
20165,VA,VA,1
20166,VA,VA,1
20169,VA,VA,1
20170,VA,VA,1
20171,VA,VA,1
20175,VA,VA,1
20176,VA,VA,1
20180,VA,VA,1
20181,VA,VA,1
20184,VA,VA,1
20186,VA,VA,1
20187,VA,VA,1
20190,VA,VA,1
20191,VA,VA,1
20194,VA,VA,1
20197,VA,VA,1
20198,VA,VA,1
20204,DC,DC,1
20220,DC,DC,1
20230,DC,DC,1
20240,DC,DC,1
20245,DC,DC,1
20250,DC,DC,1
20260,DC,DC,1
20317,DC,DC,1
20319,DC,DC,1
20373,DC,DC,1
20388,DC,DC,1
20390,DC,DC,1
20408,DC,DC,1
20415,DC,DC,1
20418,DC,DC,1
20422,DC,DC,1
20427,DC,DC,1
20431,DC,DC,1
20510,DC,DC,1
20515,DC,DC,1
20520,DC,DC,1
20530,DC,DC,1
20535,DC,DC,1
20540,DC,DC,1
20542,DC,DC,1
20551,DC,DC,1
20560,DC,DC,1
20565,DC,DC,1
20566,DC,DC,1
20591,DC,DC,1
20601,MD,MD,1
20602,MD,MD,1
20603,MD,MD,1
20606,MD,MD,1
20607,MD,MD,1
20608,MD,MD,1
20609,MD,MD,1
20611,MD,MD,1
20612,MD,MD,1
20613,MD,MD,1
20615,MD,MD,1
20616,MD,MD,1
20617,MD,MD,1
20618,MD,MD,1
20619,MD,MD,1
20620,MD,MD,1
20621,MD,MD,1
20622,MD,MD,1
20623,MD,MD,1
20624,MD,MD,1
20625,MD,MD,1
20626,MD,MD,1
20628,MD,MD,1
20629,MD,MD,1
20630,MD,MD,1
20632,MD,MD,1
20634,MD,MD,1
20636,MD,MD,1
20637,MD,MD,1
20639,MD,MD,1
20640,MD,MD,1
20645,MD,MD,1
20646,MD,MD,1
20650,MD,MD,1
20653,MD,MD,1
20656,MD,MD,1
20657,MD,MD,1
20658,MD,MD,1
20659,MD,MD,1
20660,MD,MD,1
20661,MD,MD,1
20662,MD,MD,1
20664,MD,MD,1
20667,MD,MD,1
20670,MD,MD,1
20674,MD,MD,1
20675,MD,MD,1
20676,MD,MD,1
20677,MD,MD,1
20678,MD,MD,1
20680,MD,MD,1
20684,MD,MD,1
20685,MD,MD,1
20686,MD,MD,1
20687,MD,MD,1
20688,MD,MD,1
20689,MD,MD,1
20690,MD,MD,1
20692,MD,MD,1
20693,MD,MD,1
20695,MD,MD,1
20701,MD,MD,1
20705,MD,MD,1
20706,MD,MD,1
20707,MD,MD,1
20708,MD,MD,1
20710,MD,MD,1
20711,MD,MD,1
20712,MD,MD,1
20714,MD,MD,1
20715,MD,MD,1
20716,MD,MD,1
20720,MD,MD,1
20721,MD,MD,1
20722,MD,MD,1
20723,MD,MD,1
20724,MD,MD,1
20732,MD,MD,1
20733,MD,MD,1
20735,MD,MD,1
20736,MD,MD,1
20737,MD,MD,1
20740,MD,MD,1
20742,MD,MD,1
20743,MD,MD,1
20744,MD,MD,1
20745,MD,MD,1
20746,MD,MD,1
20747,MD,MD,1
20748,MD,MD,1
20751,MD,MD,1
20754,MD,MD,1
20755,MD,MD,1
20758,MD,MD,1
20759,MD,MD,1
20762,MD,MD,1
20763,MD,MD,1
20764,MD,MD,1
20765,MD,MD,1
20769,MD,MD,1
20770,MD,MD,1
20771,MD,MD,1
20772,MD,MD,1
20774,MD,MD,1
20776,MD,MD,1
20777,MD,MD,1
20778,MD,MD,1
20779,MD,MD,1
20781,MD,MD,1
20782,MD,MD,1
20783,MD,MD,1
20784,MD,MD,1
20785,MD,MD,1
20794,MD,MD,1
20812,MD,MD,1
20814,MD,MD,1
20815,MD,MD,1
20816,MD,MD,1
20817,MD,MD,1
20818,MD,MD,1
20832,MD,MD,1
20833,MD,MD,1
20837,MD,MD,1
20838,MD,MD,1
20839,MD,MD,1
20841,MD,MD,1
20842,MD,MD,1
20850,MD,MD,1
20851,MD,MD,1
20852,MD,MD,1
20853,MD,MD,1
20854,MD,MD,1
20855,MD,MD,1
20860,MD,MD,1
20861,MD,MD,1
20862,MD,MD,1
20866,MD,MD,1
20868,MD,MD,1
20871,MD,MD,1
20872,MD,MD,1
20874,MD,MD,1
20876,MD,MD,1
20877,MD,MD,1
20878,MD,MD,1
20879,MD,MD,1
20880,MD,MD,1
20882,MD,MD,1
20886,MD,MD,1
20889,MD,MD,1
20892,MD,MD,1
20894,MD,MD,1
20895,MD,MD,1
20896,MD,MD,1
20899,MD,MD,1
20901,MD,MD,1
20902,MD,MD,1
20903,MD,MD,1
20904,MD,MD,1
20905,MD,MD,1
20906,MD,MD,1
20910,MD,MD,1
20912,MD,MD,1
21001,MD,MD,1
21005,MD,MD,1
21009,MD,MD,1
21010,MD,MD,1
21012,MD,MD,1
21013,MD,MD,1
21014,MD,MD,1
21015,MD,MD,1
21017,MD,MD,1
21023,MD,MD,1
21028,MD,MD,1
21029,MD,MD,1
21030,MD,MD,1
21031,MD,MD,1
21032,MD,MD,1
21034,MD,MD,1
21035,MD,MD,1
21036,MD,MD,1
21037,MD,MD,1
21040,MD,MD,1
21042,MD,MD,1
21043,MD,MD,1
21044,MD,MD,1
21045,MD,MD,1
21046,MD,MD,1
21047,MD,MD,1
21048,MD,MD,1
21050,MD,MD,1
21051,MD,MD,1
21052,MD,MD,1
21053,MD,MD,1
21054,MD,MD,1
21056,MD,MD,1
21057,MD,MD,1
21060,MD,MD,1
21061,MD,MD,1
21071,MD,MD,1
21074,MD,MD,1
21075,MD,MD,1
21076,MD,MD,1
21077,MD,MD,1
21078,MD,MD,1
21082,MD,MD,1
21084,MD,MD,1
21085,MD,MD,1
21087,MD,MD,1
21090,MD,MD,1
21093,MD,MD,1
21102,MD,MD,1
21104,MD,MD,1
21105,MD,MD,1
21108,MD,MD,1
21111,MD,MD,1
21113,MD,MD,1
21114,MD,MD,1
21117,MD,MD,1
21120,MD,MD,1
21122,MD,MD,1
21128,MD,MD,1
21130,MD,MD,1
21131,MD,MD,1
21132,MD,MD,1
21133,MD,MD,1
21136,MD,MD,1
21140,MD,MD,1
21144,MD,MD,1
21146,MD,MD,1
21152,MD,MD,1
21153,MD,MD,1
21154,MD,MD,1
21155,MD,MD,1
21156,MD,MD,1
21157,MD,MD,1
21158,MD,MD,1
21160,MD,MD,1
21161,MD,MD,1
21162,MD,MD,1
21163,MD,MD,1
21201,MD,MD,1
21202,MD,MD,1
21204,MD,MD,1
21205,MD,MD,1
21206,MD,MD,1
21207,MD,MD,1
21208,MD,MD,1
21209,MD,MD,1
21210,MD,MD,1
21211,MD,MD,1
21212,MD,MD,1
21213,MD,MD,1
21214,MD,MD,1
21215,MD,MD,1
21216,MD,MD,1
21217,MD,MD,1
21218,MD,MD,1
21219,MD,MD,1
21220,MD,MD,1
21221,MD,MD,1
21222,MD,MD,1
21223,MD,MD,1
21224,MD,MD,1
21225,MD,MD,1
21226,MD,MD,1
21227,MD,MD,1
21228,MD,MD,1
21229,MD,MD,1
21230,MD,MD,1
21231,MD,MD,1
21233,MD,MD,1
21234,MD,MD,1
21236,MD,MD,1
21237,MD,MD,1
21239,MD,MD,1
21240,MD,MD,1
21244,MD,MD,1
21250,MD,MD,1
21251,MD,MD,1
21252,MD,MD,1
21285,MD,MD,1
21286,MD,MD,1
21287,MD,MD,1
21401,MD,MD,1
21402,MD,MD,1
21403,MD,MD,1
21405,MD,MD,1
21409,MD,MD,1
21502,MD,MD,1
21520,MD,MD,1
21521,MD,MD,1
21523,MD,MD,1
21524,MD,MD,1
21529,MD,MD,1
21530,MD,MD,1
21531,MD,MD,1
21532,MD,MD,1
21536,MD,MD,1
21538,MD,MD,1
21539,MD,MD,1
21540,MD,MD,1
21541,MD,MD,1
21542,MD,MD,1
21543,MD,MD,1
21545,MD,MD,1
21550,MD,MD,1
21555,MD,MD,1
21557,MD,MD,1
21560,MD,MD,1
21561,MD,MD,1
21562,MD,MD,1
21601,MD,MD,1
21607,MD,MD,1
21610,MD,MD,1
21612,MD,MD,1
21613,MD,MD,1
21617,MD,MD,1
21619,MD,MD,1
21620,MD,MD,1
21622,MD,MD,1
21623,MD,MD,1
21624,MD,MD,1
21625,MD,MD,1
21626,MD,MD,1
21627,MD,MD,1
21628,MD,MD,1
21629,MD,MD,1
21631,MD,MD,1
21632,MD,MD,1
21634,MD,MD,1
21635,MD,MD,1
21636,MD,MD,1
21638,MD,MD,1
21639,MD,MD,1
21640,MD,MD,1
21641,MD,MD,1
21643,MD,MD,1
21644,MD,MD,1
21645,MD,MD,1
21647,MD,MD,1
21648,MD,MD,1
21649,MD,MD,1
21650,MD,MD,1
21651,MD,MD,1
21652,MD,MD,1
21653,MD,MD,1
21654,MD,MD,1
21655,MD,MD,1
21657,MD,MD,1
21658,MD,MD,1
21659,MD,MD,1
21660,MD,MD,1
21661,MD,MD,1
21662,MD,MD,1
21663,MD,MD,1
21664,MD,MD,1
21665,MD,MD,1
21666,MD,MD,1
21667,MD,MD,1
21668,MD,MD,1
21669,MD,MD,1
21671,MD,MD,1
21672,MD,MD,1
21673,MD,MD,1
21675,MD,MD,1
21676,MD,MD,1
21677,MD,MD,1
21678,MD,MD,1
21679,MD,MD,1
21701,MD,MD,1
21702,MD,MD,1
21703,MD,MD,1
21704,MD,MD,1
21705,MD,MD,1
21710,MD,MD,1
21711,MD,MD,1
21713,MD,MD,1
21714,MD,MD,1
21715,MD,MD,1
21716,MD,MD,1
21717,MD,MD,1
21718,MD,MD,1
21719,MD,MD,1
21722,MD,MD,1
21723,MD,MD,1
21727,MD,MD,1
21733,MD,MD,1
21734,MD,MD,1
21737,MD,MD,1
21738,MD,MD,1
21740,MD,MD,1
21742,MD,MD,1
21746,MD,MD,1
21750,MD,MD,1
21754,MD,MD,1
21755,MD,MD,1
21756,MD,MD,1
21757,MD,MD,1
21758,MD,MD,1
21762,MD,MD,1
21766,MD,MD,1
21767,MD,MD,1
21769,MD,MD,1
21770,MD,MD,1
21771,MD,MD,1
21773,MD,MD,1
21774,MD,MD,1
21776,MD,MD,1
21777,MD,MD,1
21778,MD,MD,1
21779,MD,MD,1
21780,MD,MD,1
21781,MD,MD,1
21782,MD,MD,1
21783,MD,MD,1
21784,MD,MD,1
21787,MD,MD,1
21788,MD,MD,1
21790,MD,MD,1
21791,MD,MD,1
21793,MD,MD,1
21794,MD,MD,1
21795,MD,MD,1
21797,MD,MD,1
21798,MD,MD,1
21801,MD,MD,1
21804,MD,MD,1
21810,MD,MD,1
21811,MD,MD,1
21813,MD,MD,1
21814,MD,MD,1
21817,MD,MD,1
21821,MD,MD,1
21822,MD,MD,1
21824,MD,MD,1
21826,MD,MD,1
21829,MD,MD,1
21830,MD,MD,1
21835,MD,MD,1
21837,MD,MD,1
21838,MD,MD,1
21840,MD,MD,1
21841,MD,MD,1
21842,MD,MD,1
21849,MD,MD,1
21850,MD,MD,1
21851,MD,MD,1
21853,MD,MD,1
21856,MD,MD,1
21861,MD,MD,1
21862,MD,MD,1
21863,MD,MD,1
21864,MD,MD,1
21865,MD,MD,1
21866,MD,MD,1
21867,MD,MD,1
21869,MD,MD,1
21871,MD,MD,1
21872,MD,MD,1
21874,MD,DE|MD,2
21875,MD,MD,1
21890,MD,MD,1
21901,MD,MD,1
21902,MD,MD,1
21903,MD,MD,1
21904,MD,MD,1
21911,MD,MD,1
21912,MD,DE|MD,2
21913,MD,MD,1
21914,MD,MD,1
21915,MD,MD,1
21917,MD,MD,1
21918,MD,MD,1
21919,MD,MD,1
21920,MD,MD,1
21921,MD,MD,1
21930,MD,MD,1
22003,VA,VA,1
22015,VA,VA,1
22025,VA,VA,1
22026,VA,VA,1
22027,VA,VA,1
22030,VA,VA,1
22031,VA,VA,1
22032,VA,VA,1
22033,VA,VA,1
22035,VA,VA,1
22039,VA,VA,1
22041,VA,VA,1
22042,VA,VA,1
22043,VA,VA,1
22044,VA,VA,1
22046,VA,VA,1
22060,VA,VA,1
22066,VA,VA,1
22079,VA,VA,1
22101,VA,VA,1
22102,VA,VA,1
22124,VA,VA,1
22125,VA,VA,1
22134,VA,VA,1
22150,VA,VA,1
22151,VA,VA,1
22152,VA,VA,1
22153,VA,VA,1
22172,VA,VA,1
22180,VA,VA,1
22181,VA,VA,1
22182,VA,VA,1
22191,VA,VA,1
22192,VA,VA,1
22193,VA,VA,1
22201,VA,VA,1
22202,VA,VA,1
22203,VA,VA,1
22204,VA,VA,1
22205,VA,VA,1
22206,VA,VA,1
22207,VA,VA,1
22209,VA,VA,1
22211,VA,VA,1
22213,VA,VA,1
22214,VA,VA,1
22301,VA,VA,1
22302,VA,VA,1
22303,VA,VA,1
22304,VA,VA,1
22305,VA,VA,1
22306,VA,VA,1
22307,VA,VA,1
22308,VA,VA,1
22309,VA,VA,1
22310,VA,VA,1
22311,VA,VA,1
22312,VA,VA,1
22314,VA,VA,1
22315,VA,VA,1
22401,VA,VA,1
22405,VA,VA,1
22406,VA,VA,1
22407,VA,VA,1
22408,VA,VA,1
22427,VA,VA,1
22432,VA,VA,1
22433,VA,VA,1
22435,VA,VA,1
22436,VA,VA,1
22437,VA,VA,1
22438,VA,VA,1
22443,VA,VA,1
22448,VA,VA,1
22454,VA,VA,1
22460,VA,VA,1
22469,VA,VA,1
22472,VA,VA,1
22473,VA,VA,1
22476,VA,VA,1
22480,VA,VA,1
22482,VA,VA,1
22485,VA,VA,1
22488,VA,VA,1
22503,VA,VA,1
22504,VA,VA,1
22508,VA,VA,1
22509,VA,VA,1
22511,VA,VA,1
22514,VA,VA,1
22520,VA,VA,1
22529,VA,VA,1
22534,VA,VA,1
22535,VA,VA,1
22538,VA,VA,1
22539,VA,VA,1
22542,VA,VA,1
22546,VA,VA,1
22548,VA,VA,1
22551,VA,VA,1
22553,VA,VA,1
22554,VA,VA,1
22556,VA,VA,1
22560,VA,VA,1
22567,VA,VA,1
22572,VA,VA,1
22576,VA,VA,1
22578,VA,VA,1
22580,VA,VA,1
22601,VA,VA,1
22602,VA,VA,1
22603,VA,VA,1
22610,VA,VA,1
22611,VA,VA,1
22620,VA,VA,1
22623,VA,VA,1
22624,VA,VA,1
22625,VA,VA,1
22627,VA,VA,1
22630,VA,VA,1
22637,VA,VA,1
22639,VA,VA,1
22640,VA,VA,1
22641,VA,VA,1
22642,VA,VA,1
22643,VA,VA,1
22644,VA,VA,1
22645,VA,VA,1
22646,VA,VA,1
22650,VA,VA,1
22652,VA,VA,1
22654,VA,VA,1
22655,VA,VA,1
22656,VA,VA,1
22657,VA,VA,1
22660,VA,VA,1
22663,VA,VA,1
22664,VA,VA,1
22701,VA,VA,1
22709,VA,VA,1
22711,VA,VA,1
22712,VA,VA,1
22713,VA,VA,1
22714,VA,VA,1
22715,VA,VA,1
22716,VA,VA,1
22718,VA,VA,1
22719,VA,VA,1
22720,VA,VA,1
22722,VA,VA,1
22723,VA,VA,1
22724,VA,VA,1
22725,VA,VA,1
22726,VA,VA,1
22727,VA,VA,1
22728,VA,VA,1
22729,VA,VA,1
22730,VA,VA,1
22731,VA,VA,1
22732,VA,VA,1
22733,VA,VA,1
22734,VA,VA,1
22735,VA,VA,1
22736,VA,VA,1
22737,VA,VA,1
22738,VA,VA,1
22740,VA,VA,1
22741,VA,VA,1
22742,VA,VA,1
22743,VA,VA,1
22746,VA,VA,1
22747,VA,VA,1
22749,VA,VA,1
22801,VA,VA,1
22802,VA,VA,1
22807,VA,VA,1
22810,VA,VA,1
22811,VA,VA,1
22812,VA,VA,1
22815,VA,VA,1
22820,VA,VA,1
22821,VA,VA,1
22824,VA,VA,1
22827,VA,VA,1
22830,VA,VA,1
22831,VA,VA,1
22832,VA,VA,1
22834,VA,VA,1
22835,VA,VA,1
22840,VA,VA,1
22841,VA,VA,1
22842,VA,VA,1
22843,VA,VA,1
22844,VA,VA,1
22845,VA,VA,1
22846,VA,VA,1
22847,VA,VA,1
22849,VA,VA,1
22850,VA,VA,1
22851,VA,VA,1
22853,VA,VA,1
22901,VA,VA,1
22902,VA,VA,1
22903,VA,VA,1
22904,VA,VA,1
22908,VA,VA,1
22911,VA,VA,1
22920,VA,VA,1
22922,VA,VA,1
22923,VA,VA,1
22931,VA,VA,1
22932,VA,VA,1
22935,VA,VA,1
22936,VA,VA,1
22937,VA,VA,1
22938,VA,VA,1
22939,VA,VA,1
22940,VA,VA,1
22942,VA,VA,1
22943,VA,VA,1
22946,VA,VA,1
22947,VA,VA,1
22948,VA,VA,1
22949,VA,VA,1
22952,VA,VA,1
22957,VA,VA,1
22958,VA,VA,1
22959,VA,VA,1
22960,VA,VA,1
22963,VA,VA,1
22964,VA,VA,1
22967,VA,VA,1
22968,VA,VA,1
22969,VA,VA,1
22971,VA,VA,1
22972,VA,VA,1
22973,VA,VA,1
22974,VA,VA,1
22976,VA,VA,1
22980,VA,VA,1
22989,VA,VA,1
23002,VA,VA,1
23004,VA,VA,1
23005,VA,VA,1
23009,VA,VA,1
23011,VA,VA,1
23015,VA,VA,1
23021,VA,VA,1
23022,VA,VA,1
23023,VA,VA,1
23024,VA,VA,1
23025,VA,VA,1
23027,VA,VA,1
23030,VA,VA,1
23032,VA,VA,1
23035,VA,VA,1
23038,VA,VA,1
23039,VA,VA,1
23040,VA,VA,1
23043,VA,VA,1
23045,VA,VA,1
23047,VA,VA,1
23050,VA,VA,1
23055,VA,VA,1
23056,VA,VA,1
23059,VA,VA,1
23060,VA,VA,1
23061,VA,VA,1
23062,VA,VA,1
23063,VA,VA,1
23065,VA,VA,1
23066,VA,VA,1
23068,VA,VA,1
23069,VA,VA,1
23070,VA,VA,1
23071,VA,VA,1
23072,VA,VA,1
23075,VA,VA,1
23076,VA,VA,1
23079,VA,VA,1
23081,VA,VA,1
23083,VA,VA,1
23084,VA,VA,1
23085,VA,VA,1
23086,VA,VA,1
23089,VA,VA,1
23091,VA,VA,1
23092,VA,VA,1
23093,VA,VA,1
23102,VA,VA,1
23103,VA,VA,1
23106,VA,VA,1
23108,VA,VA,1
23109,VA,VA,1
23110,VA,VA,1
23111,VA,VA,1
23112,VA,VA,1
23113,VA,VA,1
23114,VA,VA,1
23116,VA,VA,1
23117,VA,VA,1
23119,VA,VA,1
23120,VA,VA,1
23123,VA,VA,1
23124,VA,VA,1
23126,VA,VA,1
23128,VA,VA,1
23129,VA,VA,1
23130,VA,VA,1
23138,VA,VA,1
23139,VA,VA,1
23140,VA,VA,1
23141,VA,VA,1
23146,VA,VA,1
23147,VA,VA,1
23148,VA,VA,1
23149,VA,VA,1
23150,VA,VA,1
23153,VA,VA,1
23156,VA,VA,1
23160,VA,VA,1
23161,VA,VA,1
23163,VA,VA,1
23168,VA,VA,1
23169,VA,VA,1
23173,VA,VA,1
23175,VA,VA,1
23176,VA,VA,1
23177,VA,VA,1
23180,VA,VA,1
23181,VA,VA,1
23185,VA,VA,1
23188,VA,VA,1
23192,VA,VA,1
23219,VA,VA,1
23220,VA,VA,1
23221,VA,VA,1
23222,VA,VA,1
23223,VA,VA,1
23224,VA,VA,1
23225,VA,VA,1
23226,VA,VA,1
23227,VA,VA,1
23228,VA,VA,1
23229,VA,VA,1
23230,VA,VA,1
23231,VA,VA,1
23233,VA,VA,1
23234,VA,VA,1
23235,VA,VA,1
23236,VA,VA,1
23237,VA,VA,1
23238,VA,VA,1
23250,VA,VA,1
23284,VA,VA,1
23294,VA,VA,1
23298,VA,VA,1
23301,VA,VA,1
23302,VA,VA,1
23303,VA,VA,1
23304,VA,VA,1
23306,VA,VA,1
23307,VA,VA,1
23308,VA,VA,1
23310,VA,VA,1
23314,VA,VA,1
23315,VA,VA,1
23316,VA,VA,1
23320,VA,VA,1
23321,VA,VA,1
23322,VA,VA,1
23323,VA,VA,1
23324,VA,VA,1
23325,VA,VA,1
23336,VA,VA,1
23337,VA,VA,1
23347,VA,VA,1
23350,VA,VA,1
23354,VA,VA,1
23356,VA,VA,1
23357,VA,VA,1
23358,VA,VA,1
23359,VA,VA,1
23389,VA,VA,1
23395,VA,VA,1
23398,VA,VA,1
23401,VA,VA,1
23405,VA,VA,1
23407,VA,VA,1
23408,VA,VA,1
23409,VA,VA,1
23410,VA,VA,1
23413,VA,VA,1
23414,VA,VA,1
23415,VA,VA,1
23416,VA,VA,1
23417,VA,VA,1
23418,VA,VA,1
23420,VA,VA,1
23421,VA,VA,1
23422,VA,VA,1
23423,VA,VA,1
23426,VA,VA,1
23427,VA,VA,1
23430,VA,VA,1
23432,VA,VA,1
23433,VA,VA,1
23434,VA,VA,1
23435,VA,VA,1
23436,VA,VA,1
23437,VA,VA,1
23438,VA,VA,1
23440,VA,VA,1
23441,VA,VA,1
23442,VA,VA,1
23451,VA,VA,1
23452,VA,VA,1
23453,VA,VA,1
23454,VA,VA,1
23455,VA,VA,1
23456,VA,VA,1
23457,VA,VA,1
23459,VA,VA,1
23460,VA,VA,1
23461,VA,VA,1
23462,VA,VA,1
23464,VA,VA,1
23480,VA,VA,1
23486,VA,VA,1
23487,VA,VA,1
23488,VA,VA,1
23502,VA,VA,1
23503,VA,VA,1
23504,VA,VA,1
23505,VA,VA,1
23507,VA,VA,1
23508,VA,VA,1
23509,VA,VA,1
23510,VA,VA,1
23511,VA,VA,1
23513,VA,VA,1
23517,VA,VA,1
23518,VA,VA,1
23523,VA,VA,1
23551,VA,VA,1
23601,VA,VA,1
23602,VA,VA,1
23603,VA,VA,1
23604,VA,VA,1
23605,VA,VA,1
23606,VA,VA,1
23607,VA,VA,1
23608,VA,VA,1
23651,VA,VA,1
23661,VA,VA,1
23662,VA,VA,1
23663,VA,VA,1
23664,VA,VA,1
23665,VA,VA,1
23666,VA,VA,1
23667,VA,VA,1
23668,VA,VA,1
23669,VA,VA,1
23681,VA,VA,1
23690,VA,VA,1
23691,VA,VA,1
23692,VA,VA,1
23693,VA,VA,1
23696,VA,VA,1
23701,VA,VA,1
23702,VA,VA,1
23703,VA,VA,1
23704,VA,VA,1
23707,VA,VA,1
23708,VA,VA,1
23709,VA,VA,1
23801,VA,VA,1
23803,VA,VA,1
23805,VA,VA,1
23821,VA,VA,1
23824,VA,VA,1
23827,VA,VA,1
23828,VA,VA,1
23829,VA,VA,1
23830,VA,VA,1
23831,VA,VA,1
23832,VA,VA,1
23833,VA,VA,1
23834,VA,VA,1
23836,VA,VA,1
23837,VA,VA,1
23838,VA,VA,1
23839,VA,VA,1
23840,VA,VA,1
23841,VA,VA,1
23842,VA,VA,1
23843,VA,VA,1
23844,VA,VA,1
23845,VA,VA,1
23846,VA,VA,1
23847,VA,VA,1
23850,VA,VA,1
23851,VA,VA,1
23856,VA,VA,1
23857,VA,VA,1
23860,VA,VA,1
23866,VA,VA,1
23867,VA,VA,1
23868,VA,VA,1
23870,VA,VA,1
23872,VA,VA,1
23874,VA,VA,1
23875,VA,VA,1
23876,VA,VA,1
23878,VA,VA,1
23879,VA,VA,1
23881,VA,VA,1
23882,VA,VA,1
23883,VA,VA,1
23884,VA,VA,1
23885,VA,VA,1
23887,VA,VA,1
23888,VA,VA,1
23889,VA,VA,1
23890,VA,VA,1
23891,VA,VA,1
23893,VA,VA,1
23894,VA,VA,1
23897,VA,VA,1
23898,VA,VA,1
23899,VA,VA,1
23901,VA,VA,1
23909,VA,VA,1
23915,VA,VA,1
23917,VA,VA,1
23919,VA,VA,1
23920,VA,VA,1
23921,VA,VA,1
23922,VA,VA,1
23923,VA,VA,1
23924,VA,VA,1
23927,VA,VA,1
23930,VA,VA,1
23934,VA,VA,1
23936,VA,VA,1
23937,VA,VA,1
23938,VA,VA,1
23942,VA,VA,1
23943,VA,VA,1
23944,VA,VA,1
23947,VA,VA,1
23950,VA,VA,1
23952,VA,VA,1
23954,VA,VA,1
23955,VA,VA,1
23958,VA,VA,1
23959,VA,VA,1
23960,VA,VA,1
23962,VA,VA,1
23963,VA,VA,1
23964,VA,VA,1
23966,VA,VA,1
23967,VA,VA,1
23968,VA,VA,1
23970,VA,VA,1
23974,VA,VA,1
23976,VA,VA,1
24011,VA,VA,1
24012,VA,VA,1
24013,VA,VA,1
24014,VA,VA,1
24015,VA,VA,1
24016,VA,VA,1
24017,VA,VA,1
24018,VA,VA,1
24019,VA,VA,1
24020,VA,VA,1
24022,VA,VA,1
24053,VA,VA,1
24054,VA,VA,1
24055,VA,VA,1
24058,VA,VA,1
24059,VA,VA,1
24060,VA,VA,1
24061,VA,VA,1
24064,VA,VA,1
24065,VA,VA,1
24066,VA,VA,1
24067,VA,VA,1
24069,VA,VA,1
24070,VA,VA,1
24072,VA,VA,1
24073,VA,VA,1
24076,VA,VA,1
24077,VA,VA,1
24078,VA,VA,1
24079,VA,VA,1
24082,VA,VA,1
24083,VA,VA,1
24084,VA,VA,1
24085,VA,VA,1
24086,VA,VA,1
24087,VA,VA,1
24088,VA,VA,1
24089,VA,VA,1
24090,VA,VA,1
24091,VA,VA,1
24092,VA,VA,1
24093,VA,VA,1
24095,VA,VA,1
24101,VA,VA,1
24102,VA,VA,1
24104,VA,VA,1
24105,VA,VA,1
24112,VA,VA,1
24120,VA,VA,1
24121,VA,VA,1
24122,VA,VA,1
24124,VA,VA,1
24127,VA,VA,1
24128,VA,VA,1
24129,VA,VA,1
24131,VA,VA,1
24132,VA,VA,1
24133,VA,VA,1
24134,VA,VA,1
24136,VA,VA,1
24137,VA,VA,1
24138,VA,VA,1
24139,VA,VA,1
24141,VA,VA,1
24142,VA,VA,1
24147,VA,VA,1
24148,VA,VA,1
24149,VA,VA,1
24150,VA,VA,1
24151,VA,VA,1
24153,VA,VA,1
24161,VA,VA,1
24162,VA,VA,1
24165,VA,VA,1
24167,VA,VA,1
24168,VA,VA,1
24171,VA,VA,1
24174,VA,VA,1
24175,VA,VA,1
24176,VA,VA,1
24179,VA,VA,1
24184,VA,VA,1
24185,VA,VA,1
24201,VA,VA,1
24202,VA,VA,1
24210,VA,VA,1
24211,VA,VA,1
24216,VA,VA,1
24217,VA,VA,1
24219,VA,VA,1
24220,VA,VA,1
24221,VA,VA,1
24224,VA,VA,1
24225,VA,VA,1
24226,VA,VA,1
24228,VA,VA,1
24230,VA,VA,1
24236,VA,VA,1
24237,VA,VA,1
24239,VA,VA,1
24243,VA,VA,1
24244,VA,VA,1
24245,VA,VA,1
24246,VA,VA,1
24248,VA,VA,1
24250,VA,VA,1
24251,VA,VA,1
24256,VA,VA,1
24258,VA,VA,1
24260,VA,VA,1
24263,VA,VA,1
24265,VA,VA,1
24266,VA,VA,1
24269,VA,VA,1
24270,VA,VA,1
24271,VA,VA,1
24272,VA,VA,1
24273,VA,VA,1
24277,VA,VA,1
24279,VA,VA,1
24280,VA,VA,1
24281,VA,VA,1
24282,VA,VA,1
24283,VA,VA,1
24290,VA,VA,1
24292,VA,VA,1
24293,VA,VA,1
24301,VA,VA,1
24311,VA,VA,1
24312,VA,VA,1
24313,VA,VA,1
24314,VA,VA,1
24315,VA,VA,1
24316,VA,VA,1
24317,VA,VA,1
24318,VA,VA,1
24319,VA,VA,1
24322,VA,VA,1
24323,VA,VA,1
24324,VA,VA,1
24325,VA,VA,1
24326,VA,VA,1
24327,VA,VA,1
24328,VA,VA,1
24330,VA,VA,1
24333,VA,VA,1
24340,VA,VA,1
24343,VA,VA,1
24347,VA,VA,1
24348,VA,VA,1
24350,VA,VA,1
24351,VA,VA,1
24352,VA,VA,1
24354,VA,VA,1
24360,VA,VA,1
24361,VA,VA,1
24363,VA,VA,1
24366,VA,VA,1
24368,VA,VA,1
24370,VA,VA,1
24374,VA,VA,1
24375,VA,VA,1
24377,VA,VA,1
24378,VA,VA,1
24380,VA,VA,1
24381,VA,VA,1
24382,VA,VA,1
24401,VA,VA,1
24411,VA,VA,1
24412,VA,VA,1
24413,VA,VA,1
24415,VA,VA,1
24416,VA,VA,1
24421,VA,VA,1
24422,VA,VA,1
24426,VA,VA,1
24430,VA,VA,1
24431,VA,VA,1
24432,VA,VA,1
24433,VA,VA,1
24435,VA,VA,1
24437,VA,VA,1
24439,VA,VA,1
24440,VA,VA,1
24441,VA,VA,1
24442,VA,VA,1
24445,VA,VA,1
24448,VA,VA,1
24450,VA,VA,1
24457,VA,VA,1
24458,VA,VA,1
24459,VA,VA,1
24460,VA,VA,1
24464,VA,VA,1
24465,VA,VA,1
24467,VA,VA,1
24469,VA,VA,1
24471,VA,VA,1
24472,VA,VA,1
24473,VA,VA,1
24474,VA,VA,1
24476,VA,VA,1
24477,VA,VA,1
24479,VA,VA,1
24482,VA,VA,1
24483,VA,VA,1
24484,VA,VA,1
24485,VA,VA,1
24486,VA,VA,1
24487,VA,VA,1
24501,VA,VA,1
24502,VA,VA,1
24503,VA,VA,1
24504,VA,VA,1
24515,VA,VA,1
24517,VA,VA,1
24520,VA,VA,1
24521,VA,VA,1
24522,VA,VA,1
24523,VA,VA,1
24526,VA,VA,1
24527,VA,VA,1
24528,VA,VA,1
24529,VA,VA,1
24530,VA,VA,1
24531,VA,VA,1
24534,VA,VA,1
24536,VA,VA,1
24538,VA,VA,1
24539,VA,VA,1
24540,VA,VA,1
24541,VA,VA,1
24549,VA,VA,1
24550,VA,VA,1
24551,VA,VA,1
24553,VA,VA,1
24554,VA,VA,1
24555,VA,VA,1
24556,VA,VA,1
24557,VA,VA,1
24558,VA,VA,1
24562,VA,VA,1
24563,VA,VA,1
24565,VA,VA,1
24566,VA,VA,1
24569,VA,VA,1
24570,VA,VA,1
24571,VA,VA,1
24572,VA,VA,1
24574,VA,VA,1
24577,VA,VA,1
24578,VA,VA,1
24579,VA,VA,1
24580,VA,VA,1
24581,VA,VA,1
24586,VA,VA,1
24588,VA,VA,1
24589,VA,VA,1
24590,VA,VA,1
24592,VA,VA,1
24593,VA,VA,1
24594,VA,VA,1
24595,VA,VA,1
24597,VA,VA,1
24598,VA,VA,1
24599,VA,VA,1
24601,VA,VA,1
24602,VA,VA,1
24603,VA,VA,1
24604,VA,VA|WV,2
24605,VA,VA,1
24606,VA,VA,1
24607,VA,VA,1
24609,VA,VA,1
24612,VA,VA,1
24613,VA,VA,1
24614,VA,VA,1
24620,VA,VA,1
24622,VA,VA|WV,2
24630,VA,VA,1
24631,VA,VA,1
24634,VA,VA,1
24635,VA,VA,1
24637,VA,VA,1
24639,VA,VA,1
24641,VA,VA,1
24646,VA,VA,1
24649,VA,VA,1
24651,VA,VA,1
24656,VA,VA,1
24657,VA,VA,1
24701,WV,WV,1
24712,WV,WV,1
24714,WV,WV,1
24715,WV,WV,1
24716,WV,WV,1
24719,WV,WV,1
24724,WV,WV,1
24726,WV,WV,1
24729,WV,WV,1
24731,WV,WV,1
24733,WV,WV,1
24736,WV,WV,1
24737,WV,WV,1
24738,WV,WV,1
24739,WV,WV,1
24740,WV,WV,1
24747,WV,WV,1
24801,WV,WV,1
24808,WV,WV,1
24811,WV,WV,1
24813,WV,WV,1
24815,WV,WV,1
24816,WV,WV,1
24817,WV,WV,1
24818,WV,WV,1
24822,WV,WV,1
24823,WV,WV,1
24826,WV,WV,1
24827,WV,WV,1
24828,WV,WV,1
24830,WV,WV,1
24831,WV,WV,1
24834,WV,WV,1
24836,WV,WV,1
24839,WV,WV,1
24843,WV,WV,1
24844,WV,WV,1
24845,WV,WV,1
24846,WV,WV,1
24847,WV,WV,1
24848,WV,WV,1
24849,WV,WV,1
24850,WV,WV,1
24851,WV,WV,1
24853,WV,WV,1
24854,WV,WV,1
24855,WV,WV,1
24857,WV,WV,1
24860,WV,WV,1
24861,WV,WV,1
24862,WV,WV,1
24866,WV,WV,1
24867,WV,WV,1
24868,WV,WV,1
24869,WV,WV,1
24870,WV,WV,1
24871,WV,WV,1
24872,WV,WV,1
24873,WV,WV,1
24874,WV,WV,1
24878,WV,WV,1
24879,WV,WV,1
24880,WV,WV,1
24881,WV,WV,1
24882,WV,WV,1
24884,WV,WV,1
24887,WV,WV,1
24888,WV,WV,1
24892,WV,WV,1
24894,WV,WV,1
24895,WV,WV,1
24898,WV,WV,1
24901,WV,WV,1
24910,WV,WV,1
24915,WV,WV,1
24916,WV,WV,1
24918,WV,WV,1
24920,WV,WV,1
24924,WV,WV,1
24925,WV,WV,1
24927,WV,WV,1
24931,WV,WV,1
24934,WV,WV,1
24935,WV,WV,1
24938,WV,WV,1
24941,WV,WV,1
24943,WV,WV,1
24944,WV,WV,1
24945,WV,WV,1
24946,WV,WV,1
24951,WV,WV,1
24954,WV,WV,1
24957,WV,WV,1
24962,WV,WV,1
24963,WV,WV,1
24966,WV,WV,1
24970,WV,WV,1
24974,WV,WV,1
24976,WV,WV,1
24977,WV,WV,1
24981,WV,WV,1
24983,WV,WV,1
24984,WV,WV,1
24985,WV,WV,1
24986,WV,WV,1
24991,WV,WV,1
24993,WV,WV,1
25002,WV,WV,1
25003,WV,WV,1
25005,WV,WV,1
25007,WV,WV,1
25008,WV,WV,1
25009,WV,WV,1
25011,WV,WV,1
25015,WV,WV,1
25019,WV,WV,1
25021,WV,WV,1
25022,WV,WV,1
25024,WV,WV,1
25025,WV,WV,1
25028,WV,WV,1
25030,WV,WV,1
25031,WV,WV,1
25033,WV,WV,1
25035,WV,WV,1
25036,WV,WV,1
25039,WV,WV,1
25040,WV,WV,1
25043,WV,WV,1
25044,WV,WV,1
25045,WV,WV,1
25047,WV,WV,1
25048,WV,WV,1
25049,WV,WV,1
25051,WV,WV,1
25053,WV,WV,1
25054,WV,WV,1
25057,WV,WV,1
25059,WV,WV,1
25060,WV,WV,1
25061,WV,WV,1
25062,WV,WV,1
25063,WV,WV,1
25064,WV,WV,1
25067,WV,WV,1
25070,WV,WV,1
25071,WV,WV,1
25075,WV,WV,1
25076,WV,WV,1
25081,WV,WV,1
25082,WV,WV,1
25083,WV,WV,1
25085,WV,WV,1
25086,WV,WV,1
25088,WV,WV,1
25090,WV,WV,1
25093,WV,WV,1
25102,WV,WV,1
25103,WV,WV,1
25106,WV,WV,1
25107,WV,WV,1
25108,WV,WV,1
25109,WV,WV,1
25110,WV,WV,1
25111,WV,WV,1
25112,WV,WV,1
25113,WV,WV,1
25114,WV,WV,1
25115,WV,WV,1
25118,WV,WV,1
25119,WV,WV,1
25121,WV,WV,1
25123,WV,WV,1
25124,WV,WV,1
25125,WV,WV,1
25126,WV,WV,1
25130,WV,WV,1
25132,WV,WV,1
25133,WV,WV,1
25134,WV,WV,1
25136,WV,WV,1
25139,WV,WV,1
25140,WV,WV,1
25141,WV,WV,1
25142,WV,WV,1
25143,WV,WV,1
25148,WV,WV,1
25149,WV,WV,1
25152,WV,WV,1
25154,WV,WV,1
25156,WV,WV,1
25159,WV,WV,1
25160,WV,WV,1
25161,WV,WV,1
25162,WV,WV,1
25164,WV,WV,1
25165,WV,WV,1
25168,WV,WV,1
25169,WV,WV,1
25173,WV,WV,1
25174,WV,WV,1
25177,WV,WV,1
25180,WV,WV,1
25181,WV,WV,1
25183,WV,WV,1
25185,WV,WV,1
25186,WV,WV,1
25187,WV,WV,1
25193,WV,WV,1
25201,WV,WV,1
25202,WV,WV,1
25203,WV,WV,1
25204,WV,WV,1
25205,WV,WV,1
25206,WV,WV,1
25208,WV,WV,1
25209,WV,WV,1
25211,WV,WV,1
25213,WV,WV,1
25214,WV,WV,1
25231,WV,WV,1
25234,WV,WV,1
25235,WV,WV,1
25239,WV,WV,1
25241,WV,WV,1
25243,WV,WV,1
25244,WV,WV,1
25245,WV,WV,1
25247,WV,WV,1
25248,WV,WV,1
25251,WV,WV,1
25252,WV,WV,1
25253,WV,WV,1
25259,WV,WV,1
25260,WV,WV,1
25261,WV,WV,1
25262,WV,WV,1
25264,WV,WV,1
25265,WV,WV,1
25266,WV,WV,1
25267,WV,WV,1
25268,WV,WV,1
25270,WV,WV,1
25271,WV,WV,1
25275,WV,WV,1
25276,WV,WV,1
25285,WV,WV,1
25286,WV,WV,1
25287,WV,WV,1
25301,WV,WV,1
25302,WV,WV,1
25303,WV,WV,1
25304,WV,WV,1
25305,WV,WV,1
25306,WV,WV,1
25309,WV,WV,1
25311,WV,WV,1
25312,WV,WV,1
25313,WV,WV,1
25314,WV,WV,1
25315,WV,WV,1
25320,WV,WV,1
25387,WV,WV,1
25401,WV,WV,1
25403,WV,WV,1
25404,WV,WV,1
25405,WV,WV,1
25411,WV,WV,1
25413,WV,WV,1
25414,WV,WV,1
25419,WV,WV,1
25420,WV,WV,1
25421,WV,WV,1
25422,WV,WV,1
25425,WV,WV,1
25427,WV,WV,1
25428,WV,WV,1
25430,WV,WV,1
25431,WV,WV,1
25432,WV,WV,1
25434,WV,WV,1
25437,WV,WV,1
25438,WV,WV,1
25442,WV,WV,1
25443,WV,WV,1
25444,WV,WV,1
25446,WV,WV,1
25501,WV,WV,1
25502,WV,WV,1
25503,WV,WV,1
25504,WV,WV,1
25505,WV,WV,1
25506,WV,WV,1
25507,WV,WV,1
25508,WV,WV,1
25510,WV,WV,1
25511,WV,WV,1
25512,WV,WV,1
25514,WV,WV,1
25515,WV,WV,1
25517,WV,WV,1
25520,WV,WV,1
25521,WV,WV,1
25523,WV,WV,1
25524,WV,WV,1
25526,WV,WV,1
25529,WV,WV,1
25530,WV,WV,1
25534,WV,WV,1
25535,WV,WV,1
25537,WV,WV,1
25540,WV,WV,1
25541,WV,WV,1
25544,WV,WV,1
25545,WV,WV,1
25547,WV,WV,1
25550,WV,WV,1
25555,WV,WV,1
25557,WV,WV,1
25559,WV,WV,1
25560,WV,WV,1
25564,WV,WV,1
25565,WV,WV,1
25567,WV,WV,1
25570,WV,WV,1
25571,WV,WV,1
25573,WV,WV,1
25601,WV,WV,1
25606,WV,WV,1
25607,WV,WV,1
25608,WV,WV,1
25611,WV,WV,1
25612,WV,WV,1
25617,WV,WV,1
25621,WV,WV,1
25624,WV,WV,1
25625,WV,WV,1
25628,WV,WV,1
25630,WV,WV,1
25632,WV,WV,1
25634,WV,WV,1
25635,WV,WV,1
25637,WV,WV,1
25638,WV,WV,1
25639,WV,WV,1
25644,WV,WV,1
25646,WV,WV,1
25647,WV,WV,1
25649,WV,WV,1
25650,WV,WV,1
25651,WV,WV,1
25652,WV,WV,1
25653,WV,WV,1
25654,WV,WV,1
25661,WV,WV,1
25666,WV,WV,1
25667,WV,WV,1
25669,WV,WV,1
25670,WV,WV,1
25671,WV,WV,1
25672,WV,WV,1
25674,WV,WV,1
25676,WV,WV,1
25678,WV,WV,1
25685,WV,WV,1
25688,WV,WV,1
25690,WV,WV,1
25692,WV,WV,1
25696,WV,WV,1
25699,WV,WV,1
25701,WV,WV,1
25702,WV,WV,1
25703,WV,WV,1
25704,WV,WV,1
25705,WV,WV,1
25755,WV,WV,1
25801,WV,WV,1
25810,WV,WV,1
25811,WV,WV,1
25812,WV,WV,1
25813,WV,WV,1
25817,WV,WV,1
25818,WV,WV,1
25820,WV,WV,1
25823,WV,WV,1
25825,WV,WV,1
25826,WV,WV,1
25827,WV,WV,1
25831,WV,WV,1
25832,WV,WV,1
25836,WV,WV,1
25837,WV,WV,1
25839,WV,WV,1
25840,WV,WV,1
25841,WV,WV,1
25843,WV,WV,1
25844,WV,WV,1
25845,WV,WV,1
25846,WV,WV,1
25848,WV,WV,1
25849,WV,WV,1
25851,WV,WV,1
25853,WV,WV,1
25854,WV,WV,1
25855,WV,WV,1
25857,WV,WV,1
25862,WV,WV,1
25864,WV,WV,1
25865,WV,WV,1
25866,WV,WV,1
25868,WV,WV,1
25870,WV,WV,1
25871,WV,WV,1
25873,WV,WV,1
25875,WV,WV,1
25876,WV,WV,1
25878,WV,WV,1
25879,WV,WV,1
25880,WV,WV,1
25882,WV,WV,1
25901,WV,WV,1
25902,WV,WV,1
25904,WV,WV,1
25907,WV,WV,1
25908,WV,WV,1
25909,WV,WV,1
25911,WV,WV,1
25913,WV,WV,1
25915,WV,WV,1
25916,WV,WV,1
25917,WV,WV,1
25918,WV,WV,1
25920,WV,WV,1
25921,WV,WV,1
25922,WV,WV,1
25928,WV,WV,1
25932,WV,WV,1
25936,WV,WV,1
25938,WV,WV,1
25942,WV,WV,1
25943,WV,WV,1
25951,WV,WV,1
25958,WV,WV,1
25962,WV,WV,1
25966,WV,WV,1
25969,WV,WV,1
25971,WV,WV,1
25972,WV,WV,1
25976,WV,WV,1
25977,WV,WV,1
25978,WV,WV,1
25979,WV,WV,1
25981,WV,WV,1
25984,WV,WV,1
25985,WV,WV,1
25986,WV,WV,1
25989,WV,WV,1
26003,WV,WV,1
26030,WV,WV,1
26031,WV,WV,1
26032,WV,WV,1
26033,WV,WV,1
26034,WV,WV,1
26035,WV,WV,1
26036,WV,WV,1
26037,WV,WV,1
26038,WV,WV,1
26039,WV,WV,1
26040,WV,WV,1
26041,WV,WV,1
26047,WV,WV,1
26050,WV,WV,1
26055,WV,WV,1
26056,WV,WV,1
26058,WV,WV,1
26059,WV,WV,1
26060,WV,WV,1
26062,WV,WV,1
26070,WV,WV,1
26074,WV,WV,1
26075,WV,WV,1
26101,WV,WV,1
26104,WV,WV,1
26105,WV,WV,1
26133,WV,WV,1
26134,WV,WV,1
26136,WV,WV,1
26137,WV,WV,1
26138,WV,WV,1
26141,WV,WV,1
26142,WV,WV,1
26143,WV,WV,1
26146,WV,WV,1
26147,WV,WV,1
26148,WV,WV,1
26149,WV,WV,1
26150,WV,WV,1
26151,WV,WV,1
26152,WV,WV,1
26155,WV,WV,1
26159,WV,WV,1
26160,WV,WV,1
26161,WV,WV,1
26162,WV,WV,1
26164,WV,WV,1
26167,WV,WV,1
26169,WV,WV,1
26170,WV,WV,1
26175,WV,WV,1
26178,WV,WV,1
26180,WV,WV,1
26181,WV,WV,1
26184,WV,WV,1
26187,WV,WV,1
26201,WV,WV,1
26202,WV,WV,1
26203,WV,WV,1
26205,WV,WV,1
26206,WV,WV,1
26208,WV,WV,1
26209,WV,WV,1
26210,WV,WV,1
26215,WV,WV,1
26217,WV,WV,1
26218,WV,WV,1
26222,WV,WV,1
26224,WV,WV,1
26228,WV,WV,1
26230,WV,WV,1
26234,WV,WV,1
26236,WV,WV,1
26237,WV,WV,1
26238,WV,WV,1
26241,WV,WV,1
26250,WV,WV,1
26253,WV,WV,1
26254,WV,WV,1
26257,WV,WV,1
26259,WV,WV,1
26260,WV,WV,1
26261,WV,WV,1
26263,WV,WV,1
26264,WV,WV,1
26266,WV,WV,1
26267,WV,WV,1
26268,WV,WV,1
26269,WV,WV,1
26270,WV,WV,1
26271,WV,WV,1
26273,WV,WV,1
26275,WV,WV,1
26276,WV,WV,1
26278,WV,WV,1
26280,WV,WV,1
26282,WV,WV,1
26283,WV,WV,1
26285,WV,WV,1
26287,WV,WV,1
26288,WV,WV,1
26289,WV,WV,1
26291,WV,WV,1
26292,WV,WV,1
26293,WV,WV,1
26294,WV,WV,1
26296,WV,WV,1
26298,WV,WV,1
26301,WV,WV,1
26320,WV,WV,1
26321,WV,WV,1
26323,WV,WV,1
26325,WV,WV,1
26327,WV,WV,1
26330,WV,WV,1
26335,WV,WV,1
26337,WV,WV,1
26338,WV,WV,1
26339,WV,WV,1
26342,WV,WV,1
26343,WV,WV,1
26346,WV,WV,1
26347,WV,WV,1
26348,WV,WV,1
26349,WV,WV,1
26351,WV,WV,1
26354,WV,WV,1
26361,WV,WV,1
26362,WV,WV,1
26366,WV,WV,1
26369,WV,WV,1
26372,WV,WV,1
26374,WV,WV,1
26376,WV,WV,1
26377,WV,WV,1
26378,WV,WV,1
26384,WV,WV,1
26385,WV,WV,1
26386,WV,WV,1
26404,WV,WV,1
26405,WV,WV,1
26408,WV,WV,1
26410,WV,WV,1
26411,WV,WV,1
26412,WV,WV,1
26415,WV,WV,1
26416,WV,WV,1
26419,WV,WV,1
26421,WV,WV,1
26422,WV,WV,1
26424,WV,WV,1
26425,WV,WV,1
26426,WV,WV,1
26430,WV,WV,1
26431,WV,WV,1
26435,WV,WV,1
26436,WV,WV,1
26437,WV,WV,1
26438,WV,WV,1
26440,WV,WV,1
26443,WV,WV,1
26444,WV,WV,1
26447,WV,WV,1
26448,WV,WV,1
26451,WV,WV,1
26452,WV,WV,1
26456,WV,WV,1
26463,WV,WV,1
26501,WV,WV,1
26505,WV,WV,1
26506,WV,WV,1
26508,WV,WV,1
26519,WV,WV,1
26520,WV,WV,1
26521,WV,WV,1
26524,WV,WV,1
26525,WV,WV,1
26534,WV,WV,1
26537,WV,WV,1
26541,WV,WV,1
26542,WV,WV,1
26543,WV,WV,1
26544,WV,WV,1
26546,WV,WV,1
26547,WV,WV,1
26554,WV,WV,1
26559,WV,WV,1
26560,WV,WV,1
26562,WV,WV,1
26563,WV,WV,1
26568,WV,WV,1
26570,WV,WV,1
26571,WV,WV,1
26572,WV,WV,1
26574,WV,WV,1
26575,WV,WV,1
26576,WV,WV,1
26581,WV,WV,1
26582,WV,WV,1
26585,WV,WV,1
26586,WV,WV,1
26587,WV,WV,1
26588,WV,WV,1
26590,WV,WV,1
26591,WV,WV,1
26601,WV,WV,1
26610,WV,WV,1
26611,WV,WV,1
26615,WV,WV,1
26617,WV,WV,1
26619,WV,WV,1
26621,WV,WV,1
26623,WV,WV,1
26624,WV,WV,1
26627,WV,WV,1
26629,WV,WV,1
26631,WV,WV,1
26636,WV,WV,1
26638,WV,WV,1
26651,WV,WV,1
26656,WV,WV,1
26660,WV,WV,1
26662,WV,WV,1
26667,WV,WV,1
26671,WV,WV,1
26676,WV,WV,1
26678,WV,WV,1
26679,WV,WV,1
26680,WV,WV,1
26681,WV,WV,1
26684,WV,WV,1
26690,WV,WV,1
26691,WV,WV,1
26704,WV,WV,1
26705,WV,WV,1
26707,WV,WV,1
26710,WV,WV,1
26711,WV,WV,1
26714,WV,WV,1
26716,WV,WV,1
26717,WV,WV,1
26719,WV,WV,1
26720,WV,WV,1
26722,WV,WV,1
26726,WV,WV,1
26731,WV,WV,1
26739,WV,WV,1
26743,WV,WV,1
26750,WV,WV,1
26753,WV,WV,1
26755,WV,WV,1
26757,WV,WV,1
26761,WV,WV,1
26763,WV,WV,1
26764,WV,WV,1
26767,WV,WV,1
26801,WV,WV,1
26802,WV,WV,1
26804,WV,WV,1
26807,WV,WV,1
26808,WV,WV,1
26810,WV,WV,1
26812,WV,WV,1
26814,WV,WV,1
26815,WV,WV,1
26817,WV,WV,1
26818,WV,WV,1
26823,WV,WV,1
26833,WV,WV,1
26836,WV,WV,1
26838,WV,WV,1
26845,WV,WV,1
26847,WV,WV,1
26851,WV,WV,1
26852,WV,WV,1
26855,WV,WV,1
26865,WV,WV,1
26866,WV,WV,1
26884,WV,WV,1
26886,WV,WV,1
27006,NC,NC,1
27007,NC,NC,1
27009,NC,NC,1
27011,NC,NC,1
27012,NC,NC,1
27013,NC,NC,1
27014,NC,NC,1
27016,NC,NC,1
27017,NC,NC,1
27018,NC,NC,1
27019,NC,NC,1
27020,NC,NC,1
27021,NC,NC,1
27022,NC,NC,1
27023,NC,NC,1
27024,NC,NC,1
27025,NC,NC,1
27027,NC,NC,1
27028,NC,NC,1
27030,NC,NC,1
27040,NC,NC,1
27041,NC,NC,1
27042,NC,NC,1
27043,NC,NC,1
27045,NC,NC,1
27046,NC,NC,1
27047,NC,NC,1
27048,NC,NC|VA,2
27050,NC,NC,1
27051,NC,NC,1
27052,NC,NC,1
27053,NC,NC,1
27054,NC,NC,1
27055,NC,NC,1
27101,NC,NC,1
27103,NC,NC,1
27104,NC,NC,1
27105,NC,NC,1
27106,NC,NC,1
27107,NC,NC,1
27109,NC,NC,1
27110,NC,NC,1
27127,NC,NC,1
27201,NC,NC,1
27202,NC,NC,1
27203,NC,NC,1
27205,NC,NC,1
27207,NC,NC,1
27208,NC,NC,1
27209,NC,NC,1
27212,NC,NC,1
27213,NC,NC,1
27214,NC,NC,1
27215,NC,NC,1
27217,NC,NC,1
27229,NC,NC,1
27231,NC,NC,1
27233,NC,NC,1
27235,NC,NC,1
27239,NC,NC,1
27242,NC,NC,1
27243,NC,NC,1
27244,NC,NC,1
27247,NC,NC,1
27248,NC,NC,1
27249,NC,NC,1
27252,NC,NC,1
27253,NC,NC,1
27256,NC,NC,1
27258,NC,NC,1
27259,NC,NC,1
27260,NC,NC,1
27262,NC,NC,1
27263,NC,NC,1
27265,NC,NC,1
27268,NC,NC,1
27278,NC,NC,1
27281,NC,NC,1
27282,NC,NC,1
27283,NC,NC,1
27284,NC,NC,1
27288,NC,NC,1
27291,NC,NC,1
27292,NC,NC,1
27295,NC,NC,1
27298,NC,NC,1
27299,NC,NC,1
27301,NC,NC,1
27302,NC,NC,1
27305,NC,NC,1
27306,NC,NC,1
27310,NC,NC,1
27311,NC,NC,1
27312,NC,NC,1
27313,NC,NC,1
27314,NC,NC,1
27315,NC,NC,1
27316,NC,NC,1
27317,NC,NC,1
27320,NC,NC,1
27325,NC,NC,1
27326,NC,NC,1
27330,NC,NC,1
27332,NC,NC,1
27340,NC,NC,1
27341,NC,NC,1
27342,NC,NC,1
27343,NC,NC,1
27344,NC,NC,1
27349,NC,NC,1
27350,NC,NC,1
27351,NC,NC,1
27355,NC,NC,1
27356,NC,NC,1
27357,NC,NC,1
27358,NC,NC,1
27360,NC,NC,1
27370,NC,NC,1
27371,NC,NC,1
27374,NC,NC,1
27376,NC,NC,1
27377,NC,NC,1
27379,NC,NC,1
27401,NC,NC,1
27403,NC,NC,1
27405,NC,NC,1
27406,NC,NC,1
27407,NC,NC,1
27408,NC,NC,1
27409,NC,NC,1
27410,NC,NC,1
27411,NC,NC,1
27412,NC,NC,1
27455,NC,NC,1
27501,NC,NC,1
27502,NC,NC,1
27503,NC,NC,1
27504,NC,NC,1
27505,NC,NC,1
27506,NC,NC,1
27507,NC,NC,1
27508,NC,NC,1
27509,NC,NC,1
27510,NC,NC,1
27511,NC,NC,1
27513,NC,NC,1
27514,NC,NC,1
27516,NC,NC,1
27517,NC,NC,1
27518,NC,NC,1
27519,NC,NC,1
27520,NC,NC,1
27521,NC,NC,1
27522,NC,NC,1
27523,NC,NC,1
27524,NC,NC,1
27525,NC,NC,1
27526,NC,NC,1
27527,NC,NC,1
27529,NC,NC,1
27530,NC,NC,1
27531,NC,NC,1
27533,NC,NC,1
27534,NC,NC,1
27536,NC,NC,1
27537,NC,NC,1
27539,NC,NC,1
27540,NC,NC,1
27541,NC,NC,1
27542,NC,NC,1
27544,NC,NC,1
27545,NC,NC,1
27546,NC,NC,1
27549,NC,NC,1
27551,NC,NC,1
27553,NC,NC,1
27555,NC,NC,1
27556,NC,NC,1
27557,NC,NC,1
27559,NC,NC,1
27560,NC,NC,1
27562,NC,NC,1
27563,NC,NC,1
27565,NC,NC,1
27568,NC,NC,1
27569,NC,NC,1
27570,NC,NC,1
27571,NC,NC,1
27572,NC,NC,1
27573,NC,NC,1
27574,NC,NC,1
27576,NC,NC,1
27577,NC,NC,1
27581,NC,NC,1
27582,NC,NC,1
27583,NC,NC,1
27584,NC,NC,1
27587,NC,NC,1
27589,NC,NC,1
27591,NC,NC,1
27592,NC,NC,1
27593,NC,NC,1
27594,NC,NC,1
27596,NC,NC,1
27597,NC,NC,1
27599,NC,NC,1
27601,NC,NC,1
27603,NC,NC,1
27604,NC,NC,1
27605,NC,NC,1
27606,NC,NC,1
27607,NC,NC,1
27608,NC,NC,1
27609,NC,NC,1
27610,NC,NC,1
27612,NC,NC,1
27613,NC,NC,1
27614,NC,NC,1
27615,NC,NC,1
27616,NC,NC,1
27617,NC,NC,1
27695,NC,NC,1
27697,NC,NC,1
27701,NC,NC,1
27703,NC,NC,1
27704,NC,NC,1
27705,NC,NC,1
27707,NC,NC,1
27708,NC,NC,1
27709,NC,NC,1
27712,NC,NC,1
27713,NC,NC,1
27801,NC,NC,1
27803,NC,NC,1
27804,NC,NC,1
27805,NC,NC,1
27806,NC,NC,1
27807,NC,NC,1
27808,NC,NC,1
27809,NC,NC,1
27810,NC,NC,1
27812,NC,NC,1
27813,NC,NC,1
27814,NC,NC,1
27815,NC,NC,1
27816,NC,NC,1
27817,NC,NC,1
27818,NC,NC,1
27819,NC,NC,1
27820,NC,NC,1
27821,NC,NC,1
27822,NC,NC,1
27823,NC,NC,1
27824,NC,NC,1
27825,NC,NC,1
27826,NC,NC,1
27827,NC,NC,1
27828,NC,NC,1
27829,NC,NC,1
27830,NC,NC,1
27831,NC,NC,1
27832,NC,NC,1
27834,NC,NC,1
27837,NC,NC,1
27839,NC,NC,1
27840,NC,NC,1
27841,NC,NC,1
27842,NC,NC,1
27843,NC,NC,1
27844,NC,NC,1
27845,NC,NC,1
27846,NC,NC,1
27847,NC,NC,1
27849,NC,NC,1
27850,NC,NC,1
27851,NC,NC,1
27852,NC,NC,1
27853,NC,NC,1
27855,NC,NC,1
27856,NC,NC,1
27857,NC,NC,1
27858,NC,NC,1
27860,NC,NC,1
27861,NC,NC,1
27862,NC,NC,1
27863,NC,NC,1
27864,NC,NC,1
27865,NC,NC,1
27866,NC,NC,1
27869,NC,NC,1
27870,NC,NC,1
27871,NC,NC,1
27872,NC,NC,1
27873,NC,NC,1
27874,NC,NC,1
27875,NC,NC,1
27876,NC,NC,1
27877,NC,NC,1
27878,NC,NC,1
27879,NC,NC,1
27880,NC,NC,1
27881,NC,NC,1
27882,NC,NC,1
27883,NC,NC,1
27884,NC,NC,1
27885,NC,NC,1
27886,NC,NC,1
27888,NC,NC,1
27889,NC,NC,1
27890,NC,NC,1
27891,NC,NC,1
27892,NC,NC,1
27893,NC,NC,1
27896,NC,NC,1
27897,NC,NC,1
27909,NC,NC,1
27910,NC,NC,1
27915,NC,NC,1
27916,NC,NC,1
27917,NC,NC,1
27919,NC,NC,1
27920,NC,NC,1
27921,NC,NC,1
27922,NC,NC,1
27923,NC,NC,1
27924,NC,NC,1
27925,NC,NC,1
27926,NC,NC,1
27927,NC,NC,1
27928,NC,NC,1
27929,NC,NC,1
27932,NC,NC,1
27935,NC,NC,1
27936,NC,NC,1
27937,NC,NC,1
27938,NC,NC,1
27939,NC,NC,1
27941,NC,NC,1
27942,NC,NC,1
27943,NC,NC,1
27944,NC,NC,1
27946,NC,NC,1
27947,NC,NC,1
27948,NC,NC,1
27949,NC,NC,1
27950,NC,NC,1
27953,NC,NC,1
27954,NC,NC,1
27956,NC,NC,1
27957,NC,NC,1
27958,NC,NC,1
27959,NC,NC,1
27960,NC,NC,1
27962,NC,NC,1
27964,NC,NC,1
27965,NC,NC,1
27966,NC,NC,1
27967,NC,NC,1
27968,NC,NC,1
27969,NC,NC,1
27970,NC,NC,1
27972,NC,NC,1
27973,NC,NC,1
27974,NC,NC,1
27976,NC,NC,1
27978,NC,NC,1
27979,NC,NC,1
27980,NC,NC,1
27981,NC,NC,1
27982,NC,NC,1
27983,NC,NC,1
27985,NC,NC,1
27986,NC,NC,1
28001,NC,NC,1
28006,NC,NC,1
28007,NC,NC,1
28009,NC,NC,1
28012,NC,NC,1
28016,NC,NC,1
28017,NC,NC,1
28018,NC,NC,1
28019,NC,NC,1
28020,NC,NC,1
28021,NC,NC,1
28023,NC,NC,1
28024,NC,NC,1
28025,NC,NC,1
28027,NC,NC,1
28031,NC,NC,1
28032,NC,NC,1
28033,NC,NC,1
28034,NC,NC,1
28036,NC,NC,1
28037,NC,NC,1
28039,NC,NC,1
28040,NC,NC,1
28041,NC,NC,1
28042,NC,NC,1
28043,NC,NC,1
28052,NC,NC,1
28054,NC,NC,1
28056,NC,NC,1
28071,NC,NC,1
28072,NC,NC,1
28073,NC,NC,1
28074,NC,NC,1
28075,NC,NC,1
28076,NC,NC,1
28077,NC,NC,1
28078,NC,NC,1
28079,NC,NC,1
28080,NC,NC,1
28081,NC,NC,1
28083,NC,NC,1
28086,NC,NC,1
28088,NC,NC,1
28089,NC,NC,1
28090,NC,NC,1
28091,NC,NC,1
28092,NC,NC,1
28097,NC,NC,1
28098,NC,NC,1
28101,NC,NC,1
28102,NC,NC,1
28103,NC,NC,1
28104,NC,NC,1
28105,NC,NC,1
28107,NC,NC,1
28108,NC,NC,1
28109,NC,NC,1
28110,NC,NC,1
28112,NC,NC,1
28114,NC,NC,1
28115,NC,NC,1
28117,NC,NC,1
28119,NC,NC,1
28120,NC,NC,1
28124,NC,NC,1
28125,NC,NC,1
28127,NC,NC,1
28128,NC,NC,1
28129,NC,NC,1
28133,NC,NC,1
28134,NC,NC,1
28135,NC,NC,1
28136,NC,NC,1
28137,NC,NC,1
28138,NC,NC,1
28139,NC,NC,1
28144,NC,NC,1
28146,NC,NC,1
28147,NC,NC,1
28150,NC,NC,1
28152,NC,NC,1
28159,NC,NC,1
28160,NC,NC,1
28163,NC,NC,1
28164,NC,NC,1
28166,NC,NC,1
28167,NC,NC,1
28168,NC,NC,1
28169,NC,NC,1
28170,NC,NC,1
28173,NC,NC,1
28174,NC,NC,1
28202,NC,NC,1
28203,NC,NC,1
28204,NC,NC,1
28205,NC,NC,1
28206,NC,NC,1
28207,NC,NC,1
28208,NC,NC,1
28209,NC,NC,1
28210,NC,NC,1
28211,NC,NC,1
28212,NC,NC,1
28213,NC,NC,1
28214,NC,NC,1
28215,NC,NC,1
28216,NC,NC,1
28217,NC,NC,1
28223,NC,NC,1
28226,NC,NC,1
28227,NC,NC,1
28244,NC,NC,1
28262,NC,NC,1
28269,NC,NC,1
28270,NC,NC,1
28273,NC,NC,1
28274,NC,NC,1
28277,NC,NC,1
28278,NC,NC,1
28280,NC,NC,1
28282,NC,NC,1
28301,NC,NC,1
28303,NC,NC,1
28304,NC,NC,1
28305,NC,NC,1
28306,NC,NC,1
28307,NC,NC,1
28308,NC,NC,1
28310,NC,NC,1
28311,NC,NC,1
28312,NC,NC,1
28314,NC,NC,1
28315,NC,NC,1
28318,NC,NC,1
28320,NC,NC,1
28323,NC,NC,1
28325,NC,NC,1
28326,NC,NC,1
28327,NC,NC,1
28328,NC,NC,1
28330,NC,NC,1
28331,NC,NC,1
28332,NC,NC,1
28333,NC,NC,1
28334,NC,NC,1
28337,NC,NC,1
28338,NC,NC,1
28339,NC,NC,1
28340,NC,NC,1
28341,NC,NC,1
28342,NC,NC,1
28343,NC,NC,1
28344,NC,NC,1
28345,NC,NC,1
28347,NC,NC,1
28348,NC,NC,1
28349,NC,NC,1
28350,NC,NC,1
28351,NC,NC,1
28352,NC,NC,1
28355,NC,NC,1
28356,NC,NC,1
28357,NC,NC,1
28358,NC,NC,1
28359,NC,NC,1
28360,NC,NC,1
28362,NC,NC,1
28363,NC,NC,1
28364,NC,NC,1
28365,NC,NC,1
28366,NC,NC,1
28367,NC,NC,1
28368,NC,NC,1
28369,NC,NC,1
28371,NC,NC,1
28372,NC,NC,1
28373,NC,NC,1
28374,NC,NC,1
28375,NC,NC,1
28376,NC,NC,1
28377,NC,NC,1
28378,NC,NC,1
28379,NC,NC,1
28382,NC,NC,1
28383,NC,NC,1
28384,NC,NC,1
28385,NC,NC,1
28386,NC,NC,1
28387,NC,NC,1
28390,NC,NC,1
28391,NC,NC,1
28392,NC,NC,1
28393,NC,NC,1
28394,NC,NC,1
28395,NC,NC,1
28396,NC,NC,1
28398,NC,NC,1
28399,NC,NC,1
28401,NC,NC,1
28403,NC,NC,1
28405,NC,NC,1
28409,NC,NC,1
28411,NC,NC,1
28412,NC,NC,1
28420,NC,NC,1
28421,NC,NC,1
28422,NC,NC,1
28423,NC,NC,1
28424,NC,NC,1
28425,NC,NC,1
28428,NC,NC,1
28429,NC,NC,1
28430,NC,NC,1
28431,NC,NC,1
28432,NC,NC,1
28433,NC,NC,1
28434,NC,NC,1
28435,NC,NC,1
28436,NC,NC,1
28438,NC,NC,1
28439,NC,NC,1
28441,NC,NC,1
28442,NC,NC,1
28443,NC,NC,1
28444,NC,NC,1
28445,NC,NC,1
28447,NC,NC,1
28448,NC,NC,1
28449,NC,NC,1
28450,NC,NC,1
28451,NC,NC,1
28452,NC,NC,1
28453,NC,NC,1
28454,NC,NC,1
28455,NC,NC,1
28456,NC,NC,1
28457,NC,NC,1
28458,NC,NC,1
28460,NC,NC,1
28461,NC,NC,1
28462,NC,NC,1
28463,NC,NC,1
28464,NC,NC,1
28465,NC,NC,1
28466,NC,NC,1
28467,NC,NC,1
28468,NC,NC,1
28469,NC,NC,1
28470,NC,NC,1
28472,NC,NC,1
28478,NC,NC,1
28479,NC,NC,1
28480,NC,NC,1
28501,NC,NC,1
28504,NC,NC,1
28508,NC,NC,1
28509,NC,NC,1
28510,NC,NC,1
28511,NC,NC,1
28512,NC,NC,1
28513,NC,NC,1
28515,NC,NC,1
28516,NC,NC,1
28518,NC,NC,1
28519,NC,NC,1
28520,NC,NC,1
28521,NC,NC,1
28523,NC,NC,1
28524,NC,NC,1
28525,NC,NC,1
28526,NC,NC,1
28527,NC,NC,1
28528,NC,NC,1
28529,NC,NC,1
28530,NC,NC,1
28531,NC,NC,1
28532,NC,NC,1
28533,NC,NC,1
28537,NC,NC,1
28538,NC,NC,1
28539,NC,NC,1
28540,NC,NC,1
28542,NC,NC,1
28543,NC,NC,1
28544,NC,NC,1
28546,NC,NC,1
28547,NC,NC,1
28551,NC,NC,1
28552,NC,NC,1
28553,NC,NC,1
28554,NC,NC,1
28555,NC,NC,1
28556,NC,NC,1
28557,NC,NC,1
28560,NC,NC,1
28562,NC,NC,1
28570,NC,NC,1
28571,NC,NC,1
28572,NC,NC,1
28573,NC,NC,1
28574,NC,NC,1
28575,NC,NC,1
28577,NC,NC,1
28578,NC,NC,1
28579,NC,NC,1
28580,NC,NC,1
28581,NC,NC,1
28582,NC,NC,1
28584,NC,NC,1
28585,NC,NC,1
28586,NC,NC,1
28587,NC,NC,1
28589,NC,NC,1
28590,NC,NC,1
28594,NC,NC,1
28601,NC,NC,1
28602,NC,NC,1
28604,NC,NC,1
28605,NC,NC,1
28606,NC,NC,1
28607,NC,NC,1
28609,NC,NC,1
28610,NC,NC,1
28611,NC,NC,1
28612,NC,NC,1
28613,NC,NC,1
28615,NC,NC,1
28616,NC,NC,1
28617,NC,NC,1
28618,NC,NC,1
28619,NC,NC,1
28621,NC,NC,1
28622,NC,NC,1
28623,NC,NC,1
28624,NC,NC,1
28625,NC,NC,1
28626,NC,NC,1
28627,NC,NC,1
28628,NC,NC,1
28629,NC,NC,1
28630,NC,NC,1
28631,NC,NC,1
28634,NC,NC,1
28635,NC,NC,1
28636,NC,NC,1
28637,NC,NC,1
28638,NC,NC,1
28640,NC,NC,1
28641,NC,NC,1
28642,NC,NC,1
28643,NC,NC,1
28644,NC,NC,1
28645,NC,NC,1
28646,NC,NC,1
28649,NC,NC,1
28650,NC,NC,1
28651,NC,NC,1
28652,NC,NC,1
28653,NC,NC,1
28654,NC,NC,1
28655,NC,NC,1
28657,NC,NC,1
28658,NC,NC,1
28659,NC,NC,1
28660,NC,NC,1
28662,NC,NC,1
28663,NC,NC,1
28664,NC,NC,1
28665,NC,NC,1
28666,NC,NC,1
28667,NC,NC,1
28668,NC,NC,1
28669,NC,NC,1
28670,NC,NC,1
28671,NC,NC,1
28672,NC,NC,1
28673,NC,NC,1
28675,NC,NC|VA,2
28676,NC,NC,1
28677,NC,NC,1
28678,NC,NC,1
28679,NC,NC,1
28681,NC,NC,1
28682,NC,NC,1
28683,NC,NC,1
28684,NC,NC,1
28685,NC,NC,1
28689,NC,NC,1
28690,NC,NC,1
28692,NC,NC,1
28693,NC,NC,1
28694,NC,NC,1
28697,NC,NC,1
28698,NC,NC,1
28701,NC,NC,1
28702,NC,NC,1
28704,NC,NC,1
28705,NC,NC,1
28707,NC,NC,1
28708,NC,NC,1
28709,NC,NC,1
28710,NC,NC,1
28711,NC,NC,1
28712,NC,NC,1
28713,NC,NC,1
28714,NC,NC,1
28715,NC,NC,1
28716,NC,NC,1
28717,NC,NC,1
28718,NC,NC,1
28719,NC,NC,1
28720,NC,NC,1
28721,NC,NC,1
28722,NC,NC,1
28723,NC,NC,1
28725,NC,NC,1
28726,NC,NC,1
28729,NC,NC,1
28730,NC,NC,1
28731,NC,NC,1
28732,NC,NC,1
28733,NC,NC,1
28734,NC,NC,1
28735,NC,NC,1
28736,NC,NC,1
28739,NC,NC,1
28740,NC,NC,1
28741,NC,NC,1
28742,NC,NC,1
28743,NC,NC,1
28745,NC,NC,1
28746,NC,NC,1
28747,NC,NC,1
28748,NC,NC,1
28749,NC,NC,1
28751,NC,NC,1
28752,NC,NC,1
28753,NC,NC,1
28754,NC,NC,1
28755,NC,NC,1
28756,NC,NC,1
28757,NC,NC,1
28758,NC,NC,1
28759,NC,NC,1
28761,NC,NC,1
28762,NC,NC,1
28763,NC,NC,1
28766,NC,NC,1
28768,NC,NC,1
28770,NC,NC,1
28771,NC,NC,1
28772,NC,NC,1
28773,NC,NC,1
28774,NC,NC,1
28775,NC,NC,1
28777,NC,NC,1
28778,NC,NC,1
28779,NC,NC,1
28781,NC,NC,1
28782,NC,NC,1
28783,NC,NC,1
28785,NC,NC,1
28786,NC,NC,1
28787,NC,NC,1
28788,NC,NC,1
28789,NC,NC,1
28790,NC,NC,1
28791,NC,NC,1
28792,NC,NC,1
28801,NC,NC,1
28803,NC,NC,1
28804,NC,NC,1
28805,NC,NC,1
28806,NC,NC,1
28901,NC,NC,1
28902,NC,NC,1
28904,NC,NC,1
28905,NC,NC,1
28906,NC,NC,1
28909,NC,NC,1
29001,SC,SC,1
29003,SC,SC,1
29006,SC,SC,1
29009,SC,SC,1
29010,SC,SC,1
29014,SC,SC,1
29015,SC,SC,1
29016,SC,SC,1
29018,SC,SC,1
29020,SC,SC,1
29030,SC,SC,1
29031,SC,SC,1
29032,SC,SC,1
29033,SC,SC,1
29036,SC,SC,1
29037,SC,SC,1
29038,SC,SC,1
29039,SC,SC,1
29040,SC,SC,1
29042,SC,SC,1
29044,SC,SC,1
29045,SC,SC,1
29046,SC,SC,1
29047,SC,SC,1
29048,SC,SC,1
29051,SC,SC,1
29052,SC,SC,1
29053,SC,SC,1
29054,SC,SC,1
29055,SC,SC,1
29056,SC,SC,1
29058,SC,SC,1
29059,SC,SC,1
29061,SC,SC,1
29062,SC,SC,1
29063,SC,SC,1
29065,SC,SC,1
29067,SC,SC,1
29069,SC,SC,1
29070,SC,SC,1
29072,SC,SC,1
29073,SC,SC,1
29074,SC,SC,1
29075,SC,SC,1
29078,SC,SC,1
29079,SC,SC,1
29080,SC,SC,1
29081,SC,SC,1
29082,SC,SC,1
29101,SC,SC,1
29102,SC,SC,1
29104,SC,SC,1
29105,SC,SC,1
29107,SC,SC,1
29108,SC,SC,1
29111,SC,SC,1
29112,SC,SC,1
29113,SC,SC,1
29114,SC,SC,1
29115,SC,SC,1
29117,SC,SC,1
29118,SC,SC,1
29122,SC,SC,1
29123,SC,SC,1
29125,SC,SC,1
29126,SC,SC,1
29127,SC,SC,1
29128,SC,SC,1
29129,SC,SC,1
29130,SC,SC,1
29133,SC,SC,1
29135,SC,SC,1
29137,SC,SC,1
29138,SC,SC,1
29142,SC,SC,1
29145,SC,SC,1
29146,SC,SC,1
29148,SC,SC,1
29150,SC,SC,1
29152,SC,SC,1
29153,SC,SC,1
29154,SC,SC,1
29160,SC,SC,1
29161,SC,SC,1
29162,SC,SC,1
29163,SC,SC,1
29164,SC,SC,1
29166,SC,SC,1
29168,SC,SC,1
29169,SC,SC,1
29170,SC,SC,1
29172,SC,SC,1
29175,SC,SC,1
29177,SC,SC,1
29178,SC,SC,1
29180,SC,SC,1
29201,SC,SC,1
29203,SC,SC,1
29204,SC,SC,1
29205,SC,SC,1
29206,SC,SC,1
29207,SC,SC,1
29208,SC,SC,1
29209,SC,SC,1
29210,SC,SC,1
29212,SC,SC,1
29223,SC,SC,1
29225,SC,SC,1
29229,SC,SC,1
29301,SC,SC,1
29302,SC,SC,1
29303,SC,SC,1
29306,SC,SC,1
29307,SC,SC,1
29316,SC,SC,1
29320,SC,SC,1
29321,SC,SC,1
29322,SC,SC,1
29323,SC,SC,1
29324,SC,SC,1
29325,SC,SC,1
29329,SC,SC,1
29330,SC,SC,1
29331,SC,SC,1
29332,SC,SC,1
29333,SC,SC,1
29334,SC,SC,1
29335,SC,SC,1
29338,SC,SC,1
29340,SC,SC,1
29341,SC,SC,1
29346,SC,SC,1
29349,SC,SC,1
29351,SC,SC,1
29353,SC,SC,1
29355,SC,SC,1
29356,SC,SC,1
29360,SC,SC,1
29364,SC,SC,1
29365,SC,SC,1
29368,SC,SC,1
29369,SC,SC,1
29370,SC,SC,1
29372,SC,SC,1
29373,SC,SC,1
29374,SC,SC,1
29375,SC,SC,1
29376,SC,SC,1
29377,SC,SC,1
29378,SC,SC,1
29379,SC,SC,1
29384,SC,SC,1
29385,SC,SC,1
29388,SC,SC,1
29401,SC,SC,1
29403,SC,SC,1
29404,SC,SC,1
29405,SC,SC,1
29406,SC,SC,1
29407,SC,SC,1
29409,SC,SC,1
29410,SC,SC,1
29412,SC,SC,1
29414,SC,SC,1
29418,SC,SC,1
29420,SC,SC,1
29424,SC,SC,1
29425,SC,SC,1
29426,SC,SC,1
29429,SC,SC,1
29431,SC,SC,1
29432,SC,SC,1
29434,SC,SC,1
29435,SC,SC,1
29436,SC,SC,1
29437,SC,SC,1
29438,SC,SC,1
29439,SC,SC,1
29440,SC,SC,1
29445,SC,SC,1
29446,SC,SC,1
29448,SC,SC,1
29449,SC,SC,1
29450,SC,SC,1
29451,SC,SC,1
29452,SC,SC,1
29453,SC,SC,1
29455,SC,SC,1
29456,SC,SC,1
29458,SC,SC,1
29461,SC,SC,1
29464,SC,SC,1
29466,SC,SC,1
29468,SC,SC,1
29469,SC,SC,1
29470,SC,SC,1
29471,SC,SC,1
29472,SC,SC,1
29474,SC,SC,1
29475,SC,SC,1
29477,SC,SC,1
29479,SC,SC,1
29481,SC,SC,1
29482,SC,SC,1
29483,SC,SC,1
29485,SC,SC,1
29486,SC,SC,1
29487,SC,SC,1
29488,SC,SC,1
29492,SC,SC,1
29493,SC,SC,1
29501,SC,SC,1
29505,SC,SC,1
29506,SC,SC,1
29510,SC,SC,1
29511,SC,SC,1
29512,SC,SC,1
29516,SC,SC,1
29518,SC,SC,1
29519,SC,SC,1
29520,SC,SC,1
29525,SC,SC,1
29526,SC,SC,1
29527,SC,SC,1
29530,SC,SC,1
29532,SC,SC,1
29536,SC,SC,1
29540,SC,SC,1
29541,SC,SC,1
29543,SC,SC,1
29544,SC,SC,1
29545,SC,SC,1
29546,SC,SC,1
29547,SC,SC,1
29550,SC,SC,1
29554,SC,SC,1
29555,SC,SC,1
29556,SC,SC,1
29560,SC,SC,1
29563,SC,SC,1
29564,SC,SC,1
29565,SC,SC,1
29566,SC,SC,1
29567,SC,SC,1
29568,SC,SC,1
29569,SC,SC,1
29570,SC,SC,1
29571,SC,SC,1
29572,SC,SC,1
29574,SC,SC,1
29575,SC,SC,1
29576,SC,SC,1
29577,SC,SC,1
29579,SC,SC,1
29580,SC,SC,1
29581,SC,SC,1
29582,SC,SC,1
29583,SC,SC,1
29584,SC,SC,1
29585,SC,SC,1
29588,SC,SC,1
29589,SC,SC,1
29590,SC,SC,1
29591,SC,SC,1
29592,SC,SC,1
29593,SC,SC,1
29594,SC,SC,1
29596,SC,SC,1
29601,SC,SC,1
29605,SC,SC,1
29607,SC,SC,1
29609,SC,SC,1
29611,SC,SC,1
29613,SC,SC,1
29614,SC,SC,1
29615,SC,SC,1
29617,SC,SC,1
29620,SC,SC,1
29621,SC,SC,1
29624,SC,SC,1
29625,SC,SC,1
29626,SC,SC,1
29627,SC,SC,1
29628,SC,SC,1
29630,SC,SC,1
29631,SC,SC,1
29634,SC,SC,1
29635,SC,SC,1
29638,SC,SC,1
29639,SC,SC,1
29640,SC,SC,1
29642,SC,SC,1
29643,SC,SC,1
29644,SC,SC,1
29645,SC,SC,1
29646,SC,SC,1
29649,SC,SC,1
29650,SC,SC,1
29651,SC,SC,1
29653,SC,SC,1
29654,SC,SC,1
29655,SC,SC,1
29657,SC,SC,1
29658,SC,SC,1
29659,SC,SC,1
29661,SC,SC,1
29662,SC,SC,1
29664,SC,SC,1
29665,SC,SC,1
29666,SC,SC,1
29667,SC,SC,1
29669,SC,SC,1
29670,SC,SC,1
29671,SC,SC,1
29672,SC,SC,1
29673,SC,SC,1
29676,SC,SC,1
29678,SC,SC,1
29680,SC,SC,1
29681,SC,SC,1
29682,SC,SC,1
29683,SC,SC,1
29684,SC,SC,1
29685,SC,SC,1
29686,SC,SC,1
29687,SC,SC,1
29689,SC,SC,1
29690,SC,SC,1
29691,SC,SC,1
29692,SC,SC,1
29693,SC,SC,1
29696,SC,SC,1
29697,SC,SC,1
29702,SC,SC,1
29704,SC,SC,1
29706,SC,SC,1
29707,SC,SC,1
29708,SC,SC,1
29709,SC,SC,1
29710,SC,SC,1
29712,SC,SC,1
29714,SC,SC,1
29715,SC,SC,1
29717,SC,SC,1
29718,SC,SC,1
29720,SC,SC,1
29724,SC,SC,1
29726,SC,SC,1
29727,SC,SC,1
29728,SC,SC,1
29729,SC,SC,1
29730,SC,SC,1
29732,SC,SC,1
29733,SC,SC,1
29741,SC,SC,1
29742,SC,SC,1
29743,SC,SC,1
29745,SC,SC,1
29801,SC,SC,1
29803,SC,SC,1
29805,SC,SC,1
29809,SC,SC,1
29810,SC,SC,1
29812,SC,SC,1
29816,SC,SC,1
29817,SC,SC,1
29819,SC,SC,1
29821,SC,SC,1
29824,SC,SC,1
29826,SC,SC,1
29827,SC,SC,1
29828,SC,SC,1
29829,SC,SC,1
29831,SC,SC,1
29832,SC,SC,1
29834,SC,SC,1
29835,SC,SC,1
29836,SC,SC,1
29838,SC,SC,1
29840,SC,SC,1
29841,SC,SC,1
29842,SC,SC,1
29843,SC,SC,1
29844,SC,SC,1
29845,SC,SC,1
29847,SC,SC,1
29848,SC,SC,1
29849,SC,SC,1
29851,SC,SC,1
29853,SC,SC,1
29856,SC,SC,1
29860,SC,SC,1
29899,SC,SC,1
29902,SC,SC,1
29904,SC,SC,1
29905,SC,SC,1
29906,SC,SC,1
29907,SC,SC,1
29909,SC,SC,1
29910,SC,SC,1
29911,SC,SC,1
29912,SC,SC,1
29915,SC,SC,1
29916,SC,SC,1
29918,SC,SC,1
29920,SC,SC,1
29921,SC,SC,1
29922,SC,SC,1
29923,SC,SC,1
29924,SC,SC,1
29926,SC,SC,1
29927,SC,SC,1
29928,SC,SC,1
29929,SC,SC,1
29932,SC,SC,1
29934,SC,SC,1
29935,SC,SC,1
29936,SC,SC,1
29939,SC,SC,1
29940,SC,SC,1
29941,SC,SC,1
29943,SC,SC,1
29944,SC,SC,1
29945,SC,SC,1
30002,GA,GA,1
30004,GA,GA,1
30005,GA,GA,1
30008,GA,GA,1
30009,GA,GA,1
30011,GA,GA,1
30012,GA,GA,1
30013,GA,GA,1
30014,GA,GA,1
30016,GA,GA,1
30017,GA,GA,1
30018,GA,GA,1
30019,GA,GA,1
30021,GA,GA,1
30022,GA,GA,1
30024,GA,GA,1
30025,GA,GA,1
30028,GA,GA,1
30030,GA,GA,1
30032,GA,GA,1
30033,GA,GA,1
30034,GA,GA,1
30035,GA,GA,1
30038,GA,GA,1
30039,GA,GA,1
30040,GA,GA,1
30041,GA,GA,1
30043,GA,GA,1
30044,GA,GA,1
30045,GA,GA,1
30046,GA,GA,1
30047,GA,GA,1
30052,GA,GA,1
30054,GA,GA,1
30055,GA,GA,1
30056,GA,GA,1
30058,GA,GA,1
30060,GA,GA,1
30062,GA,GA,1
30064,GA,GA,1
30066,GA,GA,1
30067,GA,GA,1
30068,GA,GA,1
30070,GA,GA,1
30071,GA,GA,1
30072,GA,GA,1
30075,GA,GA,1
30076,GA,GA,1
30078,GA,GA,1
30079,GA,GA,1
30080,GA,GA,1
30082,GA,GA,1
30083,GA,GA,1
30084,GA,GA,1
30087,GA,GA,1
30088,GA,GA,1
30090,GA,GA,1
30092,GA,GA,1
30093,GA,GA,1
30094,GA,GA,1
30096,GA,GA,1
30097,GA,GA,1
30101,GA,GA,1
30102,GA,GA,1
30103,GA,GA,1
30104,GA,GA,1
30105,GA,GA,1
30106,GA,GA,1
30107,GA,GA,1
30108,GA,GA,1
30110,GA,GA,1
30111,GA,GA,1
30113,GA,GA,1
30114,GA,GA,1
30115,GA,GA,1
30116,GA,GA,1
30117,GA,GA,1
30118,GA,GA,1
30120,GA,GA,1
30121,GA,GA,1
30122,GA,GA,1
30124,GA,GA,1
30125,GA,GA,1
30126,GA,GA,1
30127,GA,GA,1
30132,GA,GA,1
30134,GA,GA,1
30135,GA,GA,1
30137,GA,GA,1
30139,GA,GA,1
30141,GA,GA,1
30143,GA,GA,1
30144,GA,GA,1
30145,GA,GA,1
30147,GA,GA,1
30148,GA,GA,1
30149,GA,GA,1
30152,GA,GA,1
30153,GA,GA,1
30157,GA,GA,1
30161,GA,GA,1
30165,GA,AL|GA,2
30168,GA,GA,1
30170,GA,GA,1
30171,GA,GA,1
30173,GA,GA,1
30175,GA,GA,1
30176,GA,GA,1
30177,GA,GA,1
30178,GA,GA,1
30179,GA,GA,1
30180,GA,GA,1
30182,GA,GA,1
30183,GA,GA,1
30184,GA,GA,1
30185,GA,GA,1
30187,GA,GA,1
30188,GA,GA,1
30189,GA,GA,1
30204,GA,GA,1
30205,GA,GA,1
30206,GA,GA,1
30213,GA,GA,1
30214,GA,GA,1
30215,GA,GA,1
30216,GA,GA,1
30217,GA,GA,1
30218,GA,GA,1
30220,GA,GA,1
30222,GA,GA,1
30223,GA,GA,1
30224,GA,GA,1
30228,GA,GA,1
30229,GA,GA,1
30230,GA,GA,1
30233,GA,GA,1
30234,GA,GA,1
30236,GA,GA,1
30238,GA,GA,1
30240,GA,GA,1
30241,GA,GA,1
30248,GA,GA,1
30250,GA,GA,1
30251,GA,GA,1
30252,GA,GA,1
30253,GA,GA,1
30256,GA,GA,1
30257,GA,GA,1
30258,GA,GA,1
30259,GA,GA,1
30260,GA,GA,1
30263,GA,GA,1
30265,GA,GA,1
30268,GA,GA,1
30269,GA,GA,1
30272,GA,GA,1
30273,GA,GA,1
30274,GA,GA,1
30275,GA,GA,1
30276,GA,GA,1
30277,GA,GA,1
30281,GA,GA,1
30284,GA,GA,1
30285,GA,GA,1
30286,GA,GA,1
30288,GA,GA,1
30289,GA,GA,1
30290,GA,GA,1
30291,GA,GA,1
30292,GA,GA,1
30293,GA,GA,1
30294,GA,GA,1
30295,GA,GA,1
30296,GA,GA,1
30297,GA,GA,1
30303,GA,GA,1
30305,GA,GA,1
30306,GA,GA,1
30307,GA,GA,1
30308,GA,GA,1
30309,GA,GA,1
30310,GA,GA,1
30311,GA,GA,1
30312,GA,GA,1
30313,GA,GA,1
30314,GA,GA,1
30315,GA,GA,1
30316,GA,GA,1
30317,GA,GA,1
30318,GA,GA,1
30319,GA,GA,1
30322,GA,GA,1
30324,GA,GA,1
30326,GA,GA,1
30327,GA,GA,1
30328,GA,GA,1
30329,GA,GA,1
30331,GA,GA,1
30332,GA,GA,1
30334,GA,GA,1
30336,GA,GA,1
30337,GA,GA,1
30338,GA,GA,1
30339,GA,GA,1
30340,GA,GA,1
30341,GA,GA,1
30342,GA,GA,1
30344,GA,GA,1
30345,GA,GA,1
30346,GA,GA,1
30349,GA,GA,1
30350,GA,GA,1
30354,GA,GA,1
30360,GA,GA,1
30363,GA,GA,1
30401,GA,GA,1
30410,GA,GA,1
30411,GA,GA,1
30412,GA,GA,1
30413,GA,GA,1
30414,GA,GA,1
30415,GA,GA,1
30417,GA,GA,1
30420,GA,GA,1
30421,GA,GA,1
30423,GA,GA,1
30425,GA,GA,1
30426,GA,GA,1
30427,GA,GA,1
30428,GA,GA,1
30429,GA,GA,1
30434,GA,GA,1
30436,GA,GA,1
30439,GA,GA,1
30441,GA,GA,1
30442,GA,GA,1
30445,GA,GA,1
30446,GA,GA,1
30448,GA,GA,1
30449,GA,GA,1
30450,GA,GA,1
30451,GA,GA,1
30452,GA,GA,1
30453,GA,GA,1
30454,GA,GA,1
30455,GA,GA,1
30456,GA,GA,1
30457,GA,GA,1
30458,GA,GA,1
30460,GA,GA,1
30461,GA,GA,1
30464,GA,GA,1
30467,GA,GA,1
30470,GA,GA,1
30471,GA,GA,1
30473,GA,GA,1
30474,GA,GA,1
30477,GA,GA,1
30501,GA,GA,1
30504,GA,GA,1
30506,GA,GA,1
30507,GA,GA,1
30510,GA,GA,1
30511,GA,GA,1
30512,GA,GA,1
30513,GA,GA,1
30516,GA,GA,1
30517,GA,GA,1
30518,GA,GA,1
30519,GA,GA,1
30520,GA,GA,1
30521,GA,GA,1
30522,GA,GA,1
30523,GA,GA,1
30525,GA,GA,1
30527,GA,GA,1
30528,GA,GA,1
30529,GA,GA,1
30530,GA,GA,1
30531,GA,GA,1
30533,GA,GA,1
30534,GA,GA,1
30535,GA,GA,1
30536,GA,GA,1
30537,GA,GA,1
30538,GA,GA,1
30539,GA,GA,1
30540,GA,GA,1
30541,GA,GA,1
30542,GA,GA,1
30543,GA,GA,1
30545,GA,GA,1
30546,GA,GA,1
30547,GA,GA,1
30548,GA,GA,1
30549,GA,GA,1
30552,GA,GA,1
30553,GA,GA,1
30554,GA,GA,1
30555,GA,GA,1
30557,GA,GA,1
30558,GA,GA,1
30559,GA,GA,1
30560,GA,GA,1
30562,GA,GA,1
30563,GA,GA,1
30564,GA,GA,1
30565,GA,GA,1
30566,GA,GA,1
30567,GA,GA,1
30568,GA,GA,1
30571,GA,GA,1
30572,GA,GA,1
30573,GA,GA,1
30575,GA,GA,1
30576,GA,GA,1
30577,GA,GA,1
30581,GA,GA,1
30582,GA,GA,1
30597,GA,GA,1
30598,GA,GA,1
30601,GA,GA,1
30602,GA,GA,1
30605,GA,GA,1
30606,GA,GA,1
30607,GA,GA,1
30609,GA,GA,1
30619,GA,GA,1
30620,GA,GA,1
30621,GA,GA,1
30622,GA,GA,1
30623,GA,GA,1
30624,GA,GA,1
30625,GA,GA,1
30627,GA,GA,1
30628,GA,GA,1
30629,GA,GA,1
30630,GA,GA,1
30631,GA,GA,1
30633,GA,GA,1
30634,GA,GA,1
30635,GA,GA,1
30639,GA,GA,1
30641,GA,GA,1
30642,GA,GA,1
30643,GA,GA,1
30646,GA,GA,1
30648,GA,GA,1
30650,GA,GA,1
30655,GA,GA,1
30656,GA,GA,1
30660,GA,GA,1
30662,GA,GA,1
30663,GA,GA,1
30664,GA,GA,1
30665,GA,GA,1
30666,GA,GA,1
30667,GA,GA,1
30668,GA,GA,1
30669,GA,GA,1
30673,GA,GA,1
30677,GA,GA,1
30678,GA,GA,1
30680,GA,GA,1
30683,GA,GA,1
30701,GA,GA,1
30705,GA,GA,1
30707,GA,GA,1
30708,GA,GA,1
30710,GA,GA,1
30711,GA,GA,1
30720,GA,GA,1
30721,GA,GA,1
30724,GA,GA,1
30725,GA,GA,1
30726,GA,GA,1
30728,GA,GA,1
30730,GA,GA,1
30731,GA,GA,1
30733,GA,GA,1
30734,GA,GA,1
30735,GA,GA,1
30736,GA,GA,1
30738,GA,GA,1
30739,GA,GA,1
30740,GA,GA,1
30741,GA,GA|TN,2
30742,GA,GA,1
30746,GA,GA,1
30747,GA,GA,1
30750,GA,GA,1
30751,GA,GA,1
30752,GA,GA,1
30753,GA,GA,1
30755,GA,GA,1
30756,GA,GA,1
30757,GA,GA,1
30802,GA,GA,1
30803,GA,GA,1
30805,GA,GA,1
30807,GA,GA,1
30808,GA,GA,1
30809,GA,GA,1
30810,GA,GA,1
30812,GA,GA,1
30813,GA,GA,1
30814,GA,GA,1
30815,GA,GA,1
30816,GA,GA,1
30817,GA,GA,1
30818,GA,GA,1
30820,GA,GA,1
30821,GA,GA,1
30822,GA,GA,1
30823,GA,GA,1
30824,GA,GA,1
30828,GA,GA,1
30830,GA,GA,1
30833,GA,GA,1
30901,GA,GA,1
30904,GA,GA,1
30905,GA,GA,1
30906,GA,GA,1
30907,GA,GA,1
30909,GA,GA,1
30912,GA,GA,1
31001,GA,GA,1
31002,GA,GA,1
31003,GA,GA,1
31004,GA,GA,1
31005,GA,GA,1
31006,GA,GA,1
31007,GA,GA,1
31008,GA,GA,1
31009,GA,GA,1
31011,GA,GA,1
31012,GA,GA,1
31014,GA,GA,1
31015,GA,GA,1
31016,GA,GA,1
31017,GA,GA,1
31018,GA,GA,1
31019,GA,GA,1
31020,GA,GA,1
31021,GA,GA,1
31022,GA,GA,1
31023,GA,GA,1
31024,GA,GA,1
31025,GA,GA,1
31027,GA,GA,1
31028,GA,GA,1
31029,GA,GA,1
31030,GA,GA,1
31031,GA,GA,1
31032,GA,GA,1
31033,GA,GA,1
31034,GA,GA,1
31035,GA,GA,1
31036,GA,GA,1
31037,GA,GA,1
31038,GA,GA,1
31039,GA,GA,1
31041,GA,GA,1
31042,GA,GA,1
31044,GA,GA,1
31045,GA,GA,1
31046,GA,GA,1
31047,GA,GA,1
31049,GA,GA,1
31050,GA,GA,1
31051,GA,GA,1
31052,GA,GA,1
31054,GA,GA,1
31055,GA,GA,1
31057,GA,GA,1
31058,GA,GA,1
31060,GA,GA,1
31061,GA,GA,1
31062,GA,GA,1
31063,GA,GA,1
31064,GA,GA,1
31065,GA,GA,1
31066,GA,GA,1
31067,GA,GA,1
31068,GA,GA,1
31069,GA,GA,1
31070,GA,GA,1
31071,GA,GA,1
31072,GA,GA,1
31075,GA,GA,1
31076,GA,GA,1
31077,GA,GA,1
31078,GA,GA,1
31079,GA,GA,1
31081,GA,GA,1
31082,GA,GA,1
31083,GA,GA,1
31084,GA,GA,1
31085,GA,GA,1
31087,GA,GA,1
31088,GA,GA,1
31089,GA,GA,1
31090,GA,GA,1
31091,GA,GA,1
31092,GA,GA,1
31093,GA,GA,1
31094,GA,GA,1
31096,GA,GA,1
31097,GA,GA,1
31098,GA,GA,1
31201,GA,GA,1
31204,GA,GA,1
31206,GA,GA,1
31207,GA,GA,1
31210,GA,GA,1
31211,GA,GA,1
31213,GA,GA,1
31216,GA,GA,1
31217,GA,GA,1
31220,GA,GA,1
31301,GA,GA,1
31302,GA,GA,1
31303,GA,GA,1
31305,GA,GA,1
31307,GA,GA,1
31308,GA,GA,1
31309,GA,GA,1
31312,GA,GA,1
31313,GA,GA,1
31314,GA,GA,1
31315,GA,GA,1
31316,GA,GA,1
31318,GA,GA,1
31320,GA,GA,1
31321,GA,GA,1
31322,GA,GA,1
31323,GA,GA,1
31324,GA,GA,1
31326,GA,GA,1
31327,GA,GA,1
31328,GA,GA,1
31329,GA,GA,1
31331,GA,GA,1
31333,GA,GA,1
31401,GA,GA,1
31404,GA,GA,1
31405,GA,GA,1
31406,GA,GA,1
31407,GA,GA,1
31408,GA,GA,1
31409,GA,GA,1
31410,GA,GA,1
31411,GA,GA,1
31415,GA,GA,1
31419,GA,GA,1
31421,GA,GA,1
31501,GA,GA,1
31503,GA,GA,1
31510,GA,GA,1
31512,GA,GA,1
31513,GA,GA,1
31516,GA,GA,1
31518,GA,GA,1
31519,GA,GA,1
31520,GA,GA,1
31522,GA,GA,1
31523,GA,GA,1
31524,GA,GA,1
31525,GA,GA,1
31527,GA,GA,1
31532,GA,GA,1
31533,GA,GA,1
31535,GA,GA,1
31537,GA,GA,1
31539,GA,GA,1
31542,GA,GA,1
31543,GA,GA,1
31544,GA,GA,1
31545,GA,GA,1
31546,GA,GA,1
31547,GA,GA,1
31548,GA,GA,1
31549,GA,GA,1
31550,GA,GA,1
31551,GA,GA,1
31552,GA,GA,1
31553,GA,GA,1
31554,GA,GA,1
31555,GA,GA,1
31556,GA,GA,1
31557,GA,GA,1
31558,GA,GA,1
31560,GA,GA,1
31561,GA,GA,1
31562,GA,GA,1
31563,GA,GA,1
31564,GA,GA,1
31565,GA,GA,1
31566,GA,GA,1
31567,GA,GA,1
31568,GA,GA,1
31569,GA,GA,1
31599,GA,GA,1
31601,GA,GA,1
31602,GA,GA,1
31605,GA,GA,1
31606,GA,GA,1
31620,GA,GA,1
31622,GA,GA,1
31623,GA,GA,1
31624,GA,GA,1
31625,GA,GA,1
31626,GA,GA,1
31627,GA,GA,1
31629,GA,GA,1
31630,GA,GA,1
31631,GA,GA,1
31632,GA,GA,1
31634,GA,GA,1
31635,GA,GA,1
31636,GA,GA,1
31637,GA,GA,1
31638,GA,GA,1
31639,GA,GA,1
31641,GA,GA,1
31642,GA,GA,1
31643,GA,GA,1
31645,GA,GA,1
31647,GA,GA,1
31648,GA,GA,1
31649,GA,GA,1
31650,GA,GA,1
31698,GA,GA,1
31699,GA,GA,1
31701,GA,GA,1
31704,GA,GA,1
31705,GA,GA,1
31707,GA,GA,1
31709,GA,GA,1
31711,GA,GA,1
31712,GA,GA,1
31714,GA,GA,1
31716,GA,GA,1
31719,GA,GA,1
31720,GA,GA,1
31721,GA,GA,1
31722,GA,GA,1
31727,GA,GA,1
31730,GA,GA,1
31733,GA,GA,1
31735,GA,GA,1
31738,GA,GA,1
31743,GA,GA,1
31744,GA,GA,1
31747,GA,GA,1
31749,GA,GA,1
31750,GA,GA,1
31753,GA,GA,1
31756,GA,GA,1
31757,GA,GA,1
31763,GA,GA,1
31764,GA,GA,1
31765,GA,GA,1
31768,GA,GA,1
31771,GA,GA,1
31772,GA,GA,1
31773,GA,GA,1
31774,GA,GA,1
31775,GA,GA,1
31778,GA,GA,1
31779,GA,GA,1
31780,GA,GA,1
31781,GA,GA,1
31783,GA,GA,1
31784,GA,GA,1
31787,GA,GA,1
31788,GA,GA,1
31789,GA,GA,1
31790,GA,GA,1
31791,GA,GA,1
31792,GA,GA,1
31793,GA,GA,1
31794,GA,GA,1
31795,GA,GA,1
31796,GA,GA,1
31798,GA,GA,1
31801,GA,GA,1
31803,GA,GA,1
31804,GA,GA,1
31805,GA,GA,1
31806,GA,GA,1
31807,GA,GA,1
31808,GA,GA,1
31810,GA,GA,1
31811,GA,GA,1
31812,GA,GA,1
31814,GA,GA,1
31815,GA,GA,1
31816,GA,GA,1
31820,GA,GA,1
31821,GA,GA,1
31822,GA,GA,1
31823,GA,GA,1
31824,GA,GA,1
31825,GA,GA,1
31826,GA,GA,1
31827,GA,GA,1
31829,GA,GA,1
31830,GA,GA,1
31831,GA,GA,1
31832,GA,GA,1
31833,GA,GA,1
31836,GA,GA,1
31901,GA,GA,1
31903,GA,GA,1
31904,GA,GA,1
31905,GA,GA,1
31906,GA,GA,1
31907,GA,GA,1
31909,GA,GA,1
32003,FL,FL,1
32008,FL,FL,1
32009,FL,FL,1
32011,FL,FL,1
32013,FL,FL,1
32024,FL,FL,1
32025,FL,FL,1
32026,FL,FL,1
32033,FL,FL,1
32034,FL,FL,1
32038,FL,FL,1
32040,FL,FL,1
32043,FL,FL,1
32044,FL,FL,1
32046,FL,FL,1
32052,FL,FL,1
32053,FL,FL,1
32054,FL,FL,1
32055,FL,FL,1
32058,FL,FL,1
32059,FL,FL,1
32060,FL,FL,1
32061,FL,FL,1
32062,FL,FL,1
32063,FL,FL,1
32064,FL,FL,1
32065,FL,FL,1
32066,FL,FL,1
32068,FL,FL,1
32071,FL,FL,1
32072,FL,FL,1
32073,FL,FL,1
32079,FL,FL,1
32080,FL,FL,1
32081,FL,FL,1
32082,FL,FL,1
32083,FL,FL,1
32084,FL,FL,1
32086,FL,FL,1
32087,FL,FL,1
32091,FL,FL,1
32092,FL,FL,1
32094,FL,FL,1
32095,FL,FL,1
32096,FL,FL,1
32097,FL,FL,1
32102,FL,FL,1
32110,FL,FL,1
32112,FL,FL,1
32113,FL,FL,1
32114,FL,FL,1
32117,FL,FL,1
32118,FL,FL,1
32119,FL,FL,1
32124,FL,FL,1
32127,FL,FL,1
32128,FL,FL,1
32129,FL,FL,1
32130,FL,FL,1
32131,FL,FL,1
32132,FL,FL,1
32133,FL,FL,1
32134,FL,FL,1
32136,FL,FL,1
32137,FL,FL,1
32139,FL,FL,1
32140,FL,FL,1
32141,FL,FL,1
32145,FL,FL,1
32147,FL,FL,1
32148,FL,FL,1
32157,FL,FL,1
32159,FL,FL,1
32162,FL,FL,1
32163,FL,FL,1
32164,FL,FL,1
32168,FL,FL,1
32169,FL,FL,1
32174,FL,FL,1
32176,FL,FL,1
32177,FL,FL,1
32179,FL,FL,1
32180,FL,FL,1
32181,FL,FL,1
32182,FL,FL,1
32187,FL,FL,1
32189,FL,FL,1
32190,FL,FL,1
32192,FL,FL,1
32193,FL,FL,1
32195,FL,FL,1
32202,FL,FL,1
32203,FL,FL,1
32204,FL,FL,1
32205,FL,FL,1
32206,FL,FL,1
32207,FL,FL,1
32208,FL,FL,1
32209,FL,FL,1
32210,FL,FL,1
32211,FL,FL,1
32212,FL,FL,1
32214,FL,FL,1
32216,FL,FL,1
32217,FL,FL,1
32218,FL,FL,1
32219,FL,FL,1
32220,FL,FL,1
32221,FL,FL,1
32222,FL,FL,1
32223,FL,FL,1
32224,FL,FL,1
32225,FL,FL,1
32226,FL,FL,1
32227,FL,FL,1
32228,FL,FL,1
32233,FL,FL,1
32234,FL,FL,1
32244,FL,FL,1
32246,FL,FL,1
32250,FL,FL,1
32254,FL,FL,1
32256,FL,FL,1
32257,FL,FL,1
32258,FL,FL,1
32259,FL,FL,1
32266,FL,FL,1
32277,FL,FL,1
32301,FL,FL,1
32303,FL,FL,1
32304,FL,FL,1
32305,FL,FL,1
32306,FL,FL,1
32307,FL,FL,1
32308,FL,FL,1
32309,FL,FL,1
32310,FL,FL,1
32311,FL,FL,1
32312,FL,FL,1
32313,FL,FL,1
32317,FL,FL,1
32320,FL,FL,1
32321,FL,FL,1
32322,FL,FL,1
32323,FL,FL,1
32324,FL,FL,1
32327,FL,FL,1
32328,FL,FL,1
32330,FL,FL,1
32331,FL,FL,1
32332,FL,FL,1
32333,FL,FL,1
32334,FL,FL,1
32336,FL,FL,1
32337,FL,FL,1
32340,FL,FL,1
32343,FL,FL,1
32344,FL,FL,1
32346,FL,FL,1
32347,FL,FL,1
32348,FL,FL,1
32350,FL,FL,1
32351,FL,FL,1
32352,FL,FL,1
32355,FL,FL,1
32356,FL,FL,1
32358,FL,FL,1
32359,FL,FL,1
32360,FL,FL,1
32361,FL,FL,1
32399,FL,FL,1
32401,FL,FL,1
32403,FL,FL,1
32404,FL,FL,1
32405,FL,FL,1
32407,FL,FL,1
32408,FL,FL,1
32409,FL,FL,1
32410,FL,FL,1
32413,FL,FL,1
32420,FL,FL,1
32421,FL,FL,1
32423,FL,FL,1
32424,FL,FL,1
32425,FL,FL,1
32426,FL,FL,1
32427,FL,FL,1
32428,FL,FL,1
32430,FL,FL,1
32431,FL,FL,1
32432,FL,FL,1
32433,FL,FL,1
32435,FL,FL,1
32437,FL,FL,1
32438,FL,FL,1
32439,FL,FL,1
32440,FL,FL,1
32442,FL,FL,1
32443,FL,FL,1
32444,FL,FL,1
32445,FL,FL,1
32446,FL,FL,1
32448,FL,FL,1
32449,FL,FL,1
32455,FL,FL,1
32456,FL,FL,1
32459,FL,FL,1
32460,FL,FL,1
32461,FL,FL,1
32462,FL,FL,1
32463,FL,FL,1
32464,FL,FL,1
32465,FL,FL,1
32466,FL,FL,1
32501,FL,FL,1
32502,FL,FL,1
32503,FL,FL,1
32504,FL,FL,1
32505,FL,FL,1
32506,FL,FL,1
32507,FL,FL,1
32508,FL,FL,1
32509,FL,FL,1
32511,FL,FL,1
32512,FL,FL,1
32514,FL,FL,1
32526,FL,FL,1
32530,FL,FL,1
32531,FL,FL,1
32533,FL,FL,1
32534,FL,FL,1
32535,FL,FL,1
32536,FL,FL,1
32539,FL,FL,1
32541,FL,FL,1
32542,FL,FL,1
32544,FL,FL,1
32547,FL,FL,1
32548,FL,FL,1
32550,FL,FL,1
32561,FL,FL,1
32563,FL,FL,1
32564,FL,FL,1
32565,FL,FL,1
32566,FL,FL,1
32567,FL,FL,1
32568,FL,FL,1
32569,FL,FL,1
32570,FL,FL,1
32571,FL,FL,1
32577,FL,FL,1
32578,FL,FL,1
32579,FL,FL,1
32580,FL,FL,1
32583,FL,FL,1
32601,FL,FL,1
32603,FL,FL,1
32605,FL,FL,1
32606,FL,FL,1
32607,FL,FL,1
32608,FL,FL,1
32609,FL,FL,1
32610,FL,FL,1
32612,FL,FL,1
32615,FL,FL,1
32616,FL,FL,1
32617,FL,FL,1
32618,FL,FL,1
32619,FL,FL,1
32621,FL,FL,1
32622,FL,FL,1
32625,FL,FL,1
32626,FL,FL,1
32628,FL,FL,1
32631,FL,FL,1
32634,FL,FL,1
32639,FL,FL,1
32640,FL,FL,1
32641,FL,FL,1
32643,FL,FL,1
32648,FL,FL,1
32653,FL,FL,1
32656,FL,FL,1
32658,FL,FL,1
32664,FL,FL,1
32666,FL,FL,1
32667,FL,FL,1
32668,FL,FL,1
32669,FL,FL,1
32680,FL,FL,1
32681,FL,FL,1
32683,FL,FL,1
32686,FL,FL,1
32692,FL,FL,1
32693,FL,FL,1
32694,FL,FL,1
32696,FL,FL,1
32697,FL,FL,1
32701,FL,FL,1
32702,FL,FL,1
32703,FL,FL,1
32707,FL,FL,1
32708,FL,FL,1
32709,FL,FL,1
32712,FL,FL,1
32713,FL,FL,1
32714,FL,FL,1
32720,FL,FL,1
32723,FL,FL,1
32724,FL,FL,1
32725,FL,FL,1
32726,FL,FL,1
32730,FL,FL,1
32732,FL,FL,1
32735,FL,FL,1
32736,FL,FL,1
32738,FL,FL,1
32744,FL,FL,1
32746,FL,FL,1
32750,FL,FL,1
32751,FL,FL,1
32754,FL,FL,1
32757,FL,FL,1
32759,FL,FL,1
32763,FL,FL,1
32764,FL,FL,1
32765,FL,FL,1
32766,FL,FL,1
32767,FL,FL,1
32768,FL,FL,1
32771,FL,FL,1
32773,FL,FL,1
32775,FL,FL,1
32776,FL,FL,1
32778,FL,FL,1
32779,FL,FL,1
32780,FL,FL,1
32784,FL,FL,1
32789,FL,FL,1
32792,FL,FL,1
32796,FL,FL,1
32798,FL,FL,1
32801,FL,FL,1
32803,FL,FL,1
32804,FL,FL,1
32805,FL,FL,1
32806,FL,FL,1
32807,FL,FL,1
32808,FL,FL,1
32809,FL,FL,1
32810,FL,FL,1
32811,FL,FL,1
32812,FL,FL,1
32814,FL,FL,1
32816,FL,FL,1
32817,FL,FL,1
32818,FL,FL,1
32819,FL,FL,1
32820,FL,FL,1
32821,FL,FL,1
32822,FL,FL,1
32824,FL,FL,1
32825,FL,FL,1
32826,FL,FL,1
32827,FL,FL,1
32828,FL,FL,1
32829,FL,FL,1
32830,FL,FL,1
32831,FL,FL,1
32832,FL,FL,1
32833,FL,FL,1
32835,FL,FL,1
32836,FL,FL,1
32837,FL,FL,1
32839,FL,FL,1
32899,FL,FL,1
32901,FL,FL,1
32903,FL,FL,1
32904,FL,FL,1
32905,FL,FL,1
32907,FL,FL,1
32908,FL,FL,1
32909,FL,FL,1
32920,FL,FL,1
32922,FL,FL,1
32925,FL,FL,1
32926,FL,FL,1
32927,FL,FL,1
32931,FL,FL,1
32934,FL,FL,1
32935,FL,FL,1
32937,FL,FL,1
32940,FL,FL,1
32948,FL,FL,1
32949,FL,FL,1
32950,FL,FL,1
32951,FL,FL,1
32952,FL,FL,1
32953,FL,FL,1
32955,FL,FL,1
32958,FL,FL,1
32959,FL,FL,1
32960,FL,FL,1
32962,FL,FL,1
32963,FL,FL,1
32966,FL,FL,1
32967,FL,FL,1
32968,FL,FL,1
32970,FL,FL,1
32976,FL,FL,1
33001,FL,FL,1
33004,FL,FL,1
33009,FL,FL,1
33010,FL,FL,1
33012,FL,FL,1
33013,FL,FL,1
33014,FL,FL,1
33015,FL,FL,1
33016,FL,FL,1
33018,FL,FL,1
33019,FL,FL,1
33020,FL,FL,1
33021,FL,FL,1
33022,FL,FL,1
33023,FL,FL,1
33024,FL,FL,1
33025,FL,FL,1
33026,FL,FL,1
33027,FL,FL,1
33028,FL,FL,1
33029,FL,FL,1
33030,FL,FL,1
33031,FL,FL,1
33032,FL,FL,1
33033,FL,FL,1
33034,FL,FL,1
33035,FL,FL,1
33036,FL,FL,1
33037,FL,FL,1
33039,FL,FL,1
33040,FL,FL,1
33042,FL,FL,1
33043,FL,FL,1
33050,FL,FL,1
33051,FL,FL,1
33054,FL,FL,1
33055,FL,FL,1
33056,FL,FL,1
33060,FL,FL,1
33062,FL,FL,1
33063,FL,FL,1
33064,FL,FL,1
33065,FL,FL,1
33066,FL,FL,1
33067,FL,FL,1
33068,FL,FL,1
33069,FL,FL,1
33070,FL,FL,1
33071,FL,FL,1
33073,FL,FL,1
33076,FL,FL,1
33101,FL,FL,1
33109,FL,FL,1
33122,FL,FL,1
33125,FL,FL,1
33126,FL,FL,1
33127,FL,FL,1
33128,FL,FL,1
33129,FL,FL,1
33130,FL,FL,1
33131,FL,FL,1
33132,FL,FL,1
33133,FL,FL,1
33134,FL,FL,1
33135,FL,FL,1
33136,FL,FL,1
33137,FL,FL,1
33138,FL,FL,1
33139,FL,FL,1
33140,FL,FL,1
33141,FL,FL,1
33142,FL,FL,1
33143,FL,FL,1
33144,FL,FL,1
33145,FL,FL,1
33146,FL,FL,1
33147,FL,FL,1
33149,FL,FL,1
33150,FL,FL,1
33154,FL,FL,1
33155,FL,FL,1
33156,FL,FL,1
33157,FL,FL,1
33158,FL,FL,1
33160,FL,FL,1
33161,FL,FL,1
33162,FL,FL,1
33165,FL,FL,1
33166,FL,FL,1
33167,FL,FL,1
33168,FL,FL,1
33169,FL,FL,1
33170,FL,FL,1
33172,FL,FL,1
33173,FL,FL,1
33174,FL,FL,1
33175,FL,FL,1
33176,FL,FL,1
33177,FL,FL,1
33178,FL,FL,1
33179,FL,FL,1
33180,FL,FL,1
33181,FL,FL,1
33182,FL,FL,1
33183,FL,FL,1
33184,FL,FL,1
33185,FL,FL,1
33186,FL,FL,1
33187,FL,FL,1
33189,FL,FL,1
33190,FL,FL,1
33193,FL,FL,1
33194,FL,FL,1
33196,FL,FL,1
33301,FL,FL,1
33304,FL,FL,1
33305,FL,FL,1
33306,FL,FL,1
33308,FL,FL,1
33309,FL,FL,1
33311,FL,FL,1
33312,FL,FL,1
33313,FL,FL,1
33314,FL,FL,1
33315,FL,FL,1
33316,FL,FL,1
33317,FL,FL,1
33319,FL,FL,1
33321,FL,FL,1
33322,FL,FL,1
33323,FL,FL,1
33324,FL,FL,1
33325,FL,FL,1
33326,FL,FL,1
33327,FL,FL,1
33328,FL,FL,1
33330,FL,FL,1
33331,FL,FL,1
33332,FL,FL,1
33334,FL,FL,1
33351,FL,FL,1
33388,FL,FL,1
33401,FL,FL,1
33403,FL,FL,1
33404,FL,FL,1
33405,FL,FL,1
33406,FL,FL,1
33407,FL,FL,1
33408,FL,FL,1
33409,FL,FL,1
33410,FL,FL,1
33411,FL,FL,1
33412,FL,FL,1
33413,FL,FL,1
33414,FL,FL,1
33415,FL,FL,1
33417,FL,FL,1
33418,FL,FL,1
33426,FL,FL,1
33428,FL,FL,1
33430,FL,FL,1
33431,FL,FL,1
33432,FL,FL,1
33433,FL,FL,1
33434,FL,FL,1
33435,FL,FL,1
33436,FL,FL,1
33437,FL,FL,1
33438,FL,FL,1
33440,FL,FL,1
33441,FL,FL,1
33442,FL,FL,1
33444,FL,FL,1
33445,FL,FL,1
33446,FL,FL,1
33449,FL,FL,1
33455,FL,FL,1
33458,FL,FL,1
33460,FL,FL,1
33461,FL,FL,1
33462,FL,FL,1
33463,FL,FL,1
33467,FL,FL,1
33469,FL,FL,1
33470,FL,FL,1
33471,FL,FL,1
33472,FL,FL,1
33473,FL,FL,1
33476,FL,FL,1
33477,FL,FL,1
33478,FL,FL,1
33480,FL,FL,1
33483,FL,FL,1
33484,FL,FL,1
33486,FL,FL,1
33487,FL,FL,1
33493,FL,FL,1
33496,FL,FL,1
33498,FL,FL,1
33503,FL,FL,1
33510,FL,FL,1
33511,FL,FL,1
33513,FL,FL,1
33514,FL,FL,1
33521,FL,FL,1
33523,FL,FL,1
33525,FL,FL,1
33527,FL,FL,1
33530,FL,FL,1
33534,FL,FL,1
33538,FL,FL,1
33540,FL,FL,1
33541,FL,FL,1
33542,FL,FL,1
33543,FL,FL,1
33544,FL,FL,1
33545,FL,FL,1
33547,FL,FL,1
33548,FL,FL,1
33549,FL,FL,1
33550,FL,FL,1
33556,FL,FL,1
33558,FL,FL,1
33559,FL,FL,1
33563,FL,FL,1
33565,FL,FL,1
33566,FL,FL,1
33567,FL,FL,1
33569,FL,FL,1
33570,FL,FL,1
33572,FL,FL,1
33573,FL,FL,1
33574,FL,FL,1
33576,FL,FL,1
33578,FL,FL,1
33579,FL,FL,1
33584,FL,FL,1
33585,FL,FL,1
33592,FL,FL,1
33594,FL,FL,1
33596,FL,FL,1
33597,FL,FL,1
33598,FL,FL,1
33602,FL,FL,1
33603,FL,FL,1
33604,FL,FL,1
33605,FL,FL,1
33606,FL,FL,1
33607,FL,FL,1
33609,FL,FL,1
33610,FL,FL,1
33611,FL,FL,1
33612,FL,FL,1
33613,FL,FL,1
33614,FL,FL,1
33615,FL,FL,1
33616,FL,FL,1
33617,FL,FL,1
33618,FL,FL,1
33619,FL,FL,1
33620,FL,FL,1
33621,FL,FL,1
33624,FL,FL,1
33625,FL,FL,1
33626,FL,FL,1
33629,FL,FL,1
33634,FL,FL,1
33635,FL,FL,1
33637,FL,FL,1
33647,FL,FL,1
33701,FL,FL,1
33702,FL,FL,1
33703,FL,FL,1
33704,FL,FL,1
33705,FL,FL,1
33706,FL,FL,1
33707,FL,FL,1
33708,FL,FL,1
33709,FL,FL,1
33710,FL,FL,1
33711,FL,FL,1
33712,FL,FL,1
33713,FL,FL,1
33714,FL,FL,1
33715,FL,FL,1
33716,FL,FL,1
33744,FL,FL,1
33755,FL,FL,1
33756,FL,FL,1
33759,FL,FL,1
33760,FL,FL,1
33761,FL,FL,1
33762,FL,FL,1
33763,FL,FL,1
33764,FL,FL,1
33765,FL,FL,1
33767,FL,FL,1
33770,FL,FL,1
33771,FL,FL,1
33772,FL,FL,1
33773,FL,FL,1
33774,FL,FL,1
33776,FL,FL,1
33777,FL,FL,1
33778,FL,FL,1
33781,FL,FL,1
33782,FL,FL,1
33785,FL,FL,1
33786,FL,FL,1
33801,FL,FL,1
33803,FL,FL,1
33805,FL,FL,1
33809,FL,FL,1
33810,FL,FL,1
33811,FL,FL,1
33812,FL,FL,1
33813,FL,FL,1
33815,FL,FL,1
33823,FL,FL,1
33825,FL,FL,1
33827,FL,FL,1
33830,FL,FL,1
33834,FL,FL,1
33835,FL,FL,1
33837,FL,FL,1
33838,FL,FL,1
33839,FL,FL,1
33840,FL,FL,1
33841,FL,FL,1
33843,FL,FL,1
33844,FL,FL,1
33847,FL,FL,1
33848,FL,FL,1
33849,FL,FL,1
33850,FL,FL,1
33851,FL,FL,1
33852,FL,FL,1
33853,FL,FL,1
33854,FL,FL,1
33855,FL,FL,1
33856,FL,FL,1
33857,FL,FL,1
33858,FL,FL,1
33859,FL,FL,1
33860,FL,FL,1
33865,FL,FL,1
33867,FL,FL,1
33868,FL,FL,1
33870,FL,FL,1
33872,FL,FL,1
33873,FL,FL,1
33875,FL,FL,1
33876,FL,FL,1
33877,FL,FL,1
33880,FL,FL,1
33881,FL,FL,1
33884,FL,FL,1
33890,FL,FL,1
33896,FL,FL,1
33897,FL,FL,1
33898,FL,FL,1
33901,FL,FL,1
33903,FL,FL,1
33904,FL,FL,1
33905,FL,FL,1
33907,FL,FL,1
33908,FL,FL,1
33909,FL,FL,1
33912,FL,FL,1
33913,FL,FL,1
33914,FL,FL,1
33916,FL,FL,1
33917,FL,FL,1
33919,FL,FL,1
33920,FL,FL,1
33921,FL,FL,1
33922,FL,FL,1
33924,FL,FL,1
33928,FL,FL,1
33930,FL,FL,1
33931,FL,FL,1
33935,FL,FL,1
33936,FL,FL,1
33944,FL,FL,1
33946,FL,FL,1
33947,FL,FL,1
33948,FL,FL,1
33950,FL,FL,1
33952,FL,FL,1
33953,FL,FL,1
33954,FL,FL,1
33955,FL,FL,1
33956,FL,FL,1
33957,FL,FL,1
33960,FL,FL,1
33965,FL,FL,1
33966,FL,FL,1
33967,FL,FL,1
33971,FL,FL,1
33972,FL,FL,1
33973,FL,FL,1
33974,FL,FL,1
33976,FL,FL,1
33980,FL,FL,1
33981,FL,FL,1
33982,FL,FL,1
33983,FL,FL,1
33990,FL,FL,1
33991,FL,FL,1
33993,FL,FL,1
34101,FL,FL,1
34102,FL,FL,1
34103,FL,FL,1
34104,FL,FL,1
34105,FL,FL,1
34108,FL,FL,1
34109,FL,FL,1
34110,FL,FL,1
34112,FL,FL,1
34113,FL,FL,1
34114,FL,FL,1
34116,FL,FL,1
34117,FL,FL,1
34119,FL,FL,1
34120,FL,FL,1
34134,FL,FL,1
34135,FL,FL,1
34137,FL,FL,1
34138,FL,FL,1
34139,FL,FL,1
34140,FL,FL,1
34141,FL,FL,1
34142,FL,FL,1
34145,FL,FL,1
34201,FL,FL,1
34202,FL,FL,1
34203,FL,FL,1
34205,FL,FL,1
34207,FL,FL,1
34208,FL,FL,1
34209,FL,FL,1
34210,FL,FL,1
34211,FL,FL,1
34212,FL,FL,1
34215,FL,FL,1
34216,FL,FL,1
34217,FL,FL,1
34219,FL,FL,1
34221,FL,FL,1
34222,FL,FL,1
34223,FL,FL,1
34224,FL,FL,1
34228,FL,FL,1
34229,FL,FL,1
34231,FL,FL,1
34232,FL,FL,1
34233,FL,FL,1
34234,FL,FL,1
34235,FL,FL,1
34236,FL,FL,1
34237,FL,FL,1
34238,FL,FL,1
34239,FL,FL,1
34240,FL,FL,1
34241,FL,FL,1
34242,FL,FL,1
34243,FL,FL,1
34250,FL,FL,1
34251,FL,FL,1
34266,FL,FL,1
34267,FL,FL,1
34268,FL,FL,1
34269,FL,FL,1
34275,FL,FL,1
34285,FL,FL,1
34286,FL,FL,1
34287,FL,FL,1
34288,FL,FL,1
34289,FL,FL,1
34291,FL,FL,1
34292,FL,FL,1
34293,FL,FL,1
34420,FL,FL,1
34428,FL,FL,1
34429,FL,FL,1
34431,FL,FL,1
34432,FL,FL,1
34433,FL,FL,1
34434,FL,FL,1
34436,FL,FL,1
34442,FL,FL,1
34445,FL,FL,1
34446,FL,FL,1
34448,FL,FL,1
34449,FL,FL,1
34450,FL,FL,1
34452,FL,FL,1
34453,FL,FL,1
34461,FL,FL,1
34465,FL,FL,1
34470,FL,FL,1
34471,FL,FL,1
34472,FL,FL,1
34473,FL,FL,1
34474,FL,FL,1
34475,FL,FL,1
34476,FL,FL,1
34479,FL,FL,1
34480,FL,FL,1
34481,FL,FL,1
34482,FL,FL,1
34484,FL,FL,1
34487,FL,FL,1
34488,FL,FL,1
34491,FL,FL,1
34498,FL,FL,1
34601,FL,FL,1
34602,FL,FL,1
34604,FL,FL,1
34606,FL,FL,1
34607,FL,FL,1
34608,FL,FL,1
34609,FL,FL,1
34610,FL,FL,1
34613,FL,FL,1
34614,FL,FL,1
34637,FL,FL,1
34638,FL,FL,1
34639,FL,FL,1
34652,FL,FL,1
34653,FL,FL,1
34654,FL,FL,1
34655,FL,FL,1
34661,FL,FL,1
34667,FL,FL,1
34668,FL,FL,1
34669,FL,FL,1
34677,FL,FL,1
34679,FL,FL,1
34681,FL,FL,1
34683,FL,FL,1
34684,FL,FL,1
34685,FL,FL,1
34688,FL,FL,1
34689,FL,FL,1
34690,FL,FL,1
34691,FL,FL,1
34695,FL,FL,1
34698,FL,FL,1
34705,FL,FL,1
34711,FL,FL,1
34714,FL,FL,1
34715,FL,FL,1
34729,FL,FL,1
34731,FL,FL,1
34734,FL,FL,1
34736,FL,FL,1
34737,FL,FL,1
34739,FL,FL,1
34741,FL,FL,1
34743,FL,FL,1
34744,FL,FL,1
34746,FL,FL,1
34747,FL,FL,1
34748,FL,FL,1
34753,FL,FL,1
34756,FL,FL,1
34758,FL,FL,1
34759,FL,FL,1
34760,FL,FL,1
34761,FL,FL,1
34762,FL,FL,1
34769,FL,FL,1
34771,FL,FL,1
34772,FL,FL,1
34773,FL,FL,1
34785,FL,FL,1
34786,FL,FL,1
34787,FL,FL,1
34788,FL,FL,1
34797,FL,FL,1
34945,FL,FL,1
34946,FL,FL,1
34947,FL,FL,1
34949,FL,FL,1
34950,FL,FL,1
34951,FL,FL,1
34952,FL,FL,1
34953,FL,FL,1
34956,FL,FL,1
34957,FL,FL,1
34972,FL,FL,1
34974,FL,FL,1
34981,FL,FL,1
34982,FL,FL,1
34983,FL,FL,1
34984,FL,FL,1
34986,FL,FL,1
34987,FL,FL,1
34990,FL,FL,1
34994,FL,FL,1
34996,FL,FL,1
34997,FL,FL,1
35004,AL,AL,1
35005,AL,AL,1
35006,AL,AL,1
35007,AL,AL,1
35010,AL,AL,1
35013,AL,AL,1
35014,AL,AL,1
35016,AL,AL,1
35019,AL,AL,1
35020,AL,AL,1
35022,AL,AL,1
35023,AL,AL,1
35031,AL,AL,1
35032,AL,AL,1
35033,AL,AL,1
35034,AL,AL,1
35035,AL,AL,1
35036,AL,AL,1
35040,AL,AL,1
35042,AL,AL,1
35043,AL,AL,1
35044,AL,AL,1
35045,AL,AL,1
35046,AL,AL,1
35049,AL,AL,1
35051,AL,AL,1
35052,AL,AL,1
35053,AL,AL,1
35054,AL,AL,1
35055,AL,AL,1
35057,AL,AL,1
35058,AL,AL,1
35060,AL,AL,1
35061,AL,AL,1
35062,AL,AL,1
35063,AL,AL,1
35064,AL,AL,1
35068,AL,AL,1
35070,AL,AL,1
35071,AL,AL,1
35072,AL,AL,1
35073,AL,AL,1
35074,AL,AL,1
35077,AL,AL,1
35078,AL,AL,1
35079,AL,AL,1
35080,AL,AL,1
35082,AL,AL,1
35083,AL,AL,1
35085,AL,AL,1
35087,AL,AL,1
35089,AL,AL,1
35091,AL,AL,1
35094,AL,AL,1
35096,AL,AL,1
35097,AL,AL,1
35098,AL,AL,1
35111,AL,AL,1
35112,AL,AL,1
35114,AL,AL,1
35115,AL,AL,1
35116,AL,AL,1
35117,AL,AL,1
35118,AL,AL,1
35119,AL,AL,1
35120,AL,AL,1
35121,AL,AL,1
35124,AL,AL,1
35125,AL,AL,1
35126,AL,AL,1
35127,AL,AL,1
35128,AL,AL,1
35130,AL,AL,1
35131,AL,AL,1
35133,AL,AL,1
35135,AL,AL,1
35136,AL,AL,1
35143,AL,AL,1
35146,AL,AL,1
35147,AL,AL,1
35148,AL,AL,1
35149,AL,AL,1
35150,AL,AL,1
35151,AL,AL,1
35160,AL,AL,1
35171,AL,AL,1
35172,AL,AL,1
35173,AL,AL,1
35175,AL,AL,1
35176,AL,AL,1
35178,AL,AL,1
35179,AL,AL,1
35180,AL,AL,1
35181,AL,AL,1
35183,AL,AL,1
35184,AL,AL,1
35185,AL,AL,1
35186,AL,AL,1
35188,AL,AL,1
35203,AL,AL,1
35204,AL,AL,1
35205,AL,AL,1
35206,AL,AL,1
35207,AL,AL,1
35208,AL,AL,1
35209,AL,AL,1
35210,AL,AL,1
35211,AL,AL,1
35212,AL,AL,1
35213,AL,AL,1
35214,AL,AL,1
35215,AL,AL,1
35216,AL,AL,1
35217,AL,AL,1
35218,AL,AL,1
35221,AL,AL,1
35222,AL,AL,1
35223,AL,AL,1
35224,AL,AL,1
35226,AL,AL,1
35228,AL,AL,1
35229,AL,AL,1
35233,AL,AL,1
35234,AL,AL,1
35235,AL,AL,1
35242,AL,AL,1
35243,AL,AL,1
35244,AL,AL,1
35249,AL,AL,1
35254,AL,AL,1
35401,AL,AL,1
35404,AL,AL,1
35405,AL,AL,1
35406,AL,AL,1
35441,AL,AL,1
35442,AL,AL,1
35443,AL,AL,1
35444,AL,AL,1
35446,AL,AL,1
35447,AL,AL,1
35452,AL,AL,1
35453,AL,AL,1
35456,AL,AL,1
35457,AL,AL,1
35458,AL,AL,1
35459,AL,AL,1
35460,AL,AL,1
35461,AL,AL,1
35462,AL,AL,1
35463,AL,AL,1
35464,AL,AL,1
35466,AL,AL,1
35469,AL,AL,1
35470,AL,AL,1
35473,AL,AL,1
35474,AL,AL,1
35475,AL,AL,1
35476,AL,AL,1
35477,AL,AL,1
35480,AL,AL,1
35481,AL,AL,1
35487,AL,AL,1
35490,AL,AL,1
35491,AL,AL,1
35501,AL,AL,1
35503,AL,AL,1
35504,AL,AL,1
35540,AL,AL,1
35541,AL,AL,1
35542,AL,AL,1
35543,AL,AL,1
35544,AL,AL,1
35545,AL,AL,1
35546,AL,AL,1
35548,AL,AL,1
35549,AL,AL,1
35550,AL,AL,1
35552,AL,AL,1
35553,AL,AL,1
35554,AL,AL,1
35555,AL,AL,1
35559,AL,AL,1
35563,AL,AL,1
35564,AL,AL,1
35565,AL,AL,1
35570,AL,AL,1
35571,AL,AL,1
35572,AL,AL,1
35573,AL,AL,1
35574,AL,AL,1
35575,AL,AL,1
35576,AL,AL,1
35577,AL,AL,1
35578,AL,AL,1
35579,AL,AL,1
35580,AL,AL,1
35581,AL,AL,1
35582,AL,AL,1
35584,AL,AL,1
35585,AL,AL,1
35586,AL,AL,1
35587,AL,AL,1
35592,AL,AL,1
35593,AL,AL,1
35594,AL,AL,1
35601,AL,AL,1
35603,AL,AL,1
35610,AL,AL,1
35611,AL,AL,1
35613,AL,AL,1
35614,AL,AL,1
35615,AL,AL,1
35616,AL,AL,1
35618,AL,AL,1
35619,AL,AL,1
35620,AL,AL,1
35621,AL,AL,1
35622,AL,AL,1
35630,AL,AL,1
35632,AL,AL,1
35633,AL,AL,1
35634,AL,AL,1
35640,AL,AL,1
35643,AL,AL,1
35645,AL,AL,1
35646,AL,AL,1
35647,AL,AL,1
35648,AL,AL,1
35649,AL,AL,1
35650,AL,AL,1
35651,AL,AL,1
35652,AL,AL,1
35653,AL,AL,1
35654,AL,AL,1
35660,AL,AL,1
35661,AL,AL,1
35670,AL,AL,1
35671,AL,AL,1
35672,AL,AL,1
35673,AL,AL,1
35674,AL,AL,1
35677,AL,AL,1
35739,AL,AL,1
35740,AL,AL,1
35741,AL,AL,1
35744,AL,AL,1
35745,AL,AL,1
35746,AL,AL,1
35747,AL,AL,1
35748,AL,AL,1
35749,AL,AL,1
35750,AL,AL,1
35751,AL,AL,1
35752,AL,AL,1
35754,AL,AL,1
35755,AL,AL,1
35756,AL,AL,1
35757,AL,AL,1
35758,AL,AL,1
35759,AL,AL,1
35760,AL,AL,1
35761,AL,AL,1
35763,AL,AL,1
35764,AL,AL,1
35765,AL,AL,1
35766,AL,AL,1
35768,AL,AL,1
35769,AL,AL,1
35771,AL,AL,1
35772,AL,AL,1
35773,AL,AL,1
35774,AL,AL,1
35775,AL,AL,1
35776,AL,AL,1
35801,AL,AL,1
35802,AL,AL,1
35803,AL,AL,1
35805,AL,AL,1
35806,AL,AL,1
35808,AL,AL,1
35810,AL,AL,1
35811,AL,AL,1
35816,AL,AL,1
35824,AL,AL,1
35896,AL,AL,1
35901,AL,AL,1
35903,AL,AL,1
35904,AL,AL,1
35905,AL,AL,1
35906,AL,AL,1
35907,AL,AL,1
35950,AL,AL,1
35951,AL,AL,1
35952,AL,AL,1
35953,AL,AL,1
35954,AL,AL,1
35956,AL,AL,1
35957,AL,AL,1
35958,AL,AL,1
35959,AL,AL,1
35960,AL,AL,1
35961,AL,AL,1
35962,AL,AL,1
35963,AL,AL,1
35966,AL,AL,1
35967,AL,AL,1
35968,AL,AL,1
35971,AL,AL,1
35972,AL,AL,1
35973,AL,AL,1
35974,AL,AL,1
35975,AL,AL,1
35976,AL,AL,1
35978,AL,AL,1
35979,AL,AL,1
35980,AL,AL,1
35981,AL,AL,1
35983,AL,AL,1
35984,AL,AL,1
35986,AL,AL,1
35987,AL,AL,1
35988,AL,AL,1
35989,AL,AL,1
35990,AL,AL,1
36003,AL,AL,1
36005,AL,AL,1
36006,AL,AL,1
36008,AL,AL,1
36009,AL,AL,1
36010,AL,AL,1
36013,AL,AL,1
36016,AL,AL,1
36017,AL,AL,1
36020,AL,AL,1
36022,AL,AL,1
36024,AL,AL,1
36025,AL,AL,1
36026,AL,AL,1
36027,AL,AL,1
36028,AL,AL,1
36029,AL,AL,1
36030,AL,AL,1
36031,AL,AL,1
36032,AL,AL,1
36033,AL,AL,1
36034,AL,AL,1
36035,AL,AL,1
36036,AL,AL,1
36037,AL,AL,1
36038,AL,AL,1
36039,AL,AL,1
36040,AL,AL,1
36041,AL,AL,1
36042,AL,AL,1
36043,AL,AL,1
36046,AL,AL,1
36047,AL,AL,1
36048,AL,AL,1
36049,AL,AL,1
36051,AL,AL,1
36052,AL,AL,1
36053,AL,AL,1
36054,AL,AL,1
36057,AL,AL,1
36064,AL,AL,1
36066,AL,AL,1
36067,AL,AL,1
36069,AL,AL,1
36071,AL,AL,1
36075,AL,AL,1
36078,AL,AL,1
36079,AL,AL,1
36080,AL,AL,1
36081,AL,AL,1
36082,AL,AL,1
36083,AL,AL,1
36088,AL,AL,1
36089,AL,AL,1
36091,AL,AL,1
36092,AL,AL,1
36093,AL,AL,1
36101,AL,AL,1
36104,AL,AL,1
36105,AL,AL,1
36106,AL,AL,1
36107,AL,AL,1
36108,AL,AL,1
36109,AL,AL,1
36110,AL,AL,1
36111,AL,AL,1
36112,AL,AL,1
36113,AL,AL,1
36114,AL,AL,1
36115,AL,AL,1
36116,AL,AL,1
36117,AL,AL,1
36130,AL,AL,1
36201,AL,AL,1
36203,AL,AL,1
36205,AL,AL,1
36206,AL,AL,1
36207,AL,AL,1
36250,AL,AL,1
36251,AL,AL,1
36255,AL,AL,1
36256,AL,AL,1
36258,AL,AL,1
36260,AL,AL,1
36262,AL,AL,1
36263,AL,AL,1
36264,AL,AL,1
36265,AL,AL,1
36266,AL,AL,1
36267,AL,AL,1
36268,AL,AL,1
36269,AL,AL,1
36271,AL,AL,1
36272,AL,AL,1
36273,AL,AL,1
36274,AL,AL,1
36276,AL,AL,1
36277,AL,AL,1
36278,AL,AL,1
36279,AL,AL,1
36280,AL,AL,1
36301,AL,AL,1
36303,AL,AL,1
36305,AL,AL,1
36310,AL,AL,1
36311,AL,AL,1
36312,AL,AL,1
36313,AL,AL,1
36314,AL,AL,1
36316,AL,AL,1
36317,AL,AL,1
36318,AL,AL,1
36319,AL,AL,1
36320,AL,AL,1
36321,AL,AL,1
36322,AL,AL,1
36323,AL,AL,1
36330,AL,AL,1
36340,AL,AL,1
36343,AL,AL,1
36344,AL,AL,1
36345,AL,AL,1
36346,AL,AL,1
36350,AL,AL,1
36351,AL,AL,1
36352,AL,AL,1
36353,AL,AL,1
36360,AL,AL,1
36362,AL,AL,1
36370,AL,AL,1
36371,AL,AL,1
36373,AL,AL,1
36374,AL,AL,1
36375,AL,AL,1
36376,AL,AL,1
36401,AL,AL,1
36420,AL,AL,1
36421,AL,AL,1
36425,AL,AL,1
36426,AL,AL,1
36432,AL,AL,1
36435,AL,AL,1
36436,AL,AL,1
36439,AL,AL,1
36441,AL,AL,1
36442,AL,AL,1
36444,AL,AL,1
36445,AL,AL,1
36446,AL,AL,1
36451,AL,AL,1
36453,AL,AL,1
36454,AL,AL,1
36455,AL,AL,1
36456,AL,AL,1
36460,AL,AL,1
36467,AL,AL,1
36470,AL,AL,1
36471,AL,AL,1
36473,AL,AL,1
36474,AL,AL,1
36475,AL,AL,1
36476,AL,AL,1
36477,AL,AL,1
36480,AL,AL,1
36481,AL,AL,1
36482,AL,AL,1
36483,AL,AL,1
36502,AL,AL,1
36503,AL,AL,1
36505,AL,AL,1
36507,AL,AL,1
36509,AL,AL,1
36511,AL,AL,1
36512,AL,AL,1
36513,AL,AL,1
36518,AL,AL,1
36521,AL,AL,1
36522,AL,AL,1
36523,AL,AL,1
36524,AL,AL,1
36525,AL,AL,1
36526,AL,AL,1
36527,AL,AL,1
36528,AL,AL,1
36529,AL,AL,1
36530,AL,AL,1
36532,AL,AL,1
36535,AL,AL,1
36538,AL,AL,1
36539,AL,AL,1
36540,AL,AL,1
36541,AL,AL,1
36542,AL,AL,1
36543,AL,AL,1
36544,AL,AL,1
36545,AL,AL,1
36547,AL,AL,1
36548,AL,AL,1
36549,AL,AL,1
36550,AL,AL,1
36551,AL,AL,1
36553,AL,AL,1
36555,AL,AL,1
36556,AL,AL,1
36558,AL,AL,1
36559,AL,AL,1
36560,AL,AL,1
36561,AL,AL,1
36562,AL,AL,1
36564,AL,AL,1
36567,AL,AL,1
36568,AL,AL,1
36569,AL,AL,1
36571,AL,AL,1
36572,AL,AL,1
36574,AL,AL,1
36575,AL,AL,1
36576,AL,AL,1
36578,AL,AL,1
36579,AL,AL,1
36580,AL,AL,1
36581,AL,AL,1
36582,AL,AL,1
36583,AL,AL,1
36584,AL,AL,1
36585,AL,AL,1
36587,AL,AL,1
36602,AL,AL,1
36603,AL,AL,1
36604,AL,AL,1
36605,AL,AL,1
36606,AL,AL,1
36607,AL,AL,1
36608,AL,AL,1
36609,AL,AL,1
36610,AL,AL,1
36611,AL,AL,1
36612,AL,AL,1
36613,AL,AL,1
36615,AL,AL,1
36617,AL,AL,1
36618,AL,AL,1
36619,AL,AL,1
36652,AL,AL,1
36663,AL,AL,1
36688,AL,AL,1
36693,AL,AL,1
36695,AL,AL,1
36701,AL,AL,1
36703,AL,AL,1
36720,AL,AL,1
36722,AL,AL,1
36723,AL,AL,1
36726,AL,AL,1
36727,AL,AL,1
36728,AL,AL,1
36732,AL,AL,1
36736,AL,AL,1
36738,AL,AL,1
36740,AL,AL,1
36741,AL,AL,1
36742,AL,AL,1
36744,AL,AL,1
36748,AL,AL,1
36749,AL,AL,1
36750,AL,AL,1
36751,AL,AL,1
36752,AL,AL,1
36753,AL,AL,1
36754,AL,AL,1
36756,AL,AL,1
36758,AL,AL,1
36759,AL,AL,1
36761,AL,AL,1
36763,AL,AL,1
36764,AL,AL,1
36765,AL,AL,1
36766,AL,AL,1
36767,AL,AL,1
36768,AL,AL,1
36769,AL,AL,1
36773,AL,AL,1
36775,AL,AL,1
36776,AL,AL,1
36782,AL,AL,1
36783,AL,AL,1
36784,AL,AL,1
36785,AL,AL,1
36786,AL,AL,1
36790,AL,AL,1
36792,AL,AL,1
36793,AL,AL,1
36801,AL,AL,1
36804,AL,AL,1
36830,AL,AL,1
36832,AL,AL,1
36849,AL,AL,1
36850,AL,AL,1
36851,AL,AL,1
36852,AL,AL,1
36853,AL,AL,1
36854,AL,AL,1
36855,AL,AL|GA,2
36856,AL,AL,1
36858,AL,AL,1
36860,AL,AL,1
36861,AL,AL,1
36862,AL,AL,1
36863,AL,AL,1
36865,AL,AL,1
36866,AL,AL,1
36867,AL,AL,1
36869,AL,AL,1
36870,AL,AL,1
36871,AL,AL,1
36874,AL,AL,1
36875,AL,AL,1
36877,AL,AL,1
36879,AL,AL,1
36901,AL,AL,1
36904,AL,AL,1
36907,AL,AL,1
36908,AL,AL,1
36910,AL,AL,1
36912,AL,AL,1
36913,AL,AL,1
36915,AL,AL,1
36916,AL,AL,1
36919,AL,AL,1
36921,AL,AL,1
36922,AL,AL,1
36925,AL,AL,1
37010,TN,TN,1
37012,TN,TN,1
37013,TN,TN,1
37014,TN,TN,1
37015,TN,TN,1
37016,TN,TN,1
37018,TN,TN,1
37019,TN,TN,1
37020,TN,TN,1
37022,TN,TN,1
37023,TN,TN,1
37025,TN,TN,1
37026,TN,TN,1
37027,TN,TN,1
37028,TN,TN,1
37029,TN,TN,1
37030,TN,TN,1
37031,TN,TN,1
37032,TN,TN,1
37033,TN,TN,1
37034,TN,TN,1
37035,TN,TN,1
37036,TN,TN,1
37037,TN,TN,1
37040,TN,TN,1
37042,TN,TN,1
37043,TN,TN,1
37046,TN,TN,1
37047,TN,TN,1
37048,TN,TN,1
37049,TN,TN,1
37050,TN,TN,1
37051,TN,TN,1
37052,TN,TN,1
37055,TN,TN,1
37057,TN,TN,1
37058,TN,TN,1
37059,TN,TN,1
37060,TN,TN,1
37061,TN,TN,1
37062,TN,TN,1
37064,TN,TN,1
37066,TN,TN,1
37067,TN,TN,1
37069,TN,TN,1
37072,TN,TN,1
37073,TN,TN,1
37074,TN,TN,1
37075,TN,TN,1
37076,TN,TN,1
37078,TN,TN,1
37079,TN,TN,1
37080,TN,TN,1
37082,TN,TN,1
37083,TN,TN,1
37085,TN,TN,1
37086,TN,TN,1
37087,TN,TN,1
37090,TN,TN,1
37091,TN,TN,1
37095,TN,TN,1
37096,TN,TN,1
37097,TN,TN,1
37098,TN,TN,1
37101,TN,TN,1
37110,TN,TN,1
37115,TN,TN,1
37118,TN,TN,1
37122,TN,TN,1
37127,TN,TN,1
37128,TN,TN,1
37129,TN,TN,1
37130,TN,TN,1
37132,TN,TN,1
37134,TN,TN,1
37135,TN,TN,1
37137,TN,TN,1
37138,TN,TN,1
37140,TN,TN,1
37141,TN,TN,1
37142,TN,TN,1
37143,TN,TN,1
37144,TN,TN,1
37145,TN,TN,1
37146,TN,TN,1
37148,TN,TN,1
37149,TN,TN,1
37150,TN,TN,1
37151,TN,TN,1
37153,TN,TN,1
37160,TN,TN,1
37165,TN,TN,1
37166,TN,TN,1
37167,TN,TN,1
37171,TN,TN,1
37172,TN,TN,1
37174,TN,TN,1
37175,TN,TN,1
37178,TN,TN,1
37179,TN,TN,1
37180,TN,TN,1
37181,TN,TN,1
37183,TN,TN,1
37184,TN,TN,1
37185,TN,TN,1
37186,TN,TN,1
37187,TN,TN,1
37188,TN,TN,1
37189,TN,TN,1
37190,TN,TN,1
37191,TN,TN,1
37201,TN,TN,1
37203,TN,TN,1
37204,TN,TN,1
37205,TN,TN,1
37206,TN,TN,1
37207,TN,TN,1
37208,TN,TN,1
37209,TN,TN,1
37210,TN,TN,1
37211,TN,TN,1
37212,TN,TN,1
37213,TN,TN,1
37214,TN,TN,1
37215,TN,TN,1
37216,TN,TN,1
37217,TN,TN,1
37218,TN,TN,1
37219,TN,TN,1
37220,TN,TN,1
37221,TN,TN,1
37228,TN,TN,1
37232,TN,TN,1
37238,TN,TN,1
37301,TN,TN,1
37302,TN,TN,1
37303,TN,TN,1
37305,TN,TN,1
37306,TN,TN,1
37307,TN,TN,1
37308,TN,TN,1
37309,TN,TN,1
37310,TN,TN,1
37311,TN,TN,1
37312,TN,TN,1
37313,TN,TN,1
37315,TN,TN,1
37316,TN,TN,1
37317,TN,TN,1
37318,TN,TN,1
37321,TN,TN,1
37322,TN,TN,1
37323,TN,TN,1
37324,TN,TN,1
37325,TN,TN,1
37326,TN,TN,1
37327,TN,TN,1
37328,TN,TN,1
37329,TN,TN,1
37330,TN,TN,1
37331,TN,TN,1
37332,TN,TN,1
37333,TN,TN,1
37334,TN,TN,1
37335,TN,TN,1
37336,TN,TN,1
37337,TN,TN,1
37338,TN,TN,1
37339,TN,TN,1
37340,TN,TN,1
37341,TN,TN,1
37342,TN,TN,1
37343,TN,TN,1
37345,TN,TN,1
37347,TN,TN,1
37348,TN,TN,1
37350,TN,TN,1
37351,TN,TN,1
37352,TN,TN,1
37353,TN,TN,1
37354,TN,TN,1
37355,TN,TN,1
37356,TN,TN,1
37357,TN,TN,1
37359,TN,TN,1
37360,TN,TN,1
37361,TN,TN,1
37362,TN,TN,1
37363,TN,TN,1
37365,TN,TN,1
37366,TN,TN,1
37367,TN,TN,1
37369,TN,TN,1
37370,TN,TN,1
37373,TN,TN,1
37374,TN,TN,1
37375,TN,TN,1
37376,TN,TN,1
37377,TN,TN,1
37379,TN,TN,1
37380,TN,TN,1
37381,TN,TN,1
37383,TN,TN,1
37385,TN,TN,1
37387,TN,TN,1
37388,TN,TN,1
37391,TN,TN,1
37394,TN,TN,1
37396,TN,TN,1
37397,TN,TN,1
37398,TN,TN,1
37402,TN,TN,1
37403,TN,TN,1
37404,TN,TN,1
37405,TN,TN,1
37406,TN,TN,1
37407,TN,TN,1
37408,TN,TN,1
37409,TN,TN,1
37410,TN,TN,1
37411,TN,TN,1
37412,TN,TN,1
37415,TN,TN,1
37416,TN,TN,1
37419,TN,TN,1
37421,TN,TN,1
37450,TN,TN,1
37601,TN,TN,1
37604,TN,TN,1
37614,TN,TN,1
37615,TN,TN,1
37616,TN,TN,1
37617,TN,TN,1
37618,TN,TN,1
37620,TN,TN,1
37640,TN,TN,1
37641,TN,TN,1
37642,TN,TN|VA,2
37643,TN,TN,1
37645,TN,TN,1
37650,TN,TN,1
37656,TN,TN,1
37657,TN,TN,1
37658,TN,TN,1
37659,TN,TN,1
37660,TN,TN,1
37663,TN,TN,1
37664,TN,TN,1
37665,TN,TN,1
37680,TN,TN,1
37681,TN,TN,1
37682,TN,TN,1
37683,TN,TN,1
37686,TN,TN,1
37687,TN,TN,1
37688,TN,TN,1
37690,TN,TN,1
37691,TN,TN,1
37692,TN,TN,1
37694,TN,TN,1
37701,TN,TN,1
37705,TN,TN,1
37708,TN,TN,1
37709,TN,TN,1
37710,TN,TN,1
37711,TN,TN,1
37713,TN,TN,1
37714,TN,TN,1
37715,TN,TN,1
37716,TN,TN,1
37719,TN,TN,1
37721,TN,TN,1
37722,TN,TN,1
37723,TN,TN,1
37724,TN,TN,1
37725,TN,TN,1
37726,TN,TN,1
37727,TN,TN,1
37729,TN,TN,1
37730,TN,TN,1
37731,TN,TN,1
37732,TN,TN,1
37733,TN,TN,1
37737,TN,TN,1
37738,TN,TN,1
37742,TN,TN,1
37743,TN,TN,1
37745,TN,TN,1
37748,TN,TN,1
37752,TN,TN|VA,2
37753,TN,TN,1
37754,TN,TN,1
37755,TN,TN,1
37756,TN,TN,1
37757,TN,TN,1
37760,TN,TN,1
37762,TN,TN,1
37763,TN,TN,1
37764,TN,TN,1
37765,TN,TN,1
37766,TN,TN,1
37769,TN,TN,1
37770,TN,TN,1
37771,TN,TN,1
37772,TN,TN,1
37774,TN,TN,1
37777,TN,TN,1
37779,TN,TN,1
37801,TN,TN,1
37803,TN,TN,1
37804,TN,TN,1
37806,TN,TN,1
37807,TN,TN,1
37809,TN,TN,1
37810,TN,TN,1
37811,TN,TN,1
37813,TN,TN,1
37814,TN,TN,1
37818,TN,TN,1
37819,TN,TN,1
37820,TN,TN,1
37821,TN,TN,1
37825,TN,TN,1
37826,TN,TN,1
37828,TN,TN,1
37829,TN,TN,1
37830,TN,TN,1
37840,TN,TN,1
37841,TN,TN,1
37843,TN,TN,1
37845,TN,TN,1
37846,TN,TN,1
37847,TN,TN,1
37848,TN,TN,1
37849,TN,TN,1
37851,TN,TN,1
37852,TN,TN,1
37853,TN,TN,1
37854,TN,TN,1
37857,TN,TN,1
37860,TN,TN,1
37861,TN,TN,1
37862,TN,TN,1
37863,TN,TN,1
37865,TN,TN,1
37866,TN,TN,1
37869,TN,TN,1
37870,TN,TN,1
37871,TN,TN,1
37872,TN,TN,1
37873,TN,TN,1
37874,TN,TN,1
37876,TN,TN,1
37877,TN,TN,1
37878,TN,TN,1
37879,TN,TN,1
37880,TN,TN,1
37881,TN,TN,1
37882,TN,TN,1
37885,TN,TN,1
37886,TN,TN,1
37887,TN,TN,1
37888,TN,TN,1
37890,TN,TN,1
37891,TN,TN,1
37892,TN,TN,1
37902,TN,TN,1
37909,TN,TN,1
37912,TN,TN,1
37914,TN,TN,1
37915,TN,TN,1
37916,TN,TN,1
37917,TN,TN,1
37918,TN,TN,1
37919,TN,TN,1
37920,TN,TN,1
37921,TN,TN,1
37922,TN,TN,1
37923,TN,TN,1
37924,TN,TN,1
37929,TN,TN,1
37931,TN,TN,1
37932,TN,TN,1
37934,TN,TN,1
37938,TN,TN,1
38001,TN,TN,1
38002,TN,TN,1
38004,TN,TN,1
38006,TN,TN,1
38007,TN,TN,1
38008,TN,TN,1
38011,TN,TN,1
38012,TN,TN,1
38015,TN,TN,1
38016,TN,TN,1
38017,TN,TN,1
38018,TN,TN,1
38019,TN,TN,1
38021,TN,TN,1
38023,TN,TN,1
38024,TN,TN,1
38028,TN,TN,1
38029,TN,TN,1
38030,TN,TN,1
38034,TN,TN,1
38036,TN,TN,1
38037,TN,TN,1
38039,TN,TN,1
38040,TN,TN,1
38041,TN,TN,1
38042,TN,TN,1
38044,TN,TN,1
38046,TN,TN,1
38047,TN,TN,1
38049,TN,TN,1
38050,TN,TN,1
38052,TN,TN,1
38053,TN,TN,1
38054,TN,TN,1
38057,TN,TN,1
38058,TN,TN,1
38059,TN,TN,1
38060,TN,TN,1
38061,TN,TN,1
38063,TN,TN,1
38066,TN,TN,1
38067,TN,TN,1
38068,TN,TN,1
38069,TN,TN,1
38070,TN,TN,1
38075,TN,TN,1
38076,TN,TN,1
38077,TN,TN,1
38079,TN,KY|TN,2
38080,TN,TN,1
38103,TN,TN,1
38104,TN,TN,1
38105,TN,TN,1
38106,TN,TN,1
38107,TN,TN,1
38108,TN,TN,1
38109,TN,TN,1
38111,TN,TN,1
38112,TN,TN,1
38113,TN,TN,1
38114,TN,TN,1
38115,TN,TN,1
38116,TN,TN,1
38117,TN,TN,1
38118,TN,TN,1
38119,TN,TN,1
38120,TN,TN,1
38122,TN,TN,1
38125,TN,TN,1
38126,TN,TN,1
38127,TN,TN,1
38128,TN,TN,1
38131,TN,TN,1
38132,TN,TN,1
38133,TN,TN,1
38134,TN,TN,1
38135,TN,TN,1
38138,TN,TN,1
38139,TN,TN,1
38141,TN,TN,1
38152,TN,TN,1
38201,TN,TN,1
38220,TN,TN,1
38221,TN,TN,1
38222,TN,TN,1
38224,TN,TN,1
38225,TN,TN,1
38226,TN,TN,1
38229,TN,TN,1
38230,TN,TN,1
38231,TN,TN,1
38232,TN,TN,1
38233,TN,TN,1
38235,TN,TN,1
38236,TN,TN,1
38237,TN,TN,1
38240,TN,TN,1
38241,TN,TN,1
38242,TN,TN,1
38251,TN,TN,1
38253,TN,TN,1
38254,TN,TN,1
38255,TN,TN,1
38256,TN,TN,1
38257,TN,TN,1
38258,TN,TN,1
38259,TN,TN,1
38260,TN,TN,1
38261,TN,TN,1
38301,TN,TN,1
38305,TN,TN,1
38310,TN,TN,1
38311,TN,TN,1
38313,TN,TN,1
38315,TN,TN,1
38316,TN,TN,1
38317,TN,TN,1
38318,TN,TN,1
38320,TN,TN,1
38321,TN,TN,1
38326,TN,MS|TN,2
38327,TN,TN,1
38328,TN,TN,1
38329,TN,TN,1
38330,TN,TN,1
38332,TN,TN,1
38333,TN,TN,1
38334,TN,TN,1
38337,TN,TN,1
38338,TN,TN,1
38339,TN,TN,1
38340,TN,TN,1
38341,TN,TN,1
38342,TN,TN,1
38343,TN,TN,1
38344,TN,TN,1
38345,TN,TN,1
38347,TN,TN,1
38348,TN,TN,1
38351,TN,TN,1
38352,TN,TN,1
38355,TN,TN,1
38356,TN,TN,1
38357,TN,TN,1
38358,TN,TN,1
38359,TN,TN,1
38361,TN,TN,1
38362,TN,TN,1
38363,TN,TN,1
38365,TN,TN,1
38366,TN,TN,1
38367,TN,TN,1
38368,TN,TN,1
38369,TN,TN,1
38370,TN,TN,1
38371,TN,TN,1
38372,TN,TN,1
38374,TN,TN,1
38375,TN,TN,1
38376,TN,TN,1
38379,TN,TN,1
38380,TN,TN,1
38381,TN,TN,1
38382,TN,TN,1
38387,TN,TN,1
38388,TN,TN,1
38389,TN,TN,1
38390,TN,TN,1
38391,TN,TN,1
38392,TN,TN,1
38401,TN,TN,1
38425,TN,TN,1
38449,TN,TN,1
38450,TN,TN,1
38451,TN,TN,1
38452,TN,TN,1
38453,TN,TN,1
38454,TN,TN,1
38455,TN,TN,1
38456,TN,TN,1
38457,TN,TN,1
38459,TN,TN,1
38460,TN,TN,1
38461,TN,TN,1
38462,TN,TN,1
38463,TN,TN,1
38464,TN,TN,1
38468,TN,TN,1
38469,TN,TN,1
38471,TN,TN,1
38472,TN,TN,1
38473,TN,TN,1
38474,TN,TN,1
38475,TN,TN,1
38476,TN,TN,1
38477,TN,TN,1
38478,TN,TN,1
38481,TN,TN,1
38482,TN,TN,1
38483,TN,TN,1
38485,TN,TN,1
38486,TN,TN,1
38487,TN,TN,1
38488,TN,TN,1
38501,TN,TN,1
38503,TN,TN,1
38504,TN,TN,1
38505,TN,TN,1
38506,TN,TN,1
38541,TN,TN,1
38542,TN,TN,1
38543,TN,TN,1
38544,TN,TN,1
38545,TN,TN,1
38547,TN,TN,1
38548,TN,TN,1
38549,TN,KY|TN,2
38550,TN,TN,1
38551,TN,TN,1
38552,TN,TN,1
38553,TN,TN,1
38554,TN,TN,1
38555,TN,TN,1
38556,TN,TN,1
38558,TN,TN,1
38559,TN,TN,1
38560,TN,TN,1
38562,TN,TN,1
38563,TN,TN,1
38564,TN,TN,1
38565,TN,TN,1
38567,TN,TN,1
38568,TN,TN,1
38569,TN,TN,1
38570,TN,TN,1
38571,TN,TN,1
38572,TN,TN,1
38573,TN,TN,1
38574,TN,TN,1
38575,TN,TN,1
38577,TN,TN,1
38578,TN,TN,1
38579,TN,TN,1
38580,TN,TN,1
38581,TN,TN,1
38582,TN,TN,1
38583,TN,TN,1
38585,TN,TN,1
38587,TN,TN,1
38588,TN,TN,1
38589,TN,TN,1
38601,MS,MS,1
38603,MS,MS,1
38606,MS,MS,1
38610,MS,MS,1
38611,MS,MS,1
38614,MS,MS,1
38617,MS,MS,1
38618,MS,MS,1
38619,MS,MS,1
38620,MS,MS,1
38621,MS,MS,1
38622,MS,MS,1
38623,MS,MS,1
38625,MS,MS,1
38626,MS,MS,1
38627,MS,MS,1
38629,MS,MS,1
38631,MS,MS,1
38632,MS,MS,1
38633,MS,MS,1
38635,MS,MS,1
38637,MS,MS,1
38639,MS,MS,1
38641,MS,MS,1
38642,MS,MS,1
38643,MS,MS,1
38644,MS,MS,1
38645,MS,MS,1
38646,MS,MS,1
38647,MS,MS,1
38650,MS,MS,1
38651,MS,MS,1
38652,MS,MS,1
38654,MS,MS,1
38655,MS,MS,1
38658,MS,MS,1
38659,MS,MS,1
38661,MS,MS,1
38663,MS,MS,1
38664,MS,MS,1
38665,MS,MS,1
38666,MS,MS,1
38668,MS,MS,1
38670,MS,MS,1
38671,MS,MS,1
38672,MS,MS,1
38673,MS,MS,1
38674,MS,MS,1
38676,MS,MS,1
38677,MS,MS,1
38680,MS,MS,1
38683,MS,MS,1
38685,MS,MS,1
38701,MS,MS,1
38703,MS,MS,1
38720,MS,MS,1
38721,MS,MS,1
38722,MS,MS,1
38723,MS,MS,1
38725,MS,MS,1
38726,MS,MS,1
38730,MS,MS,1
38731,MS,MS,1
38732,MS,MS,1
38733,MS,MS,1
38736,MS,MS,1
38737,MS,MS,1
38738,MS,MS,1
38740,MS,MS,1
38744,MS,MS,1
38745,MS,MS,1
38746,MS,MS,1
38748,MS,MS,1
38751,MS,MS,1
38753,MS,MS,1
38754,MS,MS,1
38756,MS,MS,1
38759,MS,MS,1
38760,MS,MS,1
38761,MS,MS,1
38762,MS,MS,1
38764,MS,MS,1
38765,MS,MS,1
38767,MS,MS,1
38768,MS,MS,1
38769,MS,AR|MS,2
38771,MS,MS,1
38772,MS,MS,1
38773,MS,MS,1
38774,MS,MS,1
38776,MS,MS,1
38778,MS,MS,1
38781,MS,MS,1
38801,MS,MS,1
38804,MS,MS,1
38821,MS,MS,1
38824,MS,MS,1
38826,MS,MS,1
38827,MS,MS,1
38828,MS,MS,1
38829,MS,MS,1
38833,MS,MS,1
38834,MS,MS,1
38838,MS,MS,1
38839,MS,MS,1
38841,MS,MS,1
38843,MS,MS,1
38844,MS,MS,1
38846,MS,MS,1
38847,MS,MS,1
38848,MS,MS,1
38849,MS,MS,1
38850,MS,MS,1
38851,MS,MS,1
38852,MS,AL|MS,2
38855,MS,MS,1
38856,MS,MS,1
38857,MS,MS,1
38858,MS,MS,1
38859,MS,MS,1
38860,MS,MS,1
38862,MS,MS,1
38863,MS,MS,1
38864,MS,MS,1
38865,MS,MS,1
38866,MS,MS,1
38868,MS,MS,1
38869,MS,MS,1
38870,MS,MS,1
38871,MS,MS,1
38873,MS,MS,1
38876,MS,MS,1
38878,MS,MS,1
38879,MS,MS,1
38901,MS,MS,1
38913,MS,MS,1
38914,MS,MS,1
38915,MS,MS,1
38916,MS,MS,1
38917,MS,MS,1
38920,MS,MS,1
38921,MS,MS,1
38922,MS,MS,1
38923,MS,MS,1
38924,MS,MS,1
38925,MS,MS,1
38927,MS,MS,1
38928,MS,MS,1
38929,MS,MS,1
38930,MS,MS,1
38940,MS,MS,1
38941,MS,MS,1
38943,MS,MS,1
38944,MS,MS,1
38946,MS,MS,1
38947,MS,MS,1
38948,MS,MS,1
38949,MS,MS,1
38950,MS,MS,1
38951,MS,MS,1
38952,MS,MS,1
38953,MS,MS,1
38954,MS,MS,1
38957,MS,MS,1
38961,MS,MS,1
38962,MS,MS,1
38963,MS,MS,1
38964,MS,MS,1
38965,MS,MS,1
38966,MS,MS,1
38967,MS,MS,1
39038,MS,MS,1
39039,MS,MS,1
39040,MS,MS,1
39041,MS,MS,1
39042,MS,MS,1
39044,MS,MS,1
39045,MS,MS,1
39046,MS,MS,1
39047,MS,MS,1
39051,MS,MS,1
39054,MS,MS,1
39056,MS,MS,1
39057,MS,MS,1
39058,MS,MS,1
39059,MS,MS,1
39061,MS,MS,1
39062,MS,MS,1
39063,MS,MS,1
39066,MS,MS,1
39067,MS,MS,1
39069,MS,MS,1
39071,MS,MS,1
39073,MS,MS,1
39074,MS,MS,1
39078,MS,MS,1
39079,MS,MS,1
39082,MS,MS,1
39083,MS,MS,1
39086,MS,MS,1
39088,MS,MS,1
39090,MS,MS,1
39092,MS,MS,1
39094,MS,MS,1
39095,MS,MS,1
39096,MS,MS,1
39097,MS,MS,1
39108,MS,MS,1
39110,MS,MS,1
39111,MS,MS,1
39113,MS,MS,1
39114,MS,MS,1
39115,MS,MS,1
39116,MS,MS,1
39117,MS,MS,1
39119,MS,MS,1
39120,MS,MS,1
39140,MS,MS,1
39144,MS,MS,1
39145,MS,MS,1
39146,MS,MS,1
39148,MS,MS,1
39149,MS,MS,1
39150,MS,MS,1
39152,MS,MS,1
39153,MS,MS,1
39154,MS,MS,1
39156,MS,MS,1
39157,MS,MS,1
39159,MS,MS,1
39160,MS,MS,1
39162,MS,MS,1
39166,MS,MS,1
39167,MS,MS,1
39168,MS,MS,1
39169,MS,MS,1
39170,MS,MS,1
39173,MS,MS,1
39174,MS,MS,1
39175,MS,MS,1
39176,MS,MS,1
39177,MS,MS,1
39179,MS,MS,1
39180,MS,MS,1
39183,MS,MS,1
39189,MS,MS,1
39191,MS,MS,1
39192,MS,MS,1
39193,MS,MS,1
39194,MS,MS,1
39201,MS,MS,1
39202,MS,MS,1
39203,MS,MS,1
39204,MS,MS,1
39206,MS,MS,1
39208,MS,MS,1
39209,MS,MS,1
39210,MS,MS,1
39211,MS,MS,1
39212,MS,MS,1
39213,MS,MS,1
39216,MS,MS,1
39217,MS,MS,1
39218,MS,MS,1
39232,MS,MS,1
39269,MS,MS,1
39272,MS,MS,1
39301,MS,MS,1
39305,MS,MS,1
39307,MS,MS,1
39309,MS,MS,1
39320,MS,MS,1
39322,MS,MS,1
39323,MS,MS,1
39324,MS,MS,1
39325,MS,MS,1
39326,MS,MS,1
39327,MS,MS,1
39328,MS,MS,1
39330,MS,MS,1
39332,MS,MS,1
39335,MS,MS,1
39336,MS,MS,1
39337,MS,MS,1
39338,MS,MS,1
39339,MS,MS,1
39341,MS,MS,1
39342,MS,MS,1
39345,MS,MS,1
39346,MS,MS,1
39347,MS,MS,1
39348,MS,MS,1
39350,MS,MS,1
39352,MS,MS,1
39354,MS,MS,1
39355,MS,MS,1
39356,MS,MS,1
39358,MS,MS,1
39359,MS,MS,1
39360,MS,MS,1
39361,MS,MS,1
39362,MS,MS,1
39363,MS,MS,1
39364,MS,MS,1
39365,MS,MS,1
39366,MS,MS,1
39367,MS,MS,1
39401,MS,MS,1
39402,MS,MS,1
39406,MS,MS,1
39421,MS,MS,1
39422,MS,MS,1
39423,MS,MS,1
39425,MS,MS,1
39426,MS,MS,1
39427,MS,MS,1
39428,MS,MS,1
39429,MS,MS,1
39437,MS,MS,1
39439,MS,MS,1
39440,MS,MS,1
39443,MS,MS,1
39451,MS,MS,1
39452,MS,MS,1
39455,MS,MS,1
39456,MS,MS,1
39459,MS,MS,1
39461,MS,MS,1
39462,MS,MS,1
39464,MS,MS,1
39465,MS,MS,1
39466,MS,MS,1
39470,MS,MS,1
39474,MS,MS,1
39475,MS,MS,1
39476,MS,MS,1
39477,MS,MS,1
39478,MS,MS,1
39479,MS,MS,1
39480,MS,MS,1
39481,MS,MS,1
39482,MS,MS,1
39483,MS,MS,1
39501,MS,MS,1
39503,MS,MS,1
39507,MS,MS,1
39520,MS,MS,1
39525,MS,MS,1
39529,MS,MS,1
39530,MS,MS,1
39531,MS,MS,1
39532,MS,MS,1
39534,MS,MS,1
39540,MS,MS,1
39553,MS,MS,1
39556,MS,MS,1
39560,MS,MS,1
39561,MS,MS,1
39562,MS,MS,1
39563,MS,MS,1
39564,MS,MS,1
39565,MS,MS,1
39567,MS,MS,1
39571,MS,MS,1
39572,MS,MS,1
39573,MS,MS,1
39574,MS,MS,1
39576,MS,MS,1
39577,MS,MS,1
39581,MS,MS,1
39595,MS,MS,1
39601,MS,MS,1
39629,MS,MS,1
39630,MS,MS,1
39631,MS,MS,1
39633,MS,MS,1
39635,MS,MS,1
39638,MS,MS,1
39641,MS,MS,1
39643,MS,MS,1
39645,MS,MS,1
39647,MS,MS,1
39648,MS,MS,1
39652,MS,MS,1
39653,MS,MS,1
39654,MS,MS,1
39656,MS,MS,1
39657,MS,MS,1
39661,MS,MS,1
39662,MS,MS,1
39663,MS,MS,1
39664,MS,MS,1
39665,MS,MS,1
39666,MS,MS,1
39667,MS,MS,1
39668,MS,MS,1
39669,MS,MS,1
39701,MS,MS,1
39702,MS,MS,1
39705,MS,MS,1
39730,MS,MS,1
39735,MS,MS,1
39736,MS,MS,1
39737,MS,MS,1
39739,MS,MS,1
39740,MS,MS,1
39741,MS,MS,1
39743,MS,MS,1
39744,MS,MS,1
39745,MS,MS,1
39746,MS,MS,1
39747,MS,MS,1
39750,MS,MS,1
39751,MS,MS,1
39752,MS,MS,1
39753,MS,MS,1
39755,MS,MS,1
39756,MS,MS,1
39759,MS,MS,1
39762,MS,MS,1
39766,MS,MS,1
39767,MS,MS,1
39769,MS,MS,1
39771,MS,MS,1
39772,MS,MS,1
39773,MS,MS,1
39776,MS,MS,1
39813,GA,GA,1
39815,GA,GA,1
39817,GA,GA,1
39819,GA,GA,1
39823,GA,GA,1
39824,GA,GA,1
39825,GA,GA,1
39826,GA,GA,1
39827,GA,GA,1
39828,GA,GA,1
39832,GA,GA,1
39834,GA,GA,1
39836,GA,GA,1
39837,GA,GA,1
39840,GA,GA,1
39841,GA,GA,1
39842,GA,GA,1
39845,GA,GA,1
39846,GA,GA,1
39851,GA,GA,1
39854,GA,GA,1
39859,GA,GA,1
39861,GA,GA,1
39862,GA,GA,1
39866,GA,GA,1
39867,GA,GA,1
39870,GA,GA,1
39877,GA,GA,1
39885,GA,GA,1
39886,GA,GA,1
39897,GA,GA,1
40003,KY,KY,1
40004,KY,KY,1
40006,KY,KY,1
40007,KY,KY,1
40008,KY,KY,1
40009,KY,KY,1
40010,KY,KY,1
40011,KY,KY,1
40012,KY,KY,1
40013,KY,KY,1
40014,KY,KY,1
40019,KY,KY,1
40020,KY,KY,1
40022,KY,KY,1
40023,KY,KY,1
40025,KY,KY,1
40026,KY,KY,1
40031,KY,KY,1
40033,KY,KY,1
40036,KY,KY,1
40037,KY,KY,1
40040,KY,KY,1
40041,KY,KY,1
40045,KY,KY,1
40046,KY,KY,1
40047,KY,KY,1
40049,KY,KY,1
40050,KY,KY,1
40051,KY,KY,1
40052,KY,KY,1
40055,KY,KY,1
40056,KY,KY,1
40057,KY,KY,1
40058,KY,KY,1
40059,KY,KY,1
40060,KY,KY,1
40061,KY,KY,1
40062,KY,KY,1
40063,KY,KY,1
40065,KY,KY,1
40067,KY,KY,1
40068,KY,KY,1
40069,KY,KY,1
40070,KY,KY,1
40071,KY,KY,1
40075,KY,KY,1
40076,KY,KY,1
40077,KY,KY,1
40078,KY,KY,1
40104,KY,KY,1
40107,KY,KY,1
40108,KY,KY,1
40109,KY,KY,1
40110,KY,KY,1
40111,KY,KY,1
40115,KY,KY,1
40117,KY,KY,1
40118,KY,KY,1
40119,KY,KY,1
40121,KY,KY,1
40140,KY,KY,1
40142,KY,KY,1
40143,KY,KY,1
40144,KY,KY,1
40145,KY,KY,1
40146,KY,KY,1
40150,KY,KY,1
40152,KY,KY,1
40155,KY,KY,1
40157,KY,KY,1
40160,KY,KY,1
40161,KY,KY,1
40162,KY,KY,1
40165,KY,KY,1
40170,KY,KY,1
40171,KY,KY,1
40175,KY,KY,1
40176,KY,KY,1
40177,KY,KY,1
40178,KY,KY,1
40202,KY,KY,1
40203,KY,KY,1
40204,KY,KY,1
40205,KY,KY,1
40206,KY,KY,1
40207,KY,KY,1
40208,KY,KY,1
40209,KY,KY,1
40210,KY,KY,1
40211,KY,KY,1
40212,KY,KY,1
40213,KY,KY,1
40214,KY,KY,1
40215,KY,KY,1
40216,KY,KY,1
40217,KY,KY,1
40218,KY,KY,1
40219,KY,KY,1
40220,KY,KY,1
40221,KY,KY,1
40222,KY,KY,1
40223,KY,KY,1
40228,KY,KY,1
40229,KY,KY,1
40231,KY,KY,1
40241,KY,KY,1
40242,KY,KY,1
40243,KY,KY,1
40245,KY,KY,1
40258,KY,KY,1
40272,KY,KY,1
40280,KY,KY,1
40291,KY,KY,1
40299,KY,KY,1
40310,KY,KY,1
40311,KY,KY,1
40312,KY,KY,1
40313,KY,KY,1
40316,KY,KY,1
40322,KY,KY,1
40324,KY,KY,1
40328,KY,KY,1
40330,KY,KY,1
40334,KY,KY,1
40336,KY,KY,1
40337,KY,KY,1
40339,KY,KY,1
40342,KY,KY,1
40346,KY,KY,1
40347,KY,KY,1
40348,KY,KY,1
40350,KY,KY,1
40351,KY,KY,1
40353,KY,KY,1
40355,KY,KY,1
40356,KY,KY,1
40357,KY,KY,1
40358,KY,KY,1
40359,KY,KY,1
40360,KY,KY,1
40361,KY,KY,1
40363,KY,KY,1
40370,KY,KY,1
40371,KY,KY,1
40372,KY,KY,1
40374,KY,KY,1
40376,KY,KY,1
40379,KY,KY,1
40380,KY,KY,1
40383,KY,KY,1
40385,KY,KY,1
40387,KY,KY,1
40390,KY,KY,1
40391,KY,KY,1
40402,KY,KY,1
40403,KY,KY,1
40404,KY,KY,1
40409,KY,KY,1
40419,KY,KY,1
40422,KY,KY,1
40434,KY,KY,1
40437,KY,KY,1
40440,KY,KY,1
40442,KY,KY,1
40444,KY,KY,1
40445,KY,KY,1
40447,KY,KY,1
40448,KY,KY,1
40456,KY,KY,1
40460,KY,KY,1
40461,KY,KY,1
40464,KY,KY,1
40468,KY,KY,1
40472,KY,KY,1
40475,KY,KY,1
40481,KY,KY,1
40484,KY,KY,1
40486,KY,KY,1
40489,KY,KY,1
40502,KY,KY,1
40503,KY,KY,1
40504,KY,KY,1
40505,KY,KY,1
40507,KY,KY,1
40508,KY,KY,1
40509,KY,KY,1
40510,KY,KY,1
40511,KY,KY,1
40513,KY,KY,1
40514,KY,KY,1
40515,KY,KY,1
40516,KY,KY,1
40517,KY,KY,1
40526,KY,KY,1
40536,KY,KY,1
40601,KY,KY,1
40701,KY,KY,1
40729,KY,KY,1
40734,KY,KY,1
40737,KY,KY,1
40740,KY,KY,1
40741,KY,KY,1
40744,KY,KY,1
40759,KY,KY,1
40763,KY,KY,1
40769,KY,KY,1
40771,KY,KY,1
40801,KY,KY,1
40803,KY,KY,1
40806,KY,KY,1
40807,KY,KY,1
40808,KY,KY,1
40810,KY,KY,1
40813,KY,KY,1
40815,KY,KY,1
40816,KY,KY,1
40818,KY,KY,1
40819,KY,KY,1
40820,KY,KY,1
40823,KY,KY,1
40824,KY,KY,1
40826,KY,KY,1
40827,KY,KY,1
40828,KY,KY,1
40829,KY,KY,1
40830,KY,KY,1
40831,KY,KY,1
40840,KY,KY,1
40843,KY,KY,1
40844,KY,KY,1
40845,KY,KY,1
40847,KY,KY,1
40849,KY,KY,1
40854,KY,KY,1
40855,KY,KY,1
40856,KY,KY,1
40858,KY,KY,1
40862,KY,KY,1
40863,KY,KY,1
40865,KY,KY,1
40868,KY,KY,1
40870,KY,KY,1
40873,KY,KY,1
40874,KY,KY,1
40902,KY,KY,1
40903,KY,KY,1
40906,KY,KY,1
40913,KY,KY,1
40914,KY,KY,1
40915,KY,KY,1
40921,KY,KY,1
40923,KY,KY,1
40927,KY,KY,1
40935,KY,KY,1
40939,KY,KY,1
40940,KY,KY,1
40941,KY,KY,1
40943,KY,KY,1
40946,KY,KY,1
40949,KY,KY,1
40953,KY,KY,1
40958,KY,KY,1
40962,KY,KY,1
40964,KY,KY,1
40965,KY,KY|TN,2
40972,KY,KY,1
40977,KY,KY,1
40979,KY,KY,1
40981,KY,KY,1
40982,KY,KY,1
40983,KY,KY,1
40988,KY,KY,1
40995,KY,KY,1
40997,KY,KY,1
41001,KY,KY,1
41002,KY,KY,1
41003,KY,KY,1
41004,KY,KY,1
41005,KY,KY,1
41006,KY,KY,1
41007,KY,KY,1
41008,KY,KY,1
41010,KY,KY,1
41011,KY,KY,1
41014,KY,KY,1
41015,KY,KY,1
41016,KY,KY,1
41017,KY,KY,1
41018,KY,KY,1
41030,KY,KY,1
41031,KY,KY,1
41033,KY,KY,1
41034,KY,KY,1
41035,KY,KY,1
41039,KY,KY,1
41040,KY,KY,1
41041,KY,KY,1
41042,KY,KY,1
41043,KY,KY,1
41044,KY,KY,1
41045,KY,KY,1
41046,KY,KY,1
41048,KY,KY,1
41049,KY,KY,1
41051,KY,KY,1
41052,KY,KY,1
41055,KY,KY,1
41056,KY,KY,1
41059,KY,KY,1
41063,KY,KY,1
41064,KY,KY,1
41071,KY,KY,1
41073,KY,KY,1
41074,KY,KY,1
41075,KY,KY,1
41076,KY,KY,1
41080,KY,KY,1
41083,KY,KY,1
41085,KY,KY,1
41086,KY,KY,1
41091,KY,KY,1
41092,KY,KY,1
41093,KY,KY,1
41094,KY,KY,1
41095,KY,KY,1
41097,KY,KY,1
41098,KY,KY,1
41101,KY,KY,1
41102,KY,KY,1
41121,KY,KY,1
41124,KY,KY,1
41129,KY,KY,1
41132,KY,KY,1
41135,KY,KY,1
41139,KY,KY,1
41141,KY,KY,1
41142,KY,KY,1
41143,KY,KY,1
41144,KY,KY,1
41146,KY,KY,1
41149,KY,KY,1
41159,KY,KY,1
41164,KY,KY,1
41166,KY,KY,1
41168,KY,KY,1
41169,KY,KY,1
41171,KY,KY,1
41174,KY,KY,1
41175,KY,KY,1
41179,KY,KY,1
41180,KY,KY,1
41181,KY,KY,1
41183,KY,KY,1
41189,KY,KY,1
41201,KY,KY,1
41203,KY,KY,1
41204,KY,KY,1
41214,KY,KY,1
41216,KY,KY,1
41219,KY,KY,1
41222,KY,KY,1
41224,KY,KY,1
41226,KY,KY,1
41230,KY,KY,1
41231,KY,KY,1
41232,KY,KY,1
41234,KY,KY,1
41238,KY,KY,1
41240,KY,KY,1
41250,KY,KY,1
41254,KY,KY,1
41255,KY,KY,1
41256,KY,KY,1
41257,KY,KY,1
41260,KY,KY,1
41262,KY,KY,1
41263,KY,KY,1
41264,KY,KY,1
41265,KY,KY,1
41267,KY,KY,1
41268,KY,KY,1
41271,KY,KY,1
41274,KY,KY,1
41301,KY,KY,1
41310,KY,KY,1
41311,KY,KY,1
41314,KY,KY,1
41317,KY,KY,1
41332,KY,KY,1
41339,KY,KY,1
41348,KY,KY,1
41351,KY,KY,1
41352,KY,KY,1
41360,KY,KY,1
41364,KY,KY,1
41365,KY,KY,1
41366,KY,KY,1
41367,KY,KY,1
41385,KY,KY,1
41386,KY,KY,1
41390,KY,KY,1
41397,KY,KY,1
41408,KY,KY,1
41421,KY,KY,1
41425,KY,KY,1
41464,KY,KY,1
41465,KY,KY,1
41472,KY,KY,1
41501,KY,KY,1
41503,KY,KY,1
41512,KY,KY,1
41513,KY,KY,1
41514,KY,KY,1
41517,KY,KY,1
41519,KY,KY,1
41522,KY,KY,1
41524,KY,KY,1
41526,KY,KY,1
41527,KY,KY,1
41528,KY,KY,1
41531,KY,KY,1
41534,KY,KY,1
41535,KY,KY,1
41537,KY,KY,1
41538,KY,KY,1
41539,KY,KY,1
41540,KY,KY,1
41543,KY,KY,1
41544,KY,KY,1
41547,KY,KY,1
41548,KY,KY,1
41553,KY,KY,1
41554,KY,KY,1
41555,KY,KY,1
41557,KY,KY,1
41558,KY,KY,1
41559,KY,KY,1
41560,KY,KY,1
41562,KY,KY,1
41563,KY,KY,1
41564,KY,KY,1
41566,KY,KY,1
41567,KY,KY,1
41568,KY,KY,1
41571,KY,KY,1
41572,KY,KY,1
41601,KY,KY,1
41602,KY,KY,1
41603,KY,KY,1
41604,KY,KY,1
41605,KY,KY,1
41606,KY,KY,1
41607,KY,KY,1
41612,KY,KY,1
41615,KY,KY,1
41616,KY,KY,1
41619,KY,KY,1
41621,KY,KY,1
41622,KY,KY,1
41630,KY,KY,1
41631,KY,KY,1
41632,KY,KY,1
41635,KY,KY,1
41636,KY,KY,1
41640,KY,KY,1
41642,KY,KY,1
41643,KY,KY,1
41645,KY,KY,1
41647,KY,KY,1
41649,KY,KY,1
41650,KY,KY,1
41651,KY,KY,1
41653,KY,KY,1
41655,KY,KY,1
41659,KY,KY,1
41660,KY,KY,1
41663,KY,KY,1
41666,KY,KY,1
41667,KY,KY,1
41669,KY,KY,1
41701,KY,KY,1
41712,KY,KY,1
41713,KY,KY,1
41714,KY,KY,1
41719,KY,KY,1
41721,KY,KY,1
41722,KY,KY,1
41723,KY,KY,1
41725,KY,KY,1
41727,KY,KY,1
41729,KY,KY,1
41731,KY,KY,1
41735,KY,KY,1
41739,KY,KY,1
41740,KY,KY,1
41745,KY,KY,1
41746,KY,KY,1
41749,KY,KY,1
41751,KY,KY,1
41754,KY,KY,1
41759,KY,KY,1
41760,KY,KY,1
41762,KY,KY,1
41763,KY,KY,1
41764,KY,KY,1
41766,KY,KY,1
41772,KY,KY,1
41773,KY,KY,1
41774,KY,KY,1
41775,KY,KY,1
41776,KY,KY,1
41777,KY,KY,1
41778,KY,KY,1
41804,KY,KY,1
41810,KY,KY,1
41812,KY,KY,1
41815,KY,KY,1
41817,KY,KY,1
41819,KY,KY,1
41821,KY,KY,1
41822,KY,KY,1
41824,KY,KY,1
41825,KY,KY,1
41826,KY,KY,1
41828,KY,KY,1
41831,KY,KY,1
41832,KY,KY,1
41833,KY,KY,1
41834,KY,KY,1
41835,KY,KY,1
41836,KY,KY,1
41837,KY,KY,1
41838,KY,KY,1
41839,KY,KY,1
41840,KY,KY,1
41843,KY,KY,1
41844,KY,KY,1
41845,KY,KY,1
41847,KY,KY,1
41848,KY,KY,1
41849,KY,KY,1
41855,KY,KY,1
41858,KY,KY,1
41859,KY,KY,1
41861,KY,KY,1
41862,KY,KY,1
42001,KY,KY,1
42003,KY,KY,1
42020,KY,KY,1
42021,KY,KY,1
42022,KY,KY,1
42023,KY,KY,1
42024,KY,KY,1
42025,KY,KY,1
42027,KY,KY,1
42028,KY,KY,1
42029,KY,KY,1
42031,KY,KY,1
42032,KY,KY,1
42035,KY,KY,1
42036,KY,KY,1
42037,KY,KY,1
42038,KY,KY,1
42039,KY,KY,1
42040,KY,KY,1
42041,KY,KY,1
42044,KY,KY,1
42045,KY,KY,1
42047,KY,KY,1
42048,KY,KY,1
42049,KY,KY,1
42050,KY,KY,1
42051,KY,KY,1
42053,KY,KY,1
42054,KY,KY,1
42055,KY,KY,1
42056,KY,KY,1
42058,KY,KY,1
42060,KY,KY,1
42061,KY,KY,1
42064,KY,KY,1
42066,KY,KY,1
42069,KY,KY,1
42071,KY,KY,1
42076,KY,KY,1
42078,KY,KY,1
42079,KY,KY,1
42081,KY,KY,1
42082,KY,KY,1
42083,KY,KY,1
42085,KY,KY,1
42086,KY,KY,1
42087,KY,KY,1
42088,KY,KY,1
42101,KY,KY,1
42103,KY,KY,1
42104,KY,KY,1
42120,KY,KY,1
42122,KY,KY,1
42123,KY,KY,1
42124,KY,KY,1
42127,KY,KY,1
42129,KY,KY,1
42130,KY,KY,1
42131,KY,KY,1
42133,KY,KY,1
42134,KY,KY,1
42140,KY,KY,1
42141,KY,KY,1
42151,KY,KY,1
42153,KY,KY,1
42154,KY,KY,1
42156,KY,KY,1
42157,KY,KY,1
42159,KY,KY,1
42160,KY,KY,1
42163,KY,KY,1
42164,KY,KY,1
42166,KY,KY,1
42167,KY,KY,1
42170,KY,KY,1
42171,KY,KY,1
42202,KY,KY,1
42204,KY,KY,1
42206,KY,KY,1
42207,KY,KY,1
42210,KY,KY,1
42211,KY,KY,1
42214,KY,KY,1
42215,KY,KY,1
42217,KY,KY,1
42220,KY,KY,1
42223,TN,KY|TN,2
42232,KY,KY,1
42234,KY,KY,1
42236,KY,KY,1
42240,KY,KY,1
42252,KY,KY,1
42254,KY,KY,1
42256,KY,KY,1
42259,KY,KY,1
42261,KY,KY,1
42262,KY,KY,1
42265,KY,KY,1
42266,KY,KY,1
42273,KY,KY,1
42274,KY,KY,1
42275,KY,KY,1
42276,KY,KY,1
42280,KY,KY,1
42285,KY,KY,1
42286,KY,KY,1
42301,KY,KY,1
42303,KY,KY,1
42320,KY,KY,1
42321,KY,KY,1
42322,KY,KY,1
42323,KY,KY,1
42324,KY,KY,1
42325,KY,KY,1
42326,KY,KY,1
42327,KY,KY,1
42328,KY,KY,1
42330,KY,KY,1
42332,KY,KY,1
42333,KY,KY,1
42337,KY,KY,1
42338,KY,KY,1
42339,KY,KY,1
42343,KY,KY,1
42344,KY,KY,1
42345,KY,KY,1
42347,KY,KY,1
42348,KY,KY,1
42349,KY,KY,1
42350,KY,KY,1
42351,KY,KY,1
42352,KY,KY,1
42354,KY,KY,1
42355,KY,KY,1
42356,KY,KY,1
42361,KY,KY,1
42366,KY,KY,1
42367,KY,KY,1
42368,KY,KY,1
42369,KY,KY,1
42370,KY,KY,1
42371,KY,KY,1
42372,KY,KY,1
42374,KY,KY,1
42376,KY,KY,1
42378,KY,KY,1
42404,KY,KY,1
42406,KY,KY,1
42408,KY,KY,1
42409,KY,KY,1
42410,KY,KY,1
42411,KY,KY,1
42413,KY,KY,1
42420,KY,KY,1
42431,KY,KY,1
42436,KY,KY,1
42437,KY,KY,1
42440,KY,KY,1
42441,KY,KY,1
42442,KY,KY,1
42444,KY,KY,1
42445,KY,KY,1
42450,KY,KY,1
42451,KY,KY,1
42452,KY,KY,1
42453,KY,KY,1
42455,KY,KY,1
42456,KY,KY,1
42458,KY,KY,1
42459,KY,KY,1
42461,KY,KY,1
42462,KY,KY,1
42463,KY,KY,1
42464,KY,KY,1
42501,KY,KY,1
42503,KY,KY,1
42516,KY,KY,1
42518,KY,KY,1
42519,KY,KY,1
42528,KY,KY,1
42533,KY,KY,1
42539,KY,KY,1
42541,KY,KY,1
42544,KY,KY,1
42553,KY,KY,1
42565,KY,KY,1
42566,KY,KY,1
42567,KY,KY,1
42602,KY,KY|TN,2
42603,KY,KY,1
42629,KY,KY,1
42631,KY,KY,1
42633,KY,KY,1
42634,KY,KY,1
42635,KY,KY,1
42638,KY,KY,1
42642,KY,KY,1
42647,KY,KY,1
42649,KY,KY,1
42653,KY,KY,1
42701,KY,KY,1
42712,KY,KY,1
42713,KY,KY,1
42715,KY,KY,1
42716,KY,KY,1
42717,KY,KY,1
42718,KY,KY,1
42721,KY,KY,1
42722,KY,KY,1
42724,KY,KY,1
42726,KY,KY,1
42728,KY,KY,1
42729,KY,KY,1
42732,KY,KY,1
42733,KY,KY,1
42740,KY,KY,1
42741,KY,KY,1
42742,KY,KY,1
42743,KY,KY,1
42746,KY,KY,1
42748,KY,KY,1
42749,KY,KY,1
42753,KY,KY,1
42754,KY,KY,1
42757,KY,KY,1
42758,KY,KY,1
42759,KY,KY,1
42762,KY,KY,1
42764,KY,KY,1
42765,KY,KY,1
42776,KY,KY,1
42782,KY,KY,1
42784,KY,KY,1
42788,KY,KY,1
43001,OH,OH,1
43002,OH,OH,1
43003,OH,OH,1
43004,OH,OH,1
43005,OH,OH,1
43006,OH,OH,1
43007,OH,OH,1
43008,OH,OH,1
43009,OH,OH,1
43010,OH,OH,1
43011,OH,OH,1
43013,OH,OH,1
43014,OH,OH,1
43015,OH,OH,1
43016,OH,OH,1
43017,OH,OH,1
43018,OH,OH,1
43019,OH,OH,1
43021,OH,OH,1
43022,OH,OH,1
43023,OH,OH,1
43025,OH,OH,1
43026,OH,OH,1
43027,OH,OH,1
43028,OH,OH,1
43029,OH,OH,1
43030,OH,OH,1
43031,OH,OH,1
43032,OH,OH,1
43033,OH,OH,1
43035,OH,OH,1
43036,OH,OH,1
43037,OH,OH,1
43040,OH,OH,1
43044,OH,OH,1
43045,OH,OH,1
43046,OH,OH,1
43047,OH,OH,1
43050,OH,OH,1
43054,OH,OH,1
43055,OH,OH,1
43056,OH,OH,1
43060,OH,OH,1
43061,OH,OH,1
43062,OH,OH,1
43064,OH,OH,1
43065,OH,OH,1
43066,OH,OH,1
43067,OH,OH,1
43068,OH,OH,1
43070,OH,OH,1
43071,OH,OH,1
43072,OH,OH,1
43074,OH,OH,1
43076,OH,OH,1
43077,OH,OH,1
43078,OH,OH,1
43080,OH,OH,1
43081,OH,OH,1
43082,OH,OH,1
43084,OH,OH,1
43085,OH,OH,1
43101,OH,OH,1
43102,OH,OH,1
43103,OH,OH,1
43105,OH,OH,1
43106,OH,OH,1
43107,OH,OH,1
43109,OH,OH,1
43110,OH,OH,1
43111,OH,OH,1
43112,OH,OH,1
43113,OH,OH,1
43115,OH,OH,1
43116,OH,OH,1
43117,OH,OH,1
43119,OH,OH,1
43123,OH,OH,1
43125,OH,OH,1
43126,OH,OH,1
43127,OH,OH,1
43128,OH,OH,1
43130,OH,OH,1
43135,OH,OH,1
43136,OH,OH,1
43137,OH,OH,1
43138,OH,OH,1
43140,OH,OH,1
43142,OH,OH,1
43143,OH,OH,1
43144,OH,OH,1
43145,OH,OH,1
43146,OH,OH,1
43147,OH,OH,1
43148,OH,OH,1
43149,OH,OH,1
43150,OH,OH,1
43151,OH,OH,1
43152,OH,OH,1
43153,OH,OH,1
43154,OH,OH,1
43155,OH,OH,1
43156,OH,OH,1
43157,OH,OH,1
43158,OH,OH,1
43160,OH,OH,1
43162,OH,OH,1
43164,OH,OH,1
43201,OH,OH,1
43202,OH,OH,1
43203,OH,OH,1
43204,OH,OH,1
43205,OH,OH,1
43206,OH,OH,1
43207,OH,OH,1
43209,OH,OH,1
43210,OH,OH,1
43211,OH,OH,1
43212,OH,OH,1
43213,OH,OH,1
43214,OH,OH,1
43215,OH,OH,1
43217,OH,OH,1
43218,OH,OH,1
43219,OH,OH,1
43220,OH,OH,1
43221,OH,OH,1
43222,OH,OH,1
43223,OH,OH,1
43224,OH,OH,1
43227,OH,OH,1
43228,OH,OH,1
43229,OH,OH,1
43230,OH,OH,1
43231,OH,OH,1
43232,OH,OH,1
43235,OH,OH,1
43240,OH,OH,1
43302,OH,OH,1
43310,OH,OH,1
43311,OH,OH,1
43314,OH,OH,1
43315,OH,OH,1
43316,OH,OH,1
43317,OH,OH,1
43318,OH,OH,1
43319,OH,OH,1
43320,OH,OH,1
43321,OH,OH,1
43322,OH,OH,1
43323,OH,OH,1
43324,OH,OH,1
43325,OH,OH,1
43326,OH,OH,1
43330,OH,OH,1
43331,OH,OH,1
43332,OH,OH,1
43333,OH,OH,1
43334,OH,OH,1
43336,OH,OH,1
43337,OH,OH,1
43338,OH,OH,1
43340,OH,OH,1
43341,OH,OH,1
43342,OH,OH,1
43343,OH,OH,1
43344,OH,OH,1
43345,OH,OH,1
43346,OH,OH,1
43347,OH,OH,1
43348,OH,OH,1
43350,OH,OH,1
43351,OH,OH,1
43356,OH,OH,1
43357,OH,OH,1
43358,OH,OH,1
43359,OH,OH,1
43360,OH,OH,1
43402,OH,OH,1
43403,OH,OH,1
43406,OH,OH,1
43407,OH,OH,1
43408,OH,OH,1
43410,OH,OH,1
43412,OH,OH,1
43413,OH,OH,1
43414,OH,OH,1
43416,OH,OH,1
43420,OH,OH,1
43430,OH,OH,1
43431,OH,OH,1
43432,OH,OH,1
43433,OH,OH,1
43434,OH,OH,1
43435,OH,OH,1
43436,OH,OH,1
43437,OH,OH,1
43438,OH,OH,1
43439,OH,OH,1
43440,OH,OH,1
43442,OH,OH,1
43443,OH,OH,1
43445,OH,OH,1
43446,OH,OH,1
43447,OH,OH,1
43449,OH,OH,1
43450,OH,OH,1
43451,OH,OH,1
43452,OH,OH,1
43456,OH,OH,1
43457,OH,OH,1
43458,OH,OH,1
43460,OH,OH,1
43462,OH,OH,1
43463,OH,OH,1
43464,OH,OH,1
43465,OH,OH,1
43466,OH,OH,1
43467,OH,OH,1
43468,OH,OH,1
43469,OH,OH,1
43501,OH,OH,1
43502,OH,OH,1
43504,OH,OH,1
43505,OH,OH,1
43506,OH,OH,1
43510,OH,OH,1
43511,OH,OH,1
43512,OH,OH,1
43515,OH,OH,1
43516,OH,OH,1
43517,OH,OH,1
43518,OH,OH,1
43519,OH,OH,1
43520,OH,OH,1
43521,OH,OH,1
43522,OH,OH,1
43523,OH,OH,1
43524,OH,OH,1
43525,OH,OH,1
43526,OH,OH,1
43527,OH,OH,1
43528,OH,OH,1
43529,OH,OH,1
43530,OH,OH,1
43531,OH,OH,1
43532,OH,OH,1
43533,OH,OH,1
43534,OH,OH,1
43535,OH,OH,1
43536,OH,OH,1
43537,OH,OH,1
43540,OH,OH,1
43541,OH,OH,1
43542,OH,OH,1
43543,OH,OH,1
43545,OH,OH,1
43547,OH,OH,1
43548,OH,OH,1
43549,OH,OH,1
43551,OH,OH,1
43553,OH,OH,1
43554,OH,OH,1
43555,OH,OH,1
43556,OH,OH,1
43557,OH,OH,1
43558,OH,OH,1
43560,OH,OH,1
43565,OH,OH,1
43566,OH,OH,1
43567,OH,OH,1
43569,OH,OH,1
43570,OH,OH,1
43571,OH,OH,1
43604,OH,OH,1
43605,OH,OH,1
43606,OH,OH,1
43607,OH,OH,1
43608,OH,OH,1
43609,OH,OH,1
43610,OH,OH,1
43611,OH,OH,1
43612,OH,OH,1
43613,OH,OH,1
43614,OH,OH,1
43615,OH,OH,1
43616,OH,OH,1
43617,OH,OH,1
43619,OH,OH,1
43620,OH,OH,1
43623,OH,OH,1
43701,OH,OH,1
43711,OH,OH,1
43713,OH,OH,1
43716,OH,OH,1
43717,OH,OH,1
43718,OH,OH,1
43719,OH,OH,1
43720,OH,OH,1
43721,OH,OH,1
43722,OH,OH,1
43723,OH,OH,1
43724,OH,OH,1
43725,OH,OH,1
43727,OH,OH,1
43728,OH,OH,1
43730,OH,OH,1
43731,OH,OH,1
43732,OH,OH,1
43733,OH,OH,1
43734,OH,OH,1
43735,OH,OH,1
43736,OH,OH,1
43738,OH,OH,1
43739,OH,OH,1
43740,OH,OH,1
43746,OH,OH,1
43747,OH,OH,1
43748,OH,OH,1
43749,OH,OH,1
43750,OH,OH,1
43754,OH,OH,1
43755,OH,OH,1
43756,OH,OH,1
43758,OH,OH,1
43759,OH,OH,1
43760,OH,OH,1
43761,OH,OH,1
43762,OH,OH,1
43764,OH,OH,1
43766,OH,OH,1
43767,OH,OH,1
43768,OH,OH,1
43771,OH,OH,1
43772,OH,OH,1
43773,OH,OH,1
43777,OH,OH,1
43778,OH,OH,1
43779,OH,OH,1
43780,OH,OH,1
43782,OH,OH,1
43783,OH,OH,1
43786,OH,OH,1
43787,OH,OH,1
43788,OH,OH,1
43791,OH,OH,1
43793,OH,OH,1
43802,OH,OH,1
43804,OH,OH,1
43805,OH,OH,1
43811,OH,OH,1
43812,OH,OH,1
43821,OH,OH,1
43822,OH,OH,1
43824,OH,OH,1
43830,OH,OH,1
43832,OH,OH,1
43836,OH,OH,1
43837,OH,OH,1
43840,OH,OH,1
43842,OH,OH,1
43843,OH,OH,1
43844,OH,OH,1
43845,OH,OH,1
43901,OH,OH,1
43902,OH,OH,1
43903,OH,OH,1
43905,OH,OH,1
43906,OH,OH,1
43907,OH,OH,1
43908,OH,OH,1
43909,OH,OH,1
43910,OH,OH,1
43912,OH,OH,1
43913,OH,OH,1
43914,OH,OH,1
43915,OH,OH,1
43917,OH,OH,1
43920,OH,OH,1
43925,OH,OH,1
43926,OH,OH,1
43928,OH,OH,1
43930,OH,OH,1
43931,OH,OH,1
43932,OH,OH,1
43933,OH,OH,1
43934,OH,OH,1
43935,OH,OH,1
43938,OH,OH,1
43939,OH,OH,1
43940,OH,OH,1
43942,OH,OH,1
43943,OH,OH,1
43944,OH,OH,1
43945,OH,OH,1
43946,OH,OH,1
43947,OH,OH,1
43948,OH,OH,1
43950,OH,OH,1
43951,OH,OH,1
43952,OH,OH,1
43953,OH,OH,1
43961,OH,OH,1
43962,OH,OH,1
43963,OH,OH,1
43964,OH,OH,1
43967,OH,OH,1
43968,OH,OH,1
43971,OH,OH,1
43972,OH,OH,1
43973,OH,OH,1
43974,OH,OH,1
43976,OH,OH,1
43977,OH,OH,1
43981,OH,OH,1
43983,OH,OH,1
43985,OH,OH,1
43986,OH,OH,1
43988,OH,OH,1
44001,OH,OH,1
44003,OH,OH,1
44004,OH,OH,1
44010,OH,OH,1
44011,OH,OH,1
44012,OH,OH,1
44017,OH,OH,1
44021,OH,OH,1
44022,OH,OH,1
44023,OH,OH,1
44024,OH,OH,1
44026,OH,OH,1
44028,OH,OH,1
44030,OH,OH,1
44032,OH,OH,1
44035,OH,OH,1
44039,OH,OH,1
44040,OH,OH,1
44041,OH,OH,1
44044,OH,OH,1
44045,OH,OH,1
44046,OH,OH,1
44047,OH,OH,1
44048,OH,OH,1
44049,OH,OH,1
44050,OH,OH,1
44052,OH,OH,1
44053,OH,OH,1
44054,OH,OH,1
44055,OH,OH,1
44056,OH,OH,1
44057,OH,OH,1
44060,OH,OH,1
44062,OH,OH,1
44064,OH,OH,1
44065,OH,OH,1
44067,OH,OH,1
44068,OH,OH,1
44070,OH,OH,1
44072,OH,OH,1
44074,OH,OH,1
44076,OH,OH,1
44077,OH,OH,1
44080,OH,OH,1
44081,OH,OH,1
44082,OH,OH,1
44084,OH,OH,1
44085,OH,OH,1
44086,OH,OH,1
44087,OH,OH,1
44089,OH,OH,1
44090,OH,OH,1
44092,OH,OH,1
44093,OH,OH,1
44094,OH,OH,1
44095,OH,OH,1
44099,OH,OH,1
44101,OH,OH,1
44102,OH,OH,1
44103,OH,OH,1
44104,OH,OH,1
44105,OH,OH,1
44106,OH,OH,1
44107,OH,OH,1
44108,OH,OH,1
44109,OH,OH,1
44110,OH,OH,1
44111,OH,OH,1
44112,OH,OH,1
44113,OH,OH,1
44114,OH,OH,1
44115,OH,OH,1
44116,OH,OH,1
44117,OH,OH,1
44118,OH,OH,1
44119,OH,OH,1
44120,OH,OH,1
44121,OH,OH,1
44122,OH,OH,1
44123,OH,OH,1
44124,OH,OH,1
44125,OH,OH,1
44126,OH,OH,1
44127,OH,OH,1
44128,OH,OH,1
44129,OH,OH,1
44130,OH,OH,1
44131,OH,OH,1
44132,OH,OH,1
44133,OH,OH,1
44134,OH,OH,1
44135,OH,OH,1
44136,OH,OH,1
44137,OH,OH,1
44138,OH,OH,1
44139,OH,OH,1
44140,OH,OH,1
44141,OH,OH,1
44142,OH,OH,1
44143,OH,OH,1
44144,OH,OH,1
44145,OH,OH,1
44146,OH,OH,1
44147,OH,OH,1
44149,OH,OH,1
44201,OH,OH,1
44202,OH,OH,1
44203,OH,OH,1
44212,OH,OH,1
44214,OH,OH,1
44215,OH,OH,1
44216,OH,OH,1
44217,OH,OH,1
44221,OH,OH,1
44223,OH,OH,1
44224,OH,OH,1
44230,OH,OH,1
44231,OH,OH,1
44232,OH,OH,1
44233,OH,OH,1
44234,OH,OH,1
44235,OH,OH,1
44236,OH,OH,1
44240,OH,OH,1
44241,OH,OH,1
44243,OH,OH,1
44250,OH,OH,1
44251,OH,OH,1
44253,OH,OH,1
44254,OH,OH,1
44255,OH,OH,1
44256,OH,OH,1
44260,OH,OH,1
44262,OH,OH,1
44264,OH,OH,1
44266,OH,OH,1
44270,OH,OH,1
44272,OH,OH,1
44273,OH,OH,1
44274,OH,OH,1
44275,OH,OH,1
44276,OH,OH,1
44278,OH,OH,1
44280,OH,OH,1
44281,OH,OH,1
44285,OH,OH,1
44286,OH,OH,1
44287,OH,OH,1
44288,OH,OH,1
44301,OH,OH,1
44302,OH,OH,1
44303,OH,OH,1
44304,OH,OH,1
44305,OH,OH,1
44306,OH,OH,1
44307,OH,OH,1
44308,OH,OH,1
44310,OH,OH,1
44311,OH,OH,1
44312,OH,OH,1
44313,OH,OH,1
44314,OH,OH,1
44319,OH,OH,1
44320,OH,OH,1
44321,OH,OH,1
44325,OH,OH,1
44333,OH,OH,1
44401,OH,OH,1
44402,OH,OH,1
44403,OH,OH,1
44404,OH,OH,1
44405,OH,OH,1
44406,OH,OH,1
44408,OH,OH,1
44410,OH,OH,1
44411,OH,OH,1
44412,OH,OH,1
44413,OH,OH,1
44415,OH,OH,1
44417,OH,OH,1
44418,OH,OH,1
44420,OH,OH,1
44423,OH,OH,1
44424,OH,OH,1
44425,OH,OH,1
44427,OH,OH,1
44428,OH,OH,1
44429,OH,OH,1
44430,OH,OH,1
44431,OH,OH,1
44432,OH,OH,1
44436,OH,OH,1
44437,OH,OH,1
44438,OH,OH,1
44439,OH,OH,1
44440,OH,OH,1
44441,OH,OH,1
44442,OH,OH,1
44443,OH,OH,1
44444,OH,OH,1
44445,OH,OH,1
44446,OH,OH,1
44449,OH,OH,1
44450,OH,OH,1
44451,OH,OH,1
44452,OH,OH,1
44454,OH,OH,1
44455,OH,OH,1
44460,OH,OH,1
44470,OH,OH,1
44471,OH,OH,1
44473,OH,OH,1
44481,OH,OH,1
44483,OH,OH,1
44484,OH,OH,1
44485,OH,OH,1
44490,OH,OH,1
44491,OH,OH,1
44493,OH,OH,1
44502,OH,OH,1
44503,OH,OH,1
44504,OH,OH,1
44505,OH,OH,1
44506,OH,OH,1
44507,OH,OH,1
44509,OH,OH,1
44510,OH,OH,1
44511,OH,OH,1
44512,OH,OH,1
44514,OH,OH,1
44515,OH,OH,1
44555,OH,OH,1
44601,OH,OH,1
44606,OH,OH,1
44607,OH,OH,1
44608,OH,OH,1
44609,OH,OH,1
44610,OH,OH,1
44611,OH,OH,1
44612,OH,OH,1
44613,OH,OH,1
44614,OH,OH,1
44615,OH,OH,1
44618,OH,OH,1
44619,OH,OH,1
44620,OH,OH,1
44621,OH,OH,1
44622,OH,OH,1
44624,OH,OH,1
44625,OH,OH,1
44626,OH,OH,1
44627,OH,OH,1
44628,OH,OH,1
44629,OH,OH,1
44630,OH,OH,1
44632,OH,OH,1
44633,OH,OH,1
44634,OH,OH,1
44637,OH,OH,1
44638,OH,OH,1
44639,OH,OH,1
44640,OH,OH,1
44641,OH,OH,1
44643,OH,OH,1
44644,OH,OH,1
44645,OH,OH,1
44646,OH,OH,1
44647,OH,OH,1
44651,OH,OH,1
44652,OH,OH,1
44653,OH,OH,1
44654,OH,OH,1
44656,OH,OH,1
44657,OH,OH,1
44659,OH,OH,1
44660,OH,OH,1
44661,OH,OH,1
44662,OH,OH,1
44663,OH,OH,1
44665,OH,OH,1
44666,OH,OH,1
44667,OH,OH,1
44669,OH,OH,1
44670,OH,OH,1
44671,OH,OH,1
44672,OH,OH,1
44675,OH,OH,1
44676,OH,OH,1
44677,OH,OH,1
44678,OH,OH,1
44680,OH,OH,1
44681,OH,OH,1
44682,OH,OH,1
44683,OH,OH,1
44685,OH,OH,1
44687,OH,OH,1
44688,OH,OH,1
44689,OH,OH,1
44690,OH,OH,1
44691,OH,OH,1
44693,OH,OH,1
44695,OH,OH,1
44697,OH,OH,1
44699,OH,OH,1
44702,OH,OH,1
44703,OH,OH,1
44704,OH,OH,1
44705,OH,OH,1
44706,OH,OH,1
44707,OH,OH,1
44708,OH,OH,1
44709,OH,OH,1
44710,OH,OH,1
44714,OH,OH,1
44718,OH,OH,1
44720,OH,OH,1
44721,OH,OH,1
44730,OH,OH,1
44802,OH,OH,1
44804,OH,OH,1
44805,OH,OH,1
44807,OH,OH,1
44809,OH,OH,1
44811,OH,OH,1
44813,OH,OH,1
44814,OH,OH,1
44815,OH,OH,1
44817,OH,OH,1
44818,OH,OH,1
44820,OH,OH,1
44822,OH,OH,1
44824,OH,OH,1
44825,OH,OH,1
44826,OH,OH,1
44827,OH,OH,1
44828,OH,OH,1
44830,OH,OH,1
44833,OH,OH,1
44836,OH,OH,1
44837,OH,OH,1
44838,OH,OH,1
44839,OH,OH,1
44840,OH,OH,1
44841,OH,OH,1
44842,OH,OH,1
44843,OH,OH,1
44844,OH,OH,1
44846,OH,OH,1
44847,OH,OH,1
44849,OH,OH,1
44850,OH,OH,1
44851,OH,OH,1
44853,OH,OH,1
44854,OH,OH,1
44855,OH,OH,1
44856,OH,OH,1
44857,OH,OH,1
44859,OH,OH,1
44861,OH,OH,1
44864,OH,OH,1
44865,OH,OH,1
44866,OH,OH,1
44867,OH,OH,1
44870,OH,OH,1
44874,OH,OH,1
44875,OH,OH,1
44878,OH,OH,1
44880,OH,OH,1
44881,OH,OH,1
44882,OH,OH,1
44883,OH,OH,1
44887,OH,OH,1
44889,OH,OH,1
44890,OH,OH,1
44901,OH,OH,1
44902,OH,OH,1
44903,OH,OH,1
44904,OH,OH,1
44905,OH,OH,1
44906,OH,OH,1
44907,OH,OH,1
45001,OH,OH,1
45002,OH,OH,1
45003,OH,OH,1
45005,OH,OH,1
45011,OH,OH,1
45013,OH,OH,1
45014,OH,OH,1
45015,OH,OH,1
45030,OH,OH,1
45032,OH,OH,1
45033,OH,OH,1
45034,OH,OH,1
45036,OH,OH,1
45039,OH,OH,1
45040,OH,OH,1
45041,OH,OH,1
45042,OH,OH,1
45044,OH,OH,1
45050,OH,OH,1
45051,OH,OH,1
45052,OH,OH,1
45053,OH,OH,1
45054,OH,OH,1
45055,OH,OH,1
45056,OH,OH,1
45062,OH,OH,1
45064,OH,OH,1
45065,OH,OH,1
45066,OH,OH,1
45067,OH,OH,1
45068,OH,OH,1
45069,OH,OH,1
45070,OH,OH,1
45101,OH,OH,1
45102,OH,OH,1
45103,OH,OH,1
45105,OH,OH,1
45106,OH,OH,1
45107,OH,OH,1
45111,OH,OH,1
45112,OH,OH,1
45113,OH,OH,1
45115,OH,OH,1
45118,OH,OH,1
45119,OH,OH,1
45120,OH,OH,1
45121,OH,OH,1
45122,OH,OH,1
45123,OH,OH,1
45130,OH,OH,1
45131,OH,OH,1
45132,OH,OH,1
45133,OH,OH,1
45135,OH,OH,1
45140,OH,OH,1
45142,OH,OH,1
45144,OH,OH,1
45146,OH,OH,1
45147,OH,OH,1
45148,OH,OH,1
45150,OH,OH,1
45152,OH,OH,1
45153,OH,OH,1
45154,OH,OH,1
45155,OH,OH,1
45156,OH,OH,1
45157,OH,OH,1
45158,OH,OH,1
45159,OH,OH,1
45160,OH,OH,1
45162,OH,OH,1
45164,OH,OH,1
45166,OH,OH,1
45167,OH,OH,1
45168,OH,OH,1
45169,OH,OH,1
45171,OH,OH,1
45172,OH,OH,1
45174,OH,OH,1
45176,OH,OH,1
45177,OH,OH,1
45202,OH,OH,1
45203,OH,OH,1
45204,OH,OH,1
45205,OH,OH,1
45206,OH,OH,1
45207,OH,OH,1
45208,OH,OH,1
45209,OH,OH,1
45211,OH,OH,1
45212,OH,OH,1
45213,OH,OH,1
45214,OH,OH,1
45215,OH,OH,1
45216,OH,OH,1
45217,OH,OH,1
45218,OH,OH,1
45219,OH,OH,1
45220,OH,OH,1
45223,OH,OH,1
45224,OH,OH,1
45225,OH,OH,1
45226,OH,OH,1
45227,OH,OH,1
45229,OH,OH,1
45230,OH,OH,1
45231,OH,OH,1
45232,OH,OH,1
45233,OH,OH,1
45236,OH,OH,1
45237,OH,OH,1
45238,OH,OH,1
45239,OH,OH,1
45240,OH,OH,1
45241,OH,OH,1
45242,OH,OH,1
45243,OH,OH,1
45244,OH,OH,1
45245,OH,OH,1
45246,OH,OH,1
45247,OH,OH,1
45248,OH,OH,1
45249,OH,OH,1
45251,OH,OH,1
45252,OH,OH,1
45255,OH,OH,1
45267,OH,OH,1
45301,OH,OH,1
45302,OH,OH,1
45303,OH,OH,1
45304,OH,OH,1
45305,OH,OH,1
45306,OH,OH,1
45307,OH,OH,1
45308,OH,OH,1
45309,OH,OH,1
45310,OH,OH,1
45311,OH,OH,1
45312,OH,OH,1
45314,OH,OH,1
45315,OH,OH,1
45316,OH,OH,1
45317,OH,OH,1
45318,OH,OH,1
45319,OH,OH,1
45320,OH,OH,1
45321,OH,OH,1
45322,OH,OH,1
45323,OH,OH,1
45324,OH,OH,1
45325,OH,OH,1
45326,OH,OH,1
45327,OH,OH,1
45328,OH,OH,1
45330,OH,OH,1
45331,OH,OH,1
45332,OH,OH,1
45333,OH,OH,1
45334,OH,OH,1
45335,OH,OH,1
45336,OH,OH,1
45337,OH,OH,1
45338,OH,OH,1
45339,OH,OH,1
45340,OH,OH,1
45341,OH,OH,1
45342,OH,OH,1
45344,OH,OH,1
45345,OH,OH,1
45346,OH,OH,1
45347,OH,OH,1
45348,OH,OH,1
45349,OH,OH,1
45350,OH,OH,1
45351,OH,OH,1
45352,OH,OH,1
45353,OH,OH,1
45354,OH,OH,1
45356,OH,OH,1
45358,OH,OH,1
45359,OH,OH,1
45360,OH,OH,1
45361,OH,OH,1
45362,OH,OH,1
45363,OH,OH,1
45365,OH,OH,1
45368,OH,OH,1
45369,OH,OH,1
45370,OH,OH,1
45371,OH,OH,1
45372,OH,OH,1
45373,OH,OH,1
45377,OH,OH,1
45378,OH,OH,1
45380,OH,OH,1
45381,OH,OH,1
45382,OH,OH,1
45383,OH,OH,1
45384,OH,OH,1
45385,OH,OH,1
45387,OH,OH,1
45388,OH,OH,1
45389,OH,OH,1
45390,OH,OH,1
45402,OH,OH,1
45403,OH,OH,1
45404,OH,OH,1
45405,OH,OH,1
45406,OH,OH,1
45409,OH,OH,1
45410,OH,OH,1
45414,OH,OH,1
45415,OH,OH,1
45416,OH,OH,1
45417,OH,OH,1
45419,OH,OH,1
45420,OH,OH,1
45423,OH,OH,1
45424,OH,OH,1
45426,OH,OH,1
45428,OH,OH,1
45429,OH,OH,1
45430,OH,OH,1
45431,OH,OH,1
45432,OH,OH,1
45433,OH,OH,1
45434,OH,OH,1
45435,OH,OH,1
45439,OH,OH,1
45440,OH,OH,1
45449,OH,OH,1
45458,OH,OH,1
45459,OH,OH,1
45469,OH,OH,1
45501,OH,OH,1
45502,OH,OH,1
45503,OH,OH,1
45504,OH,OH,1
45505,OH,OH,1
45506,OH,OH,1
45601,OH,OH,1
45612,OH,OH,1
45613,OH,OH,1
45614,OH,OH,1
45616,OH,OH,1
45617,OH,OH,1
45618,OH,OH,1
45619,OH,OH,1
45620,OH,OH,1
45621,OH,OH,1
45622,OH,OH,1
45623,OH,OH,1
45624,OH,OH,1
45628,OH,OH,1
45629,OH,OH,1
45630,OH,OH,1
45631,OH,OH,1
45634,OH,OH,1
45636,OH,OH,1
45638,OH,OH,1
45640,OH,OH,1
45642,OH,OH,1
45644,OH,OH,1
45645,OH,OH,1
45646,OH,OH,1
45647,OH,OH,1
45648,OH,OH,1
45650,OH,OH,1
45651,OH,OH,1
45652,OH,OH,1
45653,OH,OH,1
45654,OH,OH,1
45656,OH,OH,1
45657,OH,OH,1
45658,OH,OH,1
45659,OH,OH,1
45660,OH,OH,1
45661,OH,OH,1
45662,OH,OH,1
45663,OH,OH,1
45669,OH,OH,1
45671,OH,OH,1
45672,OH,OH,1
45673,OH,OH,1
45674,OH,OH,1
45677,OH,OH,1
45678,OH,OH,1
45679,OH,OH,1
45680,OH,OH,1
45681,OH,OH,1
45682,OH,OH,1
45684,OH,OH,1
45685,OH,OH,1
45686,OH,OH,1
45688,OH,OH,1
45690,OH,OH,1
45692,OH,OH,1
45693,OH,OH,1
45694,OH,OH,1
45695,OH,OH,1
45696,OH,OH,1
45697,OH,OH,1
45698,OH,OH,1
45699,OH,OH,1
45701,OH,OH,1
45710,OH,OH,1
45711,OH,OH,1
45714,OH,OH,1
45715,OH,OH,1
45716,OH,OH,1
45719,OH,OH,1
45720,OH,OH,1
45721,OH,OH,1
45723,OH,OH,1
45724,OH,OH,1
45727,OH,OH,1
45729,OH,OH,1
45732,OH,OH,1
45734,OH,OH,1
45735,OH,OH,1
45739,OH,OH,1
45740,OH,OH,1
45741,OH,OH,1
45742,OH,OH,1
45743,OH,OH,1
45744,OH,OH,1
45745,OH,OH,1
45746,OH,OH,1
45750,OH,OH,1
45760,OH,OH,1
45761,OH,OH,1
45764,OH,OH,1
45766,OH,OH,1
45767,OH,OH,1
45768,OH,OH,1
45769,OH,OH,1
45770,OH,OH,1
45771,OH,OH,1
45772,OH,OH,1
45773,OH,OH,1
45775,OH,OH,1
45776,OH,OH,1
45778,OH,OH,1
45779,OH,OH,1
45780,OH,OH,1
45782,OH,OH,1
45783,OH,OH,1
45784,OH,OH,1
45786,OH,OH,1
45788,OH,OH,1
45789,OH,OH,1
45801,OH,OH,1
45804,OH,OH,1
45805,OH,OH,1
45806,OH,OH,1
45807,OH,OH,1
45808,OH,OH,1
45809,OH,OH,1
45810,OH,OH,1
45812,OH,OH,1
45813,OH,OH,1
45814,OH,OH,1
45815,OH,OH,1
45816,OH,OH,1
45817,OH,OH,1
45819,OH,OH,1
45820,OH,OH,1
45821,OH,OH,1
45822,OH,OH,1
45826,OH,OH,1
45827,OH,OH,1
45828,OH,OH,1
45830,OH,OH,1
45831,OH,OH,1
45832,OH,OH,1
45833,OH,OH,1
45835,OH,OH,1
45836,OH,OH,1
45838,OH,OH,1
45840,OH,OH,1
45841,OH,OH,1
45843,OH,OH,1
45844,OH,OH,1
45845,OH,OH,1
45846,OH,OH,1
45848,OH,OH,1
45849,OH,OH,1
45850,OH,OH,1
45851,OH,OH,1
45853,OH,OH,1
45854,OH,OH,1
45855,OH,OH,1
45856,OH,OH,1
45858,OH,OH,1
45859,OH,OH,1
45860,OH,OH,1
45861,OH,OH,1
45862,OH,OH,1
45863,OH,OH,1
45864,OH,OH,1
45865,OH,OH,1
45866,OH,OH,1
45867,OH,OH,1
45868,OH,OH,1
45869,OH,OH,1
45870,OH,OH,1
45871,OH,OH,1
45872,OH,OH,1
45873,OH,OH,1
45874,OH,OH,1
45875,OH,OH,1
45876,OH,OH,1
45877,OH,OH,1
45879,OH,OH,1
45880,OH,OH,1
45881,OH,OH,1
45882,OH,OH,1
45883,OH,OH,1
45884,OH,OH,1
45885,OH,OH,1
45886,OH,OH,1
45887,OH,OH,1
45888,OH,OH,1
45889,OH,OH,1
45890,OH,OH,1
45891,OH,OH,1
45893,OH,OH,1
45894,OH,OH,1
45895,OH,OH,1
45896,OH,OH,1
45897,OH,OH,1
45898,OH,OH,1
45899,OH,OH,1
46001,IN,IN,1
46011,IN,IN,1
46012,IN,IN,1
46013,IN,IN,1
46016,IN,IN,1
46017,IN,IN,1
46030,IN,IN,1
46031,IN,IN,1
46032,IN,IN,1
46033,IN,IN,1
46034,IN,IN,1
46035,IN,IN,1
46036,IN,IN,1
46037,IN,IN,1
46038,IN,IN,1
46039,IN,IN,1
46040,IN,IN,1
46041,IN,IN,1
46044,IN,IN,1
46045,IN,IN,1
46047,IN,IN,1
46048,IN,IN,1
46049,IN,IN,1
46050,IN,IN,1
46051,IN,IN,1
46052,IN,IN,1
46055,IN,IN,1
46056,IN,IN,1
46057,IN,IN,1
46058,IN,IN,1
46060,IN,IN,1
46062,IN,IN,1
46063,IN,IN,1
46064,IN,IN,1
46065,IN,IN,1
46068,IN,IN,1
46069,IN,IN,1
46070,IN,IN,1
46071,IN,IN,1
46072,IN,IN,1
46074,IN,IN,1
46075,IN,IN,1
46076,IN,IN,1
46077,IN,IN,1
46102,IN,IN,1
46103,IN,IN,1
46104,IN,IN,1
46105,IN,IN,1
46106,IN,IN,1
46107,IN,IN,1
46110,IN,IN,1
46111,IN,IN,1
46112,IN,IN,1
46113,IN,IN,1
46115,IN,IN,1
46117,IN,IN,1
46118,IN,IN,1
46120,IN,IN,1
46121,IN,IN,1
46122,IN,IN,1
46123,IN,IN,1
46124,IN,IN,1
46125,IN,IN,1
46126,IN,IN,1
46127,IN,IN,1
46128,IN,IN,1
46130,IN,IN,1
46131,IN,IN,1
46133,IN,IN,1
46135,IN,IN,1
46140,IN,IN,1
46142,IN,IN,1
46143,IN,IN,1
46144,IN,IN,1
46146,IN,IN,1
46147,IN,IN,1
46148,IN,IN,1
46149,IN,IN,1
46150,IN,IN,1
46151,IN,IN,1
46154,IN,IN,1
46155,IN,IN,1
46156,IN,IN,1
46157,IN,IN,1
46158,IN,IN,1
46160,IN,IN,1
46161,IN,IN,1
46162,IN,IN,1
46163,IN,IN,1
46164,IN,IN,1
46165,IN,IN,1
46166,IN,IN,1
46167,IN,IN,1
46168,IN,IN,1
46170,IN,IN,1
46171,IN,IN,1
46172,IN,IN,1
46173,IN,IN,1
46175,IN,IN,1
46176,IN,IN,1
46180,IN,IN,1
46181,IN,IN,1
46182,IN,IN,1
46183,IN,IN,1
46184,IN,IN,1
46186,IN,IN,1
46201,IN,IN,1
46202,IN,IN,1
46203,IN,IN,1
46204,IN,IN,1
46205,IN,IN,1
46206,IN,IN,1
46208,IN,IN,1
46214,IN,IN,1
46216,IN,IN,1
46217,IN,IN,1
46218,IN,IN,1
46219,IN,IN,1
46220,IN,IN,1
46221,IN,IN,1
46222,IN,IN,1
46224,IN,IN,1
46225,IN,IN,1
46226,IN,IN,1
46227,IN,IN,1
46228,IN,IN,1
46229,IN,IN,1
46231,IN,IN,1
46234,IN,IN,1
46235,IN,IN,1
46236,IN,IN,1
46237,IN,IN,1
46239,IN,IN,1
46240,IN,IN,1
46241,IN,IN,1
46250,IN,IN,1
46254,IN,IN,1
46256,IN,IN,1
46259,IN,IN,1
46260,IN,IN,1
46268,IN,IN,1
46278,IN,IN,1
46280,IN,IN,1
46290,IN,IN,1
46301,IN,IN,1
46302,IN,IN,1
46303,IN,IN,1
46304,IN,IN,1
46307,IN,IN,1
46310,IN,IN,1
46311,IN,IN,1
46312,IN,IN,1
46319,IN,IN,1
46320,IN,IN,1
46321,IN,IN,1
46322,IN,IN,1
46323,IN,IN,1
46324,IN,IN,1
46327,IN,IN,1
46340,IN,IN,1
46341,IN,IN,1
46342,IN,IN,1
46345,IN,IN,1
46346,IN,IN,1
46347,IN,IN,1
46348,IN,IN,1
46349,IN,IN,1
46350,IN,IN,1
46356,IN,IN,1
46360,IN,IN,1
46365,IN,IN,1
46366,IN,IN,1
46368,IN,IN,1
46371,IN,IN,1
46373,IN,IN,1
46374,IN,IN,1
46375,IN,IN,1
46376,IN,IN,1
46377,IN,IN,1
46379,IN,IN,1
46381,IN,IN,1
46382,IN,IN,1
46383,IN,IN,1
46385,IN,IN,1
46390,IN,IN,1
46391,IN,IN,1
46392,IN,IN,1
46393,IN,IN,1
46394,IN,IN,1
46402,IN,IN,1
46403,IN,IN,1
46404,IN,IN,1
46405,IN,IN,1
46406,IN,IN,1
46407,IN,IN,1
46408,IN,IN,1
46409,IN,IN,1
46410,IN,IN,1
46501,IN,IN,1
46502,IN,IN,1
46504,IN,IN,1
46506,IN,IN,1
46507,IN,IN,1
46508,IN,IN,1
46510,IN,IN,1
46511,IN,IN,1
46513,IN,IN,1
46514,IN,IN,1
46516,IN,IN,1
46517,IN,IN,1
46524,IN,IN,1
46526,IN,IN,1
46528,IN,IN,1
46530,IN,IN,1
46531,IN,IN,1
46532,IN,IN,1
46534,IN,IN,1
46536,IN,IN,1
46537,IN,IN,1
46538,IN,IN,1
46539,IN,IN,1
46540,IN,IN,1
46542,IN,IN,1
46543,IN,IN,1
46544,IN,IN,1
46545,IN,IN,1
46550,IN,IN,1
46552,IN,IN,1
46553,IN,IN,1
46554,IN,IN,1
46555,IN,IN,1
46556,IN,IN,1
46561,IN,IN,1
46562,IN,IN,1
46563,IN,IN,1
46565,IN,IN,1
46567,IN,IN,1
46570,IN,IN,1
46571,IN,IN,1
46572,IN,IN,1
46573,IN,IN,1
46574,IN,IN,1
46580,IN,IN,1
46582,IN,IN,1
46590,IN,IN,1
46595,IN,IN,1
46601,IN,IN,1
46613,IN,IN,1
46614,IN,IN,1
46615,IN,IN,1
46616,IN,IN,1
46617,IN,IN,1
46619,IN,IN,1
46624,IN,IN,1
46628,IN,IN,1
46635,IN,IN,1
46637,IN,IN,1
46701,IN,IN,1
46702,IN,IN,1
46703,IN,IN,1
46704,IN,IN,1
46705,IN,IN,1
46706,IN,IN,1
46710,IN,IN,1
46711,IN,IN,1
46714,IN,IN,1
46721,IN,IN,1
46723,IN,IN,1
46725,IN,IN,1
46730,IN,IN,1
46731,IN,IN,1
46732,IN,IN,1
46733,IN,IN,1
46737,IN,IN,1
46738,IN,IN,1
46740,IN,IN,1
46741,IN,IN,1
46742,IN,IN,1
46743,IN,IN,1
46745,IN,IN,1
46746,IN,IN,1
46747,IN,IN,1
46748,IN,IN,1
46750,IN,IN,1
46755,IN,IN,1
46759,IN,IN,1
46760,IN,IN,1
46761,IN,IN,1
46763,IN,IN,1
46764,IN,IN,1
46765,IN,IN,1
46766,IN,IN,1
46767,IN,IN,1
46770,IN,IN,1
46771,IN,IN,1
46772,IN,IN,1
46773,IN,IN,1
46774,IN,IN,1
46776,IN,IN,1
46777,IN,IN,1
46778,IN,IN,1
46779,IN,IN,1
46781,IN,IN,1
46783,IN,IN,1
46784,IN,IN,1
46785,IN,IN,1
46786,IN,IN,1
46787,IN,IN,1
46788,IN,IN,1
46789,IN,IN,1
46791,IN,IN,1
46792,IN,IN,1
46793,IN,IN,1
46794,IN,IN,1
46795,IN,IN,1
46796,IN,IN,1
46797,IN,IN,1
46798,IN,IN,1
46799,IN,IN,1
46802,IN,IN,1
46803,IN,IN,1
46804,IN,IN,1
46805,IN,IN,1
46806,IN,IN,1
46807,IN,IN,1
46808,IN,IN,1
46809,IN,IN,1
46814,IN,IN,1
46815,IN,IN,1
46816,IN,IN,1
46818,IN,IN,1
46819,IN,IN,1
46825,IN,IN,1
46835,IN,IN,1
46845,IN,IN,1
46901,IN,IN,1
46902,IN,IN,1
46910,IN,IN,1
46911,IN,IN,1
46913,IN,IN,1
46914,IN,IN,1
46915,IN,IN,1
46917,IN,IN,1
46919,IN,IN,1
46920,IN,IN,1
46922,IN,IN,1
46923,IN,IN,1
46926,IN,IN,1
46928,IN,IN,1
46929,IN,IN,1
46930,IN,IN,1
46931,IN,IN,1
46932,IN,IN,1
46933,IN,IN,1
46936,IN,IN,1
46937,IN,IN,1
46938,IN,IN,1
46939,IN,IN,1
46940,IN,IN,1
46941,IN,IN,1
46943,IN,IN,1
46945,IN,IN,1
46946,IN,IN,1
46947,IN,IN,1
46950,IN,IN,1
46951,IN,IN,1
46952,IN,IN,1
46953,IN,IN,1
46957,IN,IN,1
46958,IN,IN,1
46959,IN,IN,1
46960,IN,IN,1
46961,IN,IN,1
46962,IN,IN,1
46965,IN,IN,1
46967,IN,IN,1
46968,IN,IN,1
46970,IN,IN,1
46971,IN,IN,1
46974,IN,IN,1
46975,IN,IN,1
46978,IN,IN,1
46979,IN,IN,1
46980,IN,IN,1
46982,IN,IN,1
46984,IN,IN,1
46985,IN,IN,1
46986,IN,IN,1
46987,IN,IN,1
46988,IN,IN,1
46989,IN,IN,1
46990,IN,IN,1
46991,IN,IN,1
46992,IN,IN,1
46994,IN,IN,1
46996,IN,IN,1
46998,IN,IN,1
47001,IN,IN,1
47003,IN,IN,1
47006,IN,IN,1
47010,IN,IN,1
47011,IN,IN,1
47012,IN,IN,1
47016,IN,IN,1
47017,IN,IN,1
47018,IN,IN,1
47020,IN,IN,1
47021,IN,IN,1
47022,IN,IN,1
47023,IN,IN,1
47024,IN,IN,1
47025,IN,IN,1
47030,IN,IN,1
47031,IN,IN,1
47032,IN,IN,1
47033,IN,IN,1
47034,IN,IN,1
47035,IN,IN,1
47036,IN,IN,1
47037,IN,IN,1
47038,IN,IN,1
47040,IN,IN,1
47041,IN,IN,1
47042,IN,IN,1
47043,IN,IN,1
47060,IN,IN,1
47102,IN,IN,1
47104,IN,IN,1
47106,IN,IN,1
47108,IN,IN,1
47110,IN,IN,1
47111,IN,IN,1
47112,IN,IN,1
47114,IN,IN,1
47115,IN,IN,1
47116,IN,IN,1
47117,IN,IN,1
47118,IN,IN,1
47119,IN,IN,1
47120,IN,IN,1
47122,IN,IN,1
47123,IN,IN,1
47124,IN,IN,1
47125,IN,IN,1
47126,IN,IN,1
47129,IN,IN,1
47130,IN,IN,1
47135,IN,IN,1
47136,IN,IN,1
47137,IN,IN,1
47138,IN,IN,1
47140,IN,IN,1
47141,IN,IN,1
47142,IN,IN,1
47143,IN,IN,1
47145,IN,IN,1
47147,IN,IN,1
47150,IN,IN,1
47160,IN,IN,1
47161,IN,IN,1
47162,IN,IN,1
47163,IN,IN,1
47164,IN,IN,1
47165,IN,IN,1
47166,IN,IN,1
47167,IN,IN,1
47170,IN,IN,1
47172,IN,IN,1
47174,IN,IN,1
47175,IN,IN,1
47177,IN,IN,1
47201,IN,IN,1
47203,IN,IN,1
47220,IN,IN,1
47223,IN,IN,1
47224,IN,IN,1
47225,IN,IN,1
47226,IN,IN,1
47227,IN,IN,1
47229,IN,IN,1
47230,IN,IN,1
47231,IN,IN,1
47232,IN,IN,1
47234,IN,IN,1
47235,IN,IN,1
47236,IN,IN,1
47240,IN,IN,1
47243,IN,IN,1
47244,IN,IN,1
47246,IN,IN,1
47247,IN,IN,1
47250,IN,IN,1
47260,IN,IN,1
47263,IN,IN,1
47264,IN,IN,1
47265,IN,IN,1
47270,IN,IN,1
47272,IN,IN,1
47273,IN,IN,1
47274,IN,IN,1
47280,IN,IN,1
47281,IN,IN,1
47282,IN,IN,1
47283,IN,IN,1
47302,IN,IN,1
47303,IN,IN,1
47304,IN,IN,1
47305,IN,IN,1
47306,IN,IN,1
47320,IN,IN,1
47324,IN,IN,1
47325,IN,IN,1
47326,IN,IN,1
47327,IN,IN,1
47330,IN,IN,1
47331,IN,IN,1
47334,IN,IN,1
47335,IN,IN,1
47336,IN,IN,1
47337,IN,IN,1
47338,IN,IN,1
47339,IN,IN,1
47340,IN,IN,1
47341,IN,IN,1
47342,IN,IN,1
47344,IN,IN,1
47345,IN,IN,1
47346,IN,IN,1
47348,IN,IN,1
47351,IN,IN,1
47352,IN,IN,1
47353,IN,IN,1
47354,IN,IN,1
47355,IN,IN,1
47356,IN,IN,1
47357,IN,IN,1
47358,IN,IN,1
47359,IN,IN,1
47360,IN,IN,1
47361,IN,IN,1
47362,IN,IN,1
47366,IN,IN,1
47367,IN,IN,1
47368,IN,IN,1
47369,IN,IN,1
47370,IN,IN,1
47371,IN,IN,1
47373,IN,IN,1
47374,IN,IN,1
47380,IN,IN,1
47381,IN,IN,1
47382,IN,IN,1
47383,IN,IN,1
47384,IN,IN,1
47385,IN,IN,1
47386,IN,IN,1
47387,IN,IN,1
47388,IN,IN,1
47390,IN,IN,1
47392,IN,IN,1
47393,IN,IN,1
47394,IN,IN,1
47396,IN,IN,1
47401,IN,IN,1
47403,IN,IN,1
47404,IN,IN,1
47405,IN,IN,1
47406,IN,IN,1
47408,IN,IN,1
47420,IN,IN,1
47421,IN,IN,1
47424,IN,IN,1
47427,IN,IN,1
47429,IN,IN,1
47431,IN,IN,1
47432,IN,IN,1
47433,IN,IN,1
47434,IN,IN,1
47435,IN,IN,1
47436,IN,IN,1
47437,IN,IN,1
47438,IN,IN,1
47441,IN,IN,1
47443,IN,IN,1
47445,IN,IN,1
47446,IN,IN,1
47448,IN,IN,1
47449,IN,IN,1
47451,IN,IN,1
47452,IN,IN,1
47453,IN,IN,1
47454,IN,IN,1
47455,IN,IN,1
47456,IN,IN,1
47457,IN,IN,1
47458,IN,IN,1
47459,IN,IN,1
47460,IN,IN,1
47462,IN,IN,1
47464,IN,IN,1
47465,IN,IN,1
47467,IN,IN,1
47468,IN,IN,1
47469,IN,IN,1
47470,IN,IN,1
47471,IN,IN,1
47501,IN,IN,1
47512,IN,IN,1
47513,IN,IN,1
47514,IN,IN,1
47515,IN,IN,1
47516,IN,IN,1
47519,IN,IN,1
47520,IN,IN,1
47521,IN,IN,1
47522,IN,IN,1
47523,IN,IN,1
47524,IN,IN,1
47525,IN,IN,1
47527,IN,IN,1
47528,IN,IN,1
47529,IN,IN,1
47531,IN,IN,1
47532,IN,IN,1
47535,IN,IN,1
47537,IN,IN,1
47541,IN,IN,1
47542,IN,IN,1
47546,IN,IN,1
47550,IN,IN,1
47551,IN,IN,1
47552,IN,IN,1
47553,IN,IN,1
47557,IN,IN,1
47558,IN,IN,1
47561,IN,IN,1
47562,IN,IN,1
47564,IN,IN,1
47567,IN,IN,1
47568,IN,IN,1
47573,IN,IN,1
47574,IN,IN,1
47575,IN,IN,1
47576,IN,IN,1
47577,IN,IN,1
47578,IN,IN,1
47579,IN,IN,1
47580,IN,IN,1
47581,IN,IN,1
47584,IN,IN,1
47585,IN,IN,1
47586,IN,IN,1
47588,IN,IN,1
47590,IN,IN,1
47591,IN,IN,1
47596,IN,IN,1
47597,IN,IN,1
47598,IN,IN,1
47601,IN,IN,1
47610,IN,IN,1
47611,IN,IN,1
47612,IN,IN,1
47613,IN,IN,1
47615,IN,IN,1
47616,IN,IN,1
47619,IN,IN,1
47620,IN,IN,1
47630,IN,IN,1
47631,IN,IN,1
47633,IN,IN,1
47634,IN,IN,1
47635,IN,IN,1
47637,IN,IN,1
47638,IN,IN,1
47639,IN,IN,1
47640,IN,IN,1
47648,IN,IN,1
47649,IN,IN,1
47654,IN,IN,1
47660,IN,IN,1
47665,IN,IN,1
47666,IN,IN,1
47670,IN,IN,1
47683,IN,IN,1
47708,IN,IN,1
47710,IN,IN,1
47711,IN,IN,1
47712,IN,IN,1
47713,IN,IN,1
47714,IN,IN,1
47715,IN,IN,1
47720,IN,IN,1
47725,IN,IN,1
47802,IN,IN,1
47803,IN,IN,1
47804,IN,IN,1
47805,IN,IN,1
47807,IN,IN,1
47809,IN,IN,1
47831,IN,IN,1
47832,IN,IN,1
47833,IN,IN,1
47834,IN,IN,1
47836,IN,IN,1
47837,IN,IN,1
47838,IN,IN,1
47840,IN,IN,1
47841,IN,IN,1
47842,IN,IN,1
47845,IN,IN,1
47846,IN,IN,1
47847,IN,IN,1
47848,IN,IN,1
47849,IN,IN,1
47850,IN,IN,1
47851,IN,IN,1
47853,IN,IN,1
47854,IN,IN,1
47855,IN,IN,1
47857,IN,IN,1
47858,IN,IN,1
47859,IN,IN,1
47860,IN,IN,1
47861,IN,IN,1
47862,IN,IN,1
47863,IN,IN,1
47865,IN,IN,1
47866,IN,IN,1
47868,IN,IN,1
47869,IN,IN,1
47870,IN,IN,1
47871,IN,IN,1
47872,IN,IN,1
47874,IN,IN,1
47875,IN,IN,1
47876,IN,IN,1
47879,IN,IN,1
47880,IN,IN,1
47881,IN,IN,1
47882,IN,IN,1
47884,IN,IN,1
47885,IN,IN,1
47901,IN,IN,1
47904,IN,IN,1
47905,IN,IN,1
47906,IN,IN,1
47907,IN,IN,1
47909,IN,IN,1
47916,IN,IN,1
47917,IN,IN,1
47918,IN,IN,1
47920,IN,IN,1
47921,IN,IN,1
47922,IN,IN,1
47923,IN,IN,1
47924,IN,IN,1
47925,IN,IN,1
47926,IN,IN,1
47928,IN,IN,1
47929,IN,IN,1
47930,IN,IN,1
47932,IN,IN,1
47933,IN,IN,1
47940,IN,IN,1
47941,IN,IN,1
47942,IN,IN,1
47943,IN,IN,1
47944,IN,IN,1
47946,IN,IN,1
47948,IN,IN,1
47949,IN,IN,1
47950,IN,IN,1
47951,IN,IN,1
47952,IN,IN,1
47954,IN,IN,1
47955,IN,IN,1
47957,IN,IN,1
47958,IN,IN,1
47959,IN,IN,1
47960,IN,IN,1
47963,IN,IN,1
47964,IN,IN,1
47965,IN,IN,1
47966,IN,IN,1
47967,IN,IN,1
47968,IN,IN,1
47969,IN,IN,1
47970,IN,IN,1
47971,IN,IN,1
47974,IN,IN,1
47975,IN,IN,1
47977,IN,IN,1
47978,IN,IN,1
47980,IN,IN,1
47981,IN,IN,1
47982,IN,IN,1
47983,IN,IN,1
47986,IN,IN,1
47987,IN,IN,1
47989,IN,IN,1
47990,IN,IN,1
47991,IN,IN,1
47992,IN,IN,1
47993,IN,IN,1
47994,IN,IN,1
47995,IN,IN,1
47997,IN,IN,1
48001,MI,MI,1
48002,MI,MI,1
48003,MI,MI,1
48005,MI,MI,1
48006,MI,MI,1
48009,MI,MI,1
48014,MI,MI,1
48015,MI,MI,1
48017,MI,MI,1
48021,MI,MI,1
48022,MI,MI,1
48023,MI,MI,1
48025,MI,MI,1
48026,MI,MI,1
48027,MI,MI,1
48028,MI,MI,1
48030,MI,MI,1
48032,MI,MI,1
48033,MI,MI,1
48034,MI,MI,1
48035,MI,MI,1
48036,MI,MI,1
48038,MI,MI,1
48039,MI,MI,1
48040,MI,MI,1
48041,MI,MI,1
48042,MI,MI,1
48043,MI,MI,1
48044,MI,MI,1
48045,MI,MI,1
48047,MI,MI,1
48048,MI,MI,1
48049,MI,MI,1
48050,MI,MI,1
48051,MI,MI,1
48054,MI,MI,1
48059,MI,MI,1
48060,MI,MI,1
48062,MI,MI,1
48063,MI,MI,1
48064,MI,MI,1
48065,MI,MI,1
48066,MI,MI,1
48067,MI,MI,1
48069,MI,MI,1
48070,MI,MI,1
48071,MI,MI,1
48072,MI,MI,1
48073,MI,MI,1
48074,MI,MI,1
48075,MI,MI,1
48076,MI,MI,1
48079,MI,MI,1
48080,MI,MI,1
48081,MI,MI,1
48082,MI,MI,1
48083,MI,MI,1
48084,MI,MI,1
48085,MI,MI,1
48088,MI,MI,1
48089,MI,MI,1
48091,MI,MI,1
48092,MI,MI,1
48093,MI,MI,1
48094,MI,MI,1
48095,MI,MI,1
48096,MI,MI,1
48097,MI,MI,1
48098,MI,MI,1
48101,MI,MI,1
48103,MI,MI,1
48104,MI,MI,1
48105,MI,MI,1
48108,MI,MI,1
48109,MI,MI,1
48111,MI,MI,1
48114,MI,MI,1
48116,MI,MI,1
48117,MI,MI,1
48118,MI,MI,1
48120,MI,MI,1
48122,MI,MI,1
48124,MI,MI,1
48125,MI,MI,1
48126,MI,MI,1
48127,MI,MI,1
48128,MI,MI,1
48130,MI,MI,1
48131,MI,MI,1
48133,MI,MI,1
48134,MI,MI,1
48135,MI,MI,1
48137,MI,MI,1
48138,MI,MI,1
48139,MI,MI,1
48140,MI,MI,1
48141,MI,MI,1
48143,MI,MI,1
48144,MI,MI,1
48145,MI,MI,1
48146,MI,MI,1
48150,MI,MI,1
48152,MI,MI,1
48154,MI,MI,1
48157,MI,MI,1
48158,MI,MI,1
48159,MI,MI,1
48160,MI,MI,1
48161,MI,MI,1
48162,MI,MI,1
48164,MI,MI,1
48165,MI,MI,1
48166,MI,MI,1
48167,MI,MI,1
48168,MI,MI,1
48169,MI,MI,1
48170,MI,MI,1
48173,MI,MI,1
48174,MI,MI,1
48176,MI,MI,1
48177,MI,MI,1
48178,MI,MI,1
48179,MI,MI,1
48180,MI,MI,1
48182,MI,MI,1
48183,MI,MI,1
48184,MI,MI,1
48185,MI,MI,1
48186,MI,MI,1
48187,MI,MI,1
48188,MI,MI,1
48189,MI,MI,1
48190,MI,MI,1
48191,MI,MI,1
48192,MI,MI,1
48193,MI,MI,1
48195,MI,MI,1
48197,MI,MI,1
48198,MI,MI,1
48201,MI,MI,1
48202,MI,MI,1
48203,MI,MI,1
48204,MI,MI,1
48205,MI,MI,1
48206,MI,MI,1
48207,MI,MI,1
48208,MI,MI,1
48209,MI,MI,1
48210,MI,MI,1
48211,MI,MI,1
48212,MI,MI,1
48213,MI,MI,1
48214,MI,MI,1
48215,MI,MI,1
48216,MI,MI,1
48217,MI,MI,1
48218,MI,MI,1
48219,MI,MI,1
48220,MI,MI,1
48221,MI,MI,1
48223,MI,MI,1
48224,MI,MI,1
48225,MI,MI,1
48226,MI,MI,1
48227,MI,MI,1
48228,MI,MI,1
48229,MI,MI,1
48230,MI,MI,1
48233,MI,MI,1
48234,MI,MI,1
48235,MI,MI,1
48236,MI,MI,1
48237,MI,MI,1
48238,MI,MI,1
48239,MI,MI,1
48240,MI,MI,1
48242,MI,MI,1
48243,MI,MI,1
48301,MI,MI,1
48302,MI,MI,1
48304,MI,MI,1
48306,MI,MI,1
48307,MI,MI,1
48309,MI,MI,1
48310,MI,MI,1
48312,MI,MI,1
48313,MI,MI,1
48314,MI,MI,1
48315,MI,MI,1
48316,MI,MI,1
48317,MI,MI,1
48320,MI,MI,1
48322,MI,MI,1
48323,MI,MI,1
48324,MI,MI,1
48326,MI,MI,1
48327,MI,MI,1
48328,MI,MI,1
48329,MI,MI,1
48331,MI,MI,1
48334,MI,MI,1
48335,MI,MI,1
48336,MI,MI,1
48340,MI,MI,1
48341,MI,MI,1
48342,MI,MI,1
48346,MI,MI,1
48348,MI,MI,1
48350,MI,MI,1
48353,MI,MI,1
48356,MI,MI,1
48357,MI,MI,1
48359,MI,MI,1
48360,MI,MI,1
48362,MI,MI,1
48363,MI,MI,1
48367,MI,MI,1
48370,MI,MI,1
48371,MI,MI,1
48374,MI,MI,1
48375,MI,MI,1
48377,MI,MI,1
48380,MI,MI,1
48381,MI,MI,1
48382,MI,MI,1
48383,MI,MI,1
48386,MI,MI,1
48390,MI,MI,1
48393,MI,MI,1
48401,MI,MI,1
48410,MI,MI,1
48411,MI,MI,1
48412,MI,MI,1
48413,MI,MI,1
48414,MI,MI,1
48415,MI,MI,1
48416,MI,MI,1
48417,MI,MI,1
48418,MI,MI,1
48419,MI,MI,1
48420,MI,MI,1
48421,MI,MI,1
48422,MI,MI,1
48423,MI,MI,1
48426,MI,MI,1
48427,MI,MI,1
48428,MI,MI,1
48429,MI,MI,1
48430,MI,MI,1
48432,MI,MI,1
48433,MI,MI,1
48434,MI,MI,1
48435,MI,MI,1
48436,MI,MI,1
48437,MI,MI,1
48438,MI,MI,1
48439,MI,MI,1
48440,MI,MI,1
48441,MI,MI,1
48442,MI,MI,1
48444,MI,MI,1
48445,MI,MI,1
48446,MI,MI,1
48449,MI,MI,1
48450,MI,MI,1
48451,MI,MI,1
48453,MI,MI,1
48454,MI,MI,1
48455,MI,MI,1
48456,MI,MI,1
48457,MI,MI,1
48458,MI,MI,1
48460,MI,MI,1
48461,MI,MI,1
48462,MI,MI,1
48463,MI,MI,1
48464,MI,MI,1
48465,MI,MI,1
48466,MI,MI,1
48467,MI,MI,1
48468,MI,MI,1
48469,MI,MI,1
48470,MI,MI,1
48471,MI,MI,1
48472,MI,MI,1
48473,MI,MI,1
48475,MI,MI,1
48476,MI,MI,1
48502,MI,MI,1
48503,MI,MI,1
48504,MI,MI,1
48505,MI,MI,1
48506,MI,MI,1
48507,MI,MI,1
48509,MI,MI,1
48519,MI,MI,1
48529,MI,MI,1
48532,MI,MI,1
48601,MI,MI,1
48602,MI,MI,1
48603,MI,MI,1
48604,MI,MI,1
48607,MI,MI,1
48609,MI,MI,1
48610,MI,MI,1
48611,MI,MI,1
48612,MI,MI,1
48613,MI,MI,1
48614,MI,MI,1
48615,MI,MI,1
48616,MI,MI,1
48617,MI,MI,1
48618,MI,MI,1
48619,MI,MI,1
48620,MI,MI,1
48621,MI,MI,1
48622,MI,MI,1
48623,MI,MI,1
48624,MI,MI,1
48625,MI,MI,1
48626,MI,MI,1
48627,MI,MI,1
48628,MI,MI,1
48629,MI,MI,1
48630,MI,MI,1
48631,MI,MI,1
48632,MI,MI,1
48633,MI,MI,1
48634,MI,MI,1
48635,MI,MI,1
48636,MI,MI,1
48637,MI,MI,1
48638,MI,MI,1
48640,MI,MI,1
48642,MI,MI,1
48647,MI,MI,1
48649,MI,MI,1
48650,MI,MI,1
48651,MI,MI,1
48652,MI,MI,1
48653,MI,MI,1
48654,MI,MI,1
48655,MI,MI,1
48656,MI,MI,1
48657,MI,MI,1
48658,MI,MI,1
48659,MI,MI,1
48661,MI,MI,1
48662,MI,MI,1
48701,MI,MI,1
48703,MI,MI,1
48705,MI,MI,1
48706,MI,MI,1
48708,MI,MI,1
48710,MI,MI,1
48720,MI,MI,1
48721,MI,MI,1
48722,MI,MI,1
48723,MI,MI,1
48724,MI,MI,1
48725,MI,MI,1
48726,MI,MI,1
48727,MI,MI,1
48728,MI,MI,1
48729,MI,MI,1
48730,MI,MI,1
48731,MI,MI,1
48732,MI,MI,1
48733,MI,MI,1
48734,MI,MI,1
48735,MI,MI,1
48737,MI,MI,1
48738,MI,MI,1
48739,MI,MI,1
48740,MI,MI,1
48741,MI,MI,1
48742,MI,MI,1
48743,MI,MI,1
48744,MI,MI,1
48745,MI,MI,1
48746,MI,MI,1
48747,MI,MI,1
48748,MI,MI,1
48749,MI,MI,1
48750,MI,MI,1
48754,MI,MI,1
48755,MI,MI,1
48756,MI,MI,1
48757,MI,MI,1
48759,MI,MI,1
48760,MI,MI,1
48761,MI,MI,1
48762,MI,MI,1
48763,MI,MI,1
48765,MI,MI,1
48766,MI,MI,1
48767,MI,MI,1
48768,MI,MI,1
48770,MI,MI,1
48801,MI,MI,1
48806,MI,MI,1
48807,MI,MI,1
48808,MI,MI,1
48809,MI,MI,1
48811,MI,MI,1
48813,MI,MI,1
48815,MI,MI,1
48816,MI,MI,1
48817,MI,MI,1
48818,MI,MI,1
48819,MI,MI,1
48820,MI,MI,1
48821,MI,MI,1
48822,MI,MI,1
48823,MI,MI,1
48824,MI,MI,1
48825,MI,MI,1
48827,MI,MI,1
48829,MI,MI,1
48831,MI,MI,1
48832,MI,MI,1
48834,MI,MI,1
48835,MI,MI,1
48836,MI,MI,1
48837,MI,MI,1
48838,MI,MI,1
48840,MI,MI,1
48841,MI,MI,1
48842,MI,MI,1
48843,MI,MI,1
48845,MI,MI,1
48846,MI,MI,1
48847,MI,MI,1
48848,MI,MI,1
48849,MI,MI,1
48850,MI,MI,1
48851,MI,MI,1
48852,MI,MI,1
48853,MI,MI,1
48854,MI,MI,1
48855,MI,MI,1
48856,MI,MI,1
48857,MI,MI,1
48858,MI,MI,1
48859,MI,MI,1
48860,MI,MI,1
48861,MI,MI,1
48862,MI,MI,1
48864,MI,MI,1
48865,MI,MI,1
48866,MI,MI,1
48867,MI,MI,1
48870,MI,MI,1
48871,MI,MI,1
48872,MI,MI,1
48873,MI,MI,1
48874,MI,MI,1
48875,MI,MI,1
48876,MI,MI,1
48877,MI,MI,1
48878,MI,MI,1
48879,MI,MI,1
48880,MI,MI,1
48881,MI,MI,1
48883,MI,MI,1
48884,MI,MI,1
48885,MI,MI,1
48886,MI,MI,1
48888,MI,MI,1
48889,MI,MI,1
48890,MI,MI,1
48891,MI,MI,1
48892,MI,MI,1
48893,MI,MI,1
48894,MI,MI,1
48895,MI,MI,1
48896,MI,MI,1
48897,MI,MI,1
48906,MI,MI,1
48910,MI,MI,1
48911,MI,MI,1
48912,MI,MI,1
48915,MI,MI,1
48917,MI,MI,1
48933,MI,MI,1
49001,MI,MI,1
49002,MI,MI,1
49004,MI,MI,1
49006,MI,MI,1
49007,MI,MI,1
49008,MI,MI,1
49009,MI,MI,1
49010,MI,MI,1
49011,MI,MI,1
49012,MI,MI,1
49013,MI,MI,1
49014,MI,MI,1
49015,MI,MI,1
49017,MI,MI,1
49021,MI,MI,1
49022,MI,MI,1
49024,MI,MI,1
49026,MI,MI,1
49027,MI,MI,1
49028,MI,MI,1
49029,MI,MI,1
49030,MI,MI,1
49031,MI,MI,1
49032,MI,MI,1
49033,MI,MI,1
49034,MI,MI,1
49036,MI,MI,1
49037,MI,MI,1
49038,MI,MI,1
49040,MI,MI,1
49042,MI,MI,1
49043,MI,MI,1
49045,MI,MI,1
49046,MI,MI,1
49047,MI,MI,1
49048,MI,MI,1
49050,MI,MI,1
49051,MI,MI,1
49052,MI,MI,1
49053,MI,MI,1
49055,MI,MI,1
49056,MI,MI,1
49057,MI,MI,1
49058,MI,MI,1
49060,MI,MI,1
49061,MI,MI,1
49063,MI,MI,1
49064,MI,MI,1
49065,MI,MI,1
49066,MI,MI,1
49067,MI,MI,1
49068,MI,MI,1
49070,MI,MI,1
49071,MI,MI,1
49072,MI,MI,1
49073,MI,MI,1
49074,MI,MI,1
49075,MI,MI,1
49076,MI,MI,1
49078,MI,MI,1
49079,MI,MI,1
49080,MI,MI,1
49082,MI,MI,1
49083,MI,MI,1
49084,MI,MI,1
49085,MI,MI,1
49087,MI,MI,1
49088,MI,MI,1
49089,MI,MI,1
49090,MI,MI,1
49091,MI,MI,1
49092,MI,MI,1
49093,MI,MI,1
49094,MI,MI,1
49095,MI,MI,1
49096,MI,MI,1
49097,MI,MI,1
49098,MI,MI,1
49099,MI,MI,1
49101,MI,MI,1
49102,MI,MI,1
49103,MI,MI,1
49104,MI,MI,1
49106,MI,MI,1
49107,MI,MI,1
49111,MI,MI,1
49112,MI,MI,1
49113,MI,MI,1
49115,MI,MI,1
49116,MI,MI,1
49117,MI,MI,1
49119,MI,MI,1
49120,MI,MI,1
49125,MI,MI,1
49126,MI,MI,1
49127,MI,MI,1
49128,MI,MI,1
49129,MI,MI,1
49130,MI,MI,1
49201,MI,MI,1
49202,MI,MI,1
49203,MI,MI,1
49220,MI,MI,1
49221,MI,MI,1
49224,MI,MI,1
49227,MI,MI,1
49228,MI,MI,1
49229,MI,MI,1
49230,MI,MI,1
49232,MI,MI,1
49233,MI,MI,1
49234,MI,MI,1
49235,MI,MI,1
49236,MI,MI,1
49237,MI,MI,1
49238,MI,MI,1
49240,MI,MI,1
49241,MI,MI,1
49242,MI,MI,1
49245,MI,MI,1
49246,MI,MI,1
49247,MI,MI,1
49248,MI,MI,1
49249,MI,MI,1
49250,MI,MI,1
49251,MI,MI,1
49252,MI,MI,1
49253,MI,MI,1
49254,MI,MI,1
49255,MI,MI,1
49256,MI,MI,1
49258,MI,MI,1
49259,MI,MI,1
49261,MI,MI,1
49262,MI,MI,1
49263,MI,MI,1
49264,MI,MI,1
49265,MI,MI,1
49266,MI,MI,1
49267,MI,MI,1
49268,MI,MI,1
49269,MI,MI,1
49270,MI,MI,1
49271,MI,MI,1
49272,MI,MI,1
49274,MI,MI,1
49276,MI,MI,1
49277,MI,MI,1
49279,MI,MI,1
49282,MI,MI,1
49283,MI,MI,1
49284,MI,MI,1
49285,MI,MI,1
49286,MI,MI,1
49287,MI,MI,1
49288,MI,MI,1
49289,MI,MI,1
49301,MI,MI,1
49302,MI,MI,1
49303,MI,MI,1
49304,MI,MI,1
49305,MI,MI,1
49306,MI,MI,1
49307,MI,MI,1
49309,MI,MI,1
49310,MI,MI,1
49312,MI,MI,1
49315,MI,MI,1
49316,MI,MI,1
49318,MI,MI,1
49319,MI,MI,1
49320,MI,MI,1
49321,MI,MI,1
49322,MI,MI,1
49323,MI,MI,1
49325,MI,MI,1
49326,MI,MI,1
49327,MI,MI,1
49328,MI,MI,1
49329,MI,MI,1
49330,MI,MI,1
49331,MI,MI,1
49332,MI,MI,1
49333,MI,MI,1
49335,MI,MI,1
49336,MI,MI,1
49337,MI,MI,1
49338,MI,MI,1
49339,MI,MI,1
49340,MI,MI,1
49341,MI,MI,1
49342,MI,MI,1
49343,MI,MI,1
49344,MI,MI,1
49345,MI,MI,1
49346,MI,MI,1
49347,MI,MI,1
49348,MI,MI,1
49349,MI,MI,1
49401,MI,MI,1
49402,MI,MI,1
49403,MI,MI,1
49404,MI,MI,1
49405,MI,MI,1
49406,MI,MI,1
49408,MI,MI,1
49409,MI,MI,1
49410,MI,MI,1
49411,MI,MI,1
49412,MI,MI,1
49415,MI,MI,1
49417,MI,MI,1
49418,MI,MI,1
49419,MI,MI,1
49420,MI,MI,1
49421,MI,MI,1
49423,MI,MI,1
49424,MI,MI,1
49425,MI,MI,1
49426,MI,MI,1
49428,MI,MI,1
49430,MI,MI,1
49431,MI,MI,1
49434,MI,MI,1
49435,MI,MI,1
49436,MI,MI,1
49437,MI,MI,1
49440,MI,MI,1
49441,MI,MI,1
49442,MI,MI,1
49443,MI,MI,1
49444,MI,MI,1
49445,MI,MI,1
49446,MI,MI,1
49448,MI,MI,1
49449,MI,MI,1
49450,MI,MI,1
49451,MI,MI,1
49452,MI,MI,1
49453,MI,MI,1
49454,MI,MI,1
49455,MI,MI,1
49456,MI,MI,1
49457,MI,MI,1
49458,MI,MI,1
49459,MI,MI,1
49460,MI,MI,1
49461,MI,MI,1
49464,MI,MI,1
49503,MI,MI,1
49504,MI,MI,1
49505,MI,MI,1
49506,MI,MI,1
49507,MI,MI,1
49508,MI,MI,1
49509,MI,MI,1
49512,MI,MI,1
49519,MI,MI,1
49525,MI,MI,1
49534,MI,MI,1
49544,MI,MI,1
49546,MI,MI,1
49548,MI,MI,1
49601,MI,MI,1
49611,MI,MI,1
49612,MI,MI,1
49613,MI,MI,1
49614,MI,MI,1
49615,MI,MI,1
49616,MI,MI,1
49617,MI,MI,1
49618,MI,MI,1
49619,MI,MI,1
49620,MI,MI,1
49621,MI,MI,1
49622,MI,MI,1
49623,MI,MI,1
49625,MI,MI,1
49626,MI,MI,1
49627,MI,MI,1
49628,MI,MI,1
49629,MI,MI,1
49630,MI,MI,1
49631,MI,MI,1
49632,MI,MI,1
49633,MI,MI,1
49634,MI,MI,1
49635,MI,MI,1
49636,MI,MI,1
49637,MI,MI,1
49638,MI,MI,1
49639,MI,MI,1
49640,MI,MI,1
49642,MI,MI,1
49643,MI,MI,1
49644,MI,MI,1
49645,MI,MI,1
49646,MI,MI,1
49648,MI,MI,1
49649,MI,MI,1
49650,MI,MI,1
49651,MI,MI,1
49653,MI,MI,1
49654,MI,MI,1
49655,MI,MI,1
49656,MI,MI,1
49657,MI,MI,1
49659,MI,MI,1
49660,MI,MI,1
49663,MI,MI,1
49664,MI,MI,1
49665,MI,MI,1
49667,MI,MI,1
49668,MI,MI,1
49670,MI,MI,1
49674,MI,MI,1
49675,MI,MI,1
49676,MI,MI,1
49677,MI,MI,1
49679,MI,MI,1
49680,MI,MI,1
49682,MI,MI,1
49683,MI,MI,1
49684,MI,MI,1
49685,MI,MI,1
49686,MI,MI,1
49688,MI,MI,1
49689,MI,MI,1
49690,MI,MI,1
49696,MI,MI,1
49701,MI,MI,1
49705,MI,MI,1
49706,MI,MI,1
49707,MI,MI,1
49709,MI,MI,1
49710,MI,MI,1
49712,MI,MI,1
49713,MI,MI,1
49715,MI,MI,1
49716,MI,MI,1
49717,MI,MI,1
49718,MI,MI,1
49719,MI,MI,1
49720,MI,MI,1
49721,MI,MI,1
49722,MI,MI,1
49724,MI,MI,1
49725,MI,MI,1
49726,MI,MI,1
49727,MI,MI,1
49728,MI,MI,1
49729,MI,MI,1
49730,MI,MI,1
49733,MI,MI,1
49735,MI,MI,1
49736,MI,MI,1
49738,MI,MI,1
49740,MI,MI,1
49743,MI,MI,1
49744,MI,MI,1
49745,MI,MI,1
49746,MI,MI,1
49747,MI,MI,1
49748,MI,MI,1
49749,MI,MI,1
49751,MI,MI,1
49752,MI,MI,1
49753,MI,MI,1
49755,MI,MI,1
49756,MI,MI,1
49757,MI,MI,1
49759,MI,MI,1
49760,MI,MI,1
49762,MI,MI,1
49764,MI,MI,1
49765,MI,MI,1
49766,MI,MI,1
49768,MI,MI,1
49769,MI,MI,1
49770,MI,MI,1
49774,MI,MI,1
49775,MI,MI,1
49776,MI,MI,1
49777,MI,MI,1
49779,MI,MI,1
49780,MI,MI,1
49781,MI,MI,1
49782,MI,MI,1
49783,MI,MI,1
49784,MI,MI,1
49788,MI,MI,1
49791,MI,MI,1
49793,MI,MI,1
49795,MI,MI,1
49796,MI,MI,1
49799,MI,MI,1
49801,MI,MI,1
49802,MI,MI,1
49805,MI,MI,1
49806,MI,MI,1
49807,MI,MI,1
49808,MI,MI,1
49812,MI,MI,1
49814,MI,MI,1
49815,MI,MI,1
49816,MI,MI,1
49817,MI,MI,1
49818,MI,MI,1
49820,MI,MI,1
49821,MI,MI,1
49822,MI,MI,1
49825,MI,MI,1
49826,MI,MI,1
49827,MI,MI,1
49829,MI,MI,1
49831,MI,MI,1
49833,MI,MI,1
49834,MI,MI,1
49835,MI,MI,1
49836,MI,MI,1
49837,MI,MI,1
49838,MI,MI,1
49839,MI,MI,1
49840,MI,MI,1
49841,MI,MI,1
49847,MI,MI,1
49848,MI,MI,1
49849,MI,MI,1
49852,MI,MI,1
49853,MI,MI,1
49854,MI,MI,1
49855,MI,MI,1
49858,MI,MI,1
49861,MI,MI,1
49862,MI,MI,1
49863,MI,MI,1
49864,MI,MI,1
49866,MI,MI,1
49868,MI,MI,1
49870,MI,MI,1
49871,MI,MI,1
49872,MI,MI,1
49873,MI,MI,1
49874,MI,MI,1
49876,MI,MI,1
49877,MI,MI,1
49878,MI,MI,1
49879,MI,MI,1
49880,MI,MI,1
49881,MI,MI,1
49883,MI,MI,1
49884,MI,MI,1
49885,MI,MI,1
49886,MI,MI,1
49887,MI,MI,1
49891,MI,MI,1
49892,MI,MI,1
49893,MI,MI,1
49894,MI,MI,1
49895,MI,MI,1
49896,MI,MI,1
49901,MI,MI,1
49902,MI,MI,1
49903,MI,MI,1
49905,MI,MI,1
49908,MI,MI,1
49910,MI,MI,1
49911,MI,MI,1
49912,MI,MI,1
49913,MI,MI,1
49915,MI,MI,1
49916,MI,MI,1
49917,MI,MI,1
49918,MI,MI,1
49919,MI,MI,1
49920,MI,MI,1
49921,MI,MI,1
49922,MI,MI,1
49925,MI,MI,1
49927,MI,MI,1
49929,MI,MI,1
49930,MI,MI,1
49931,MI,MI,1
49934,MI,MI,1
49935,MI,MI,1
49938,MI,MI,1
49942,MI,MI,1
49945,MI,MI,1
49946,MI,MI,1
49947,MI,MI,1
49948,MI,MI,1
49950,MI,MI,1
49952,MI,MI,1
49953,MI,MI,1
49955,MI,MI,1
49958,MI,MI,1
49959,MI,MI,1
49960,MI,MI,1
49961,MI,MI,1
49962,MI,MI,1
49963,MI,MI,1
49965,MI,MI,1
49967,MI,MI,1
49968,MI,MI,1
49969,MI,MI,1
49970,MI,MI,1
49971,MI,MI,1
50001,IA,IA,1
50002,IA,IA,1
50003,IA,IA,1
50005,IA,IA,1
50006,IA,IA,1
50007,IA,IA,1
50008,IA,IA,1
50009,IA,IA,1
50010,IA,IA,1
50012,IA,IA,1
50013,IA,IA,1
50014,IA,IA,1
50020,IA,IA,1
50021,IA,IA,1
50022,IA,IA,1
50023,IA,IA,1
50025,IA,IA,1
50026,IA,IA,1
50027,IA,IA,1
50028,IA,IA,1
50029,IA,IA,1
50031,IA,IA,1
50032,IA,IA,1
50033,IA,IA,1
50034,IA,IA,1
50035,IA,IA,1
50036,IA,IA,1
50038,IA,IA,1
50039,IA,IA,1
50040,IA,IA,1
50041,IA,IA,1
50042,IA,IA,1
50044,IA,IA,1
50046,IA,IA,1
50047,IA,IA,1
50048,IA,IA,1
50049,IA,IA,1
50050,IA,IA,1
50051,IA,IA,1
50052,IA,IA,1
50054,IA,IA,1
50055,IA,IA,1
50056,IA,IA,1
50057,IA,IA,1
50058,IA,IA,1
50060,IA,IA,1
50061,IA,IA,1
50062,IA,IA,1
50063,IA,IA,1
50064,IA,IA,1
50065,IA,IA,1
50066,IA,IA,1
50067,IA,IA,1
50068,IA,IA,1
50069,IA,IA,1
50070,IA,IA,1
50071,IA,IA,1
50072,IA,IA,1
50073,IA,IA,1
50074,IA,IA,1
50075,IA,IA,1
50076,IA,IA,1
50078,IA,IA,1
50101,IA,IA,1
50102,IA,IA,1
50103,IA,IA,1
50104,IA,IA,1
50105,IA,IA,1
50106,IA,IA,1
50107,IA,IA,1
50108,IA,IA,1
50109,IA,IA,1
50110,IA,IA,1
50111,IA,IA,1
50112,IA,IA,1
50115,IA,IA,1
50116,IA,IA,1
50117,IA,IA,1
50118,IA,IA,1
50119,IA,IA,1
50120,IA,IA,1
50122,IA,IA,1
50123,IA,IA,1
50124,IA,IA,1
50125,IA,IA,1
50126,IA,IA,1
50127,IA,IA,1
50128,IA,IA,1
50129,IA,IA,1
50130,IA,IA,1
50131,IA,IA,1
50132,IA,IA,1
50133,IA,IA,1
50134,IA,IA,1
50135,IA,IA,1
50136,IA,IA,1
50137,IA,IA,1
50138,IA,IA,1
50139,IA,IA,1
50140,IA,IA,1
50141,IA,IA,1
50142,IA,IA,1
50143,IA,IA,1
50144,IA,IA,1
50145,IA,IA,1
50146,IA,IA,1
50147,IA,IA,1
50148,IA,IA,1
50149,IA,IA,1
50150,IA,IA,1
50151,IA,IA,1
50152,IA,IA,1
50153,IA,IA,1
50154,IA,IA,1
50155,IA,IA,1
50156,IA,IA,1
50157,IA,IA,1
50158,IA,IA,1
50160,IA,IA,1
50161,IA,IA,1
50162,IA,IA,1
50163,IA,IA,1
50164,IA,IA,1
50165,IA,IA,1
50166,IA,IA,1
50167,IA,IA,1
50168,IA,IA,1
50169,IA,IA,1
50170,IA,IA,1
50171,IA,IA,1
50173,IA,IA,1
50174,IA,IA,1
50201,IA,IA,1
50206,IA,IA,1
50207,IA,IA,1
50208,IA,IA,1
50210,IA,IA,1
50211,IA,IA,1
50212,IA,IA,1
50213,IA,IA,1
50214,IA,IA,1
50216,IA,IA,1
50217,IA,IA,1
50218,IA,IA,1
50219,IA,IA,1
50220,IA,IA,1
50222,IA,IA,1
50223,IA,IA,1
50225,IA,IA,1
50226,IA,IA,1
50227,IA,IA,1
50228,IA,IA,1
50229,IA,IA,1
50230,IA,IA,1
50231,IA,IA,1
50232,IA,IA,1
50233,IA,IA,1
50234,IA,IA,1
50235,IA,IA,1
50236,IA,IA,1
50237,IA,IA,1
50238,IA,IA,1
50239,IA,IA,1
50240,IA,IA,1
50241,IA,IA,1
50242,IA,IA,1
50243,IA,IA,1
50244,IA,IA,1
50246,IA,IA,1
50247,IA,IA,1
50248,IA,IA,1
50249,IA,IA,1
50250,IA,IA,1
50251,IA,IA,1
50252,IA,IA,1
50254,IA,IA,1
50255,IA,IA,1
50256,IA,IA,1
50257,IA,IA,1
50258,IA,IA,1
50261,IA,IA,1
50262,IA,IA,1
50263,IA,IA,1
50264,IA,IA,1
50265,IA,IA,1
50266,IA,IA,1
50268,IA,IA,1
50269,IA,IA,1
50271,IA,IA,1
50272,IA,IA,1
50273,IA,IA,1
50274,IA,IA,1
50275,IA,IA,1
50276,IA,IA,1
50277,IA,IA,1
50278,IA,IA,1
50309,IA,IA,1
50310,IA,IA,1
50311,IA,IA,1
50312,IA,IA,1
50313,IA,IA,1
50314,IA,IA,1
50315,IA,IA,1
50316,IA,IA,1
50317,IA,IA,1
50319,IA,IA,1
50320,IA,IA,1
50321,IA,IA,1
50322,IA,IA,1
50323,IA,IA,1
50324,IA,IA,1
50325,IA,IA,1
50327,IA,IA,1
50401,IA,IA,1
50420,IA,IA,1
50421,IA,IA,1
50423,IA,IA,1
50424,IA,IA,1
50426,IA,IA,1
50427,IA,IA,1
50428,IA,IA,1
50430,IA,IA,1
50431,IA,IA,1
50432,IA,IA,1
50433,IA,IA,1
50434,IA,IA,1
50435,IA,IA,1
50436,IA,IA,1
50438,IA,IA,1
50439,IA,IA,1
50440,IA,IA,1
50441,IA,IA,1
50444,IA,IA,1
50446,IA,IA,1
50447,IA,IA,1
50448,IA,IA,1
50449,IA,IA,1
50450,IA,IA,1
50451,IA,IA,1
50452,IA,IA,1
50453,IA,IA,1
50454,IA,IA,1
50455,IA,IA,1
50456,IA,IA,1
50457,IA,IA,1
50458,IA,IA,1
50459,IA,IA,1
50460,IA,IA,1
50461,IA,IA,1
50464,IA,IA,1
50465,IA,IA,1
50466,IA,IA,1
50467,IA,IA,1
50468,IA,IA,1
50469,IA,IA,1
50470,IA,IA,1
50471,IA,IA,1
50472,IA,IA,1
50473,IA,IA,1
50475,IA,IA,1
50476,IA,IA,1
50477,IA,IA,1
50478,IA,IA,1
50479,IA,IA,1
50480,IA,IA,1
50482,IA,IA,1
50483,IA,IA,1
50484,IA,IA,1
50501,IA,IA,1
50510,IA,IA,1
50511,IA,IA,1
50514,IA,IA,1
50515,IA,IA,1
50516,IA,IA,1
50517,IA,IA,1
50518,IA,IA,1
50519,IA,IA,1
50520,IA,IA,1
50521,IA,IA,1
50522,IA,IA,1
50523,IA,IA,1
50524,IA,IA,1
50525,IA,IA,1
50527,IA,IA,1
50528,IA,IA,1
50529,IA,IA,1
50530,IA,IA,1
50531,IA,IA,1
50532,IA,IA,1
50533,IA,IA,1
50535,IA,IA,1
50536,IA,IA,1
50538,IA,IA,1
50539,IA,IA,1
50540,IA,IA,1
50541,IA,IA,1
50542,IA,IA,1
50543,IA,IA,1
50544,IA,IA,1
50545,IA,IA,1
50546,IA,IA,1
50548,IA,IA,1
50551,IA,IA,1
50552,IA,IA,1
50554,IA,IA,1
50556,IA,IA,1
50557,IA,IA,1
50558,IA,IA,1
50559,IA,IA,1
50560,IA,IA,1
50561,IA,IA,1
50562,IA,IA,1
50563,IA,IA,1
50565,IA,IA,1
50566,IA,IA,1
50567,IA,IA,1
50568,IA,IA,1
50569,IA,IA,1
50570,IA,IA,1
50571,IA,IA,1
50573,IA,IA,1
50574,IA,IA,1
50575,IA,IA,1
50576,IA,IA,1
50577,IA,IA,1
50578,IA,IA,1
50579,IA,IA,1
50581,IA,IA,1
50582,IA,IA,1
50583,IA,IA,1
50585,IA,IA,1
50586,IA,IA,1
50588,IA,IA,1
50590,IA,IA,1
50591,IA,IA,1
50592,IA,IA,1
50593,IA,IA,1
50594,IA,IA,1
50595,IA,IA,1
50597,IA,IA,1
50598,IA,IA,1
50599,IA,IA,1
50601,IA,IA,1
50602,IA,IA,1
50603,IA,IA,1
50604,IA,IA,1
50605,IA,IA,1
50606,IA,IA,1
50607,IA,IA,1
50608,IA,IA,1
50609,IA,IA,1
50611,IA,IA,1
50612,IA,IA,1
50613,IA,IA,1
50616,IA,IA,1
50619,IA,IA,1
50620,IA,IA,1
50621,IA,IA,1
50622,IA,IA,1
50623,IA,IA,1
50624,IA,IA,1
50625,IA,IA,1
50626,IA,IA,1
50627,IA,IA,1
50628,IA,IA,1
50629,IA,IA,1
50630,IA,IA,1
50631,IA,IA,1
50632,IA,IA,1
50633,IA,IA,1
50634,IA,IA,1
50635,IA,IA,1
50636,IA,IA,1
50638,IA,IA,1
50641,IA,IA,1
50642,IA,IA,1
50643,IA,IA,1
50644,IA,IA,1
50645,IA,IA,1
50647,IA,IA,1
50648,IA,IA,1
50649,IA,IA,1
50650,IA,IA,1
50651,IA,IA,1
50652,IA,IA,1
50653,IA,IA,1
50654,IA,IA,1
50655,IA,IA,1
50657,IA,IA,1
50658,IA,IA,1
50659,IA,IA,1
50660,IA,IA,1
50662,IA,IA,1
50664,IA,IA,1
50665,IA,IA,1
50666,IA,IA,1
50667,IA,IA,1
50668,IA,IA,1
50669,IA,IA,1
50670,IA,IA,1
50671,IA,IA,1
50672,IA,IA,1
50673,IA,IA,1
50674,IA,IA,1
50675,IA,IA,1
50676,IA,IA,1
50677,IA,IA,1
50680,IA,IA,1
50681,IA,IA,1
50682,IA,IA,1
50701,IA,IA,1
50702,IA,IA,1
50703,IA,IA,1
50707,IA,IA,1
50801,IA,IA,1
50830,IA,IA,1
50831,IA,IA,1
50833,IA,IA,1
50835,IA,IA,1
50836,IA,IA,1
50837,IA,IA,1
50839,IA,IA,1
50840,IA,IA,1
50841,IA,IA,1
50842,IA,IA,1
50843,IA,IA,1
50845,IA,IA,1
50846,IA,IA,1
50847,IA,IA,1
50848,IA,IA,1
50849,IA,IA,1
50851,IA,IA,1
50853,IA,IA,1
50854,IA,IA,1
50857,IA,IA,1
50858,IA,IA,1
50859,IA,IA,1
50860,IA,IA,1
50861,IA,IA,1
50862,IA,IA,1
50863,IA,IA,1
50864,IA,IA,1
51001,IA,IA|SD,2
51002,IA,IA,1
51003,IA,IA,1
51004,IA,IA,1
51005,IA,IA,1
51006,IA,IA,1
51007,IA,IA,1
51008,IA,IA,1
51009,IA,IA,1
51010,IA,IA,1
51011,IA,IA,1
51012,IA,IA,1
51014,IA,IA,1
51015,IA,IA,1
51016,IA,IA,1
51018,IA,IA,1
51019,IA,IA,1
51020,IA,IA,1
51022,IA,IA,1
51023,IA,IA|SD,2
51024,IA,IA,1
51025,IA,IA,1
51026,IA,IA,1
51027,IA,IA,1
51028,IA,IA,1
51029,IA,IA,1
51030,IA,IA,1
51031,IA,IA,1
51033,IA,IA,1
51034,IA,IA,1
51035,IA,IA,1
51036,IA,IA,1
51037,IA,IA,1
51038,IA,IA,1
51039,IA,IA,1
51040,IA,IA,1
51041,IA,IA,1
51044,IA,IA,1
51045,IA,IA,1
51046,IA,IA,1
51047,IA,IA,1
51048,IA,IA,1
51049,IA,IA,1
51050,IA,IA,1
51051,IA,IA,1
51052,IA,IA,1
51053,IA,IA,1
51054,IA,IA,1
51055,IA,IA,1
51056,IA,IA,1
51058,IA,IA,1
51060,IA,IA,1
51061,IA,IA,1
51062,IA,IA,1
51063,IA,IA,1
51101,IA,IA,1
51103,IA,IA,1
51104,IA,IA,1
51105,IA,IA,1
51106,IA,IA,1
51108,IA,IA,1
51109,IA,IA,1
51111,IA,IA,1
51201,IA,IA,1
51230,IA,IA,1
51231,IA,IA,1
51232,IA,IA,1
51234,IA,IA,1
51235,IA,IA,1
51237,IA,IA,1
51238,IA,IA,1
51239,IA,IA,1
51240,IA,IA,1
51241,IA,IA,1
51242,IA,IA,1
51243,IA,IA,1
51244,IA,IA,1
51245,IA,IA,1
51246,IA,IA,1
51247,IA,IA,1
51248,IA,IA,1
51249,IA,IA,1
51250,IA,IA,1
51301,IA,IA,1
51331,IA,IA,1
51333,IA,IA,1
51334,IA,IA,1
51338,IA,IA,1
51340,IA,IA,1
51341,IA,IA,1
51342,IA,IA,1
51343,IA,IA,1
51345,IA,IA,1
51346,IA,IA,1
51347,IA,IA,1
51350,IA,IA,1
51351,IA,IA,1
51354,IA,IA,1
51355,IA,IA,1
51357,IA,IA,1
51358,IA,IA,1
51360,IA,IA|MN,2
51363,IA,IA,1
51364,IA,IA,1
51365,IA,IA,1
51366,IA,IA,1
51401,IA,IA,1
51430,IA,IA,1
51431,IA,IA,1
51432,IA,IA,1
51433,IA,IA,1
51436,IA,IA,1
51439,IA,IA,1
51440,IA,IA,1
51441,IA,IA,1
51442,IA,IA,1
51443,IA,IA,1
51444,IA,IA,1
51445,IA,IA,1
51446,IA,IA,1
51447,IA,IA,1
51448,IA,IA,1
51449,IA,IA,1
51450,IA,IA,1
51451,IA,IA,1
51452,IA,IA,1
51453,IA,IA,1
51454,IA,IA,1
51455,IA,IA,1
51458,IA,IA,1
51459,IA,IA,1
51460,IA,IA,1
51461,IA,IA,1
51462,IA,IA,1
51463,IA,IA,1
51465,IA,IA,1
51466,IA,IA,1
51467,IA,IA,1
51501,IA,IA,1
51503,IA,IA,1
51510,IA,IA,1
51520,IA,IA,1
51521,IA,IA,1
51523,IA,IA,1
51525,IA,IA,1
51526,IA,IA,1
51527,IA,IA,1
51528,IA,IA,1
51529,IA,IA,1
51530,IA,IA,1
51531,IA,IA,1
51532,IA,IA,1
51533,IA,IA,1
51534,IA,IA,1
51535,IA,IA,1
51536,IA,IA,1
51537,IA,IA,1
51540,IA,IA,1
51541,IA,IA,1
51542,IA,IA,1
51543,IA,IA,1
51544,IA,IA,1
51545,IA,IA,1
51546,IA,IA,1
51548,IA,IA,1
51549,IA,IA,1
51550,IA,IA,1
51551,IA,IA,1
51552,IA,IA,1
51553,IA,IA,1
51554,IA,IA,1
51555,IA,IA,1
51556,IA,IA,1
51557,IA,IA|NE,2
51558,IA,IA,1
51559,IA,IA,1
51560,IA,IA,1
51561,IA,IA,1
51562,IA,IA,1
51563,IA,IA,1
51564,IA,IA,1
51565,IA,IA,1
51566,IA,IA,1
51570,IA,IA,1
51571,IA,IA,1
51572,IA,IA,1
51573,IA,IA,1
51575,IA,IA,1
51576,IA,IA,1
51577,IA,IA,1
51578,IA,IA,1
51579,IA,IA,1
51601,IA,IA,1
51630,IA,IA,1
51631,IA,IA,1
51632,IA,IA,1
51636,IA,IA,1
51637,IA,IA,1
51638,IA,IA,1
51639,IA,IA,1
51640,IA,IA|MO,2
51645,IA,IA,1
51646,IA,IA,1
51647,IA,IA,1
51648,IA,IA,1
51649,IA,IA,1
51650,IA,IA,1
51651,IA,IA,1
51652,IA,IA,1
51653,IA,IA,1
51654,IA,IA,1
51656,IA,IA,1
52001,IA,IA,1
52002,IA,IA,1
52003,IA,IA,1
52030,IA,IA,1
52031,IA,IA,1
52032,IA,IA,1
52033,IA,IA,1
52035,IA,IA,1
52036,IA,IA,1
52037,IA,IA,1
52038,IA,IA,1
52039,IA,IA,1
52040,IA,IA,1
52041,IA,IA,1
52042,IA,IA,1
52043,IA,IA,1
52044,IA,IA,1
52045,IA,IA,1
52046,IA,IA,1
52047,IA,IA,1
52048,IA,IA,1
52049,IA,IA,1
52050,IA,IA,1
52052,IA,IA,1
52053,IA,IA,1
52054,IA,IA,1
52056,IA,IA,1
52057,IA,IA,1
52060,IA,IA,1
52064,IA,IA,1
52065,IA,IA,1
52066,IA,IA,1
52068,IA,IA,1
52069,IA,IA,1
52070,IA,IA,1
52071,IA,IA,1
52072,IA,IA,1
52073,IA,IA,1
52074,IA,IA,1
52075,IA,IA,1
52076,IA,IA,1
52077,IA,IA,1
52078,IA,IA,1
52079,IA,IA,1
52101,IA,IA,1
52132,IA,IA,1
52133,IA,IA,1
52134,IA,IA,1
52135,IA,IA,1
52136,IA,IA,1
52140,IA,IA,1
52141,IA,IA,1
52142,IA,IA,1
52144,IA,IA,1
52146,IA,IA,1
52147,IA,IA,1
52151,IA,IA,1
52154,IA,IA,1
52155,IA,IA,1
52156,IA,IA,1
52157,IA,IA,1
52158,IA,IA,1
52159,IA,IA,1
52160,IA,IA,1
52161,IA,IA,1
52162,IA,IA,1
52163,IA,IA,1
52164,IA,IA,1
52165,IA,IA,1
52166,IA,IA,1
52168,IA,IA,1
52169,IA,IA,1
52170,IA,IA,1
52171,IA,IA,1
52172,IA,IA,1
52175,IA,IA,1
52201,IA,IA,1
52202,IA,IA,1
52203,IA,IA,1
52205,IA,IA,1
52206,IA,IA,1
52207,IA,IA,1
52208,IA,IA,1
52209,IA,IA,1
52210,IA,IA,1
52211,IA,IA,1
52212,IA,IA,1
52213,IA,IA,1
52214,IA,IA,1
52215,IA,IA,1
52216,IA,IA,1
52217,IA,IA,1
52218,IA,IA,1
52219,IA,IA,1
52220,IA,IA,1
52221,IA,IA,1
52222,IA,IA,1
52223,IA,IA,1
52224,IA,IA,1
52225,IA,IA,1
52227,IA,IA,1
52228,IA,IA,1
52229,IA,IA,1
52231,IA,IA,1
52232,IA,IA,1
52233,IA,IA,1
52235,IA,IA,1
52236,IA,IA,1
52237,IA,IA,1
52240,IA,IA,1
52241,IA,IA,1
52242,IA,IA,1
52245,IA,IA,1
52246,IA,IA,1
52247,IA,IA,1
52248,IA,IA,1
52249,IA,IA,1
52251,IA,IA,1
52252,IA,IA,1
52253,IA,IA,1
52254,IA,IA,1
52255,IA,IA,1
52257,IA,IA,1
52301,IA,IA,1
52302,IA,IA,1
52305,IA,IA,1
52306,IA,IA,1
52307,IA,IA,1
52308,IA,IA,1
52309,IA,IA,1
52310,IA,IA,1
52312,IA,IA,1
52313,IA,IA,1
52314,IA,IA,1
52315,IA,IA,1
52316,IA,IA,1
52317,IA,IA,1
52318,IA,IA,1
52320,IA,IA,1
52321,IA,IA,1
52322,IA,IA,1
52323,IA,IA,1
52324,IA,IA,1
52325,IA,IA,1
52326,IA,IA,1
52327,IA,IA,1
52328,IA,IA,1
52329,IA,IA,1
52330,IA,IA,1
52332,IA,IA,1
52333,IA,IA,1
52334,IA,IA,1
52335,IA,IA,1
52336,IA,IA,1
52337,IA,IA,1
52338,IA,IA,1
52339,IA,IA,1
52340,IA,IA,1
52341,IA,IA,1
52342,IA,IA,1
52344,IA,IA,1
52345,IA,IA,1
52346,IA,IA,1
52347,IA,IA,1
52348,IA,IA,1
52349,IA,IA,1
52351,IA,IA,1
52352,IA,IA,1
52353,IA,IA,1
52354,IA,IA,1
52355,IA,IA,1
52356,IA,IA,1
52358,IA,IA,1
52359,IA,IA,1
52361,IA,IA,1
52362,IA,IA,1
52401,IA,IA,1
52402,IA,IA,1
52403,IA,IA,1
52404,IA,IA,1
52405,IA,IA,1
52411,IA,IA,1
52501,IA,IA,1
52530,IA,IA,1
52531,IA,IA,1
52533,IA,IA,1
52534,IA,IA,1
52535,IA,IA,1
52536,IA,IA,1
52537,IA,IA,1
52540,IA,IA,1
52542,IA,IA|MO,2
52543,IA,IA,1
52544,IA,IA,1
52548,IA,IA,1
52549,IA,IA,1
52550,IA,IA,1
52551,IA,IA,1
52552,IA,IA,1
52553,IA,IA,1
52554,IA,IA,1
52555,IA,IA,1
52556,IA,IA,1
52557,IA,IA,1
52560,IA,IA,1
52561,IA,IA,1
52562,IA,IA,1
52563,IA,IA,1
52565,IA,IA,1
52566,IA,IA,1
52567,IA,IA,1
52568,IA,IA,1
52569,IA,IA,1
52570,IA,IA,1
52571,IA,IA,1
52572,IA,IA,1
52573,IA,IA|MO,2
52574,IA,IA,1
52576,IA,IA,1
52577,IA,IA,1
52580,IA,IA,1
52581,IA,IA,1
52583,IA,IA,1
52584,IA,IA,1
52585,IA,IA,1
52586,IA,IA,1
52588,IA,IA,1
52590,IA,IA,1
52591,IA,IA,1
52593,IA,IA,1
52594,IA,IA,1
52595,IA,IA,1
52601,IA,IA,1
52619,IA,IA,1
52620,IA,IA,1
52621,IA,IA,1
52623,IA,IA,1
52624,IA,IA,1
52625,IA,IA,1
52626,IA,IA|MO,2
52627,IA,IA,1
52630,IA,IA,1
52631,IA,IA,1
52632,IA,IA,1
52635,IA,IA,1
52637,IA,IA,1
52638,IA,IA,1
52639,IA,IA,1
52640,IA,IA,1
52641,IA,IA,1
52644,IA,IA,1
52645,IA,IA,1
52646,IA,IA,1
52647,IA,IA,1
52649,IA,IA,1
52650,IA,IA,1
52651,IA,IA,1
52652,IA,IA,1
52653,IA,IA,1
52654,IA,IA,1
52655,IA,IA,1
52656,IA,IA,1
52657,IA,IA,1
52658,IA,IA,1
52659,IA,IA,1
52660,IA,IA,1
52701,IA,IA,1
52720,IA,IA,1
52721,IA,IA,1
52722,IA,IA,1
52726,IA,IA,1
52727,IA,IA,1
52728,IA,IA,1
52729,IA,IA,1
52730,IA,IA,1
52731,IA,IA,1
52732,IA,IA,1
52737,IA,IA,1
52738,IA,IA,1
52739,IA,IA,1
52742,IA,IA,1
52745,IA,IA,1
52746,IA,IA,1
52747,IA,IA,1
52748,IA,IA,1
52749,IA,IA,1
52750,IA,IA,1
52751,IA,IA,1
52752,IA,IA,1
52753,IA,IA,1
52754,IA,IA,1
52755,IA,IA,1
52756,IA,IA,1
52757,IA,IA,1
52758,IA,IA,1
52759,IA,IA,1
52760,IA,IA,1
52761,IA,IA,1
52765,IA,IA,1
52766,IA,IA,1
52767,IA,IA,1
52768,IA,IA,1
52769,IA,IA,1
52771,IA,IA,1
52772,IA,IA,1
52773,IA,IA,1
52774,IA,IA,1
52776,IA,IA,1
52777,IA,IA,1
52778,IA,IA,1
52801,IA,IA,1
52802,IA,IA,1
52803,IA,IA,1
52804,IA,IA,1
52806,IA,IA,1
52807,IA,IA,1
53001,WI,WI,1
53002,WI,WI,1
53003,WI,WI,1
53004,WI,WI,1
53005,WI,WI,1
53006,WI,WI,1
53007,WI,WI,1
53010,WI,WI,1
53011,WI,WI,1
53012,WI,WI,1
53013,WI,WI,1
53014,WI,WI,1
53015,WI,WI,1
53016,WI,WI,1
53017,WI,WI,1
53018,WI,WI,1
53019,WI,WI,1
53020,WI,WI,1
53021,WI,WI,1
53022,WI,WI,1
53023,WI,WI,1
53024,WI,WI,1
53027,WI,WI,1
53029,WI,WI,1
53031,WI,WI,1
53032,WI,WI,1
53033,WI,WI,1
53034,WI,WI,1
53035,WI,WI,1
53036,WI,WI,1
53037,WI,WI,1
53038,WI,WI,1
53039,WI,WI,1
53040,WI,WI,1
53042,WI,WI,1
53044,WI,WI,1
53045,WI,WI,1
53046,WI,WI,1
53047,WI,WI,1
53048,WI,WI,1
53049,WI,WI,1
53050,WI,WI,1
53051,WI,WI,1
53057,WI,WI,1
53058,WI,WI,1
53059,WI,WI,1
53061,WI,WI,1
53063,WI,WI,1
53065,WI,WI,1
53066,WI,WI,1
53069,WI,WI,1
53070,WI,WI,1
53072,WI,WI,1
53073,WI,WI,1
53074,WI,WI,1
53075,WI,WI,1
53076,WI,WI,1
53078,WI,WI,1
53079,WI,WI,1
53080,WI,WI,1
53081,WI,WI,1
53083,WI,WI,1
53085,WI,WI,1
53086,WI,WI,1
53088,WI,WI,1
53089,WI,WI,1
53090,WI,WI,1
53091,WI,WI,1
53092,WI,WI,1
53093,WI,WI,1
53094,WI,WI,1
53095,WI,WI,1
53097,WI,WI,1
53098,WI,WI,1
53099,WI,WI,1
53103,WI,WI,1
53104,WI,WI,1
53105,WI,WI,1
53108,WI,WI,1
53110,WI,WI,1
53114,WI,WI,1
53115,WI,WI,1
53118,WI,WI,1
53119,WI,WI,1
53120,WI,WI,1
53121,WI,WI,1
53122,WI,WI,1
53125,WI,WI,1
53126,WI,WI,1
53127,WI,WI,1
53128,WI,WI,1
53129,WI,WI,1
53130,WI,WI,1
53132,WI,WI,1
53137,WI,WI,1
53139,WI,WI,1
53140,WI,WI,1
53142,WI,WI,1
53143,WI,WI,1
53144,WI,WI,1
53146,WI,WI,1
53147,WI,WI,1
53149,WI,WI,1
53150,WI,WI,1
53151,WI,WI,1
53153,WI,WI,1
53154,WI,WI,1
53156,WI,WI,1
53157,WI,WI,1
53158,WI,WI,1
53167,WI,WI,1
53168,WI,WI,1
53170,WI,WI,1
53172,WI,WI,1
53176,WI,WI,1
53177,WI,WI,1
53178,WI,WI,1
53179,WI,WI,1
53181,WI,WI,1
53182,WI,WI,1
53183,WI,WI,1
53184,WI,WI,1
53185,WI,WI,1
53186,WI,WI,1
53188,WI,WI,1
53189,WI,WI,1
53190,WI,WI,1
53191,WI,WI,1
53192,WI,WI,1
53195,WI,WI,1
53202,WI,WI,1
53203,WI,WI,1
53204,WI,WI,1
53205,WI,WI,1
53206,WI,WI,1
53207,WI,WI,1
53208,WI,WI,1
53209,WI,WI,1
53210,WI,WI,1
53211,WI,WI,1
53212,WI,WI,1
53213,WI,WI,1
53214,WI,WI,1
53215,WI,WI,1
53216,WI,WI,1
53217,WI,WI,1
53218,WI,WI,1
53219,WI,WI,1
53220,WI,WI,1
53221,WI,WI,1
53222,WI,WI,1
53223,WI,WI,1
53224,WI,WI,1
53225,WI,WI,1
53226,WI,WI,1
53227,WI,WI,1
53228,WI,WI,1
53233,WI,WI,1
53235,WI,WI,1
53295,WI,WI,1
53402,WI,WI,1
53403,WI,WI,1
53404,WI,WI,1
53405,WI,WI,1
53406,WI,WI,1
53501,WI,WI,1
53502,WI,WI,1
53503,WI,WI,1
53504,WI,WI,1
53505,WI,WI,1
53506,WI,WI,1
53507,WI,WI,1
53508,WI,WI,1
53510,WI,WI,1
53511,WI,WI,1
53515,WI,WI,1
53516,WI,WI,1
53517,WI,WI,1
53518,WI,WI,1
53520,WI,WI,1
53521,WI,WI,1
53522,WI,WI,1
53523,WI,WI,1
53525,WI,WI,1
53526,WI,WI,1
53527,WI,WI,1
53528,WI,WI,1
53529,WI,WI,1
53530,WI,WI,1
53531,WI,WI,1
53532,WI,WI,1
53533,WI,WI,1
53534,WI,WI,1
53536,WI,WI,1
53537,WI,WI,1
53538,WI,WI,1
53540,WI,WI,1
53541,WI,WI,1
53543,WI,WI,1
53544,WI,WI,1
53545,WI,WI,1
53546,WI,WI,1
53548,WI,WI,1
53549,WI,WI,1
53550,WI,WI,1
53551,WI,WI,1
53553,WI,WI,1
53554,WI,WI,1
53555,WI,WI,1
53556,WI,WI,1
53557,WI,WI,1
53558,WI,WI,1
53559,WI,WI,1
53560,WI,WI,1
53561,WI,WI,1
53562,WI,WI,1
53563,WI,WI,1
53565,WI,WI,1
53566,WI,WI,1
53569,WI,WI,1
53570,WI,WI,1
53571,WI,WI,1
53572,WI,WI,1
53573,WI,WI,1
53574,WI,WI,1
53575,WI,WI,1
53576,WI,WI,1
53577,WI,WI,1
53578,WI,WI,1
53579,WI,WI,1
53580,WI,WI,1
53581,WI,WI,1
53582,WI,WI,1
53583,WI,WI,1
53584,WI,WI,1
53585,WI,WI,1
53586,WI,WI,1
53587,WI,WI,1
53588,WI,WI,1
53589,WI,WI,1
53590,WI,WI,1
53593,WI,WI,1
53594,WI,WI,1
53597,WI,WI,1
53598,WI,WI,1
53599,WI,WI,1
53703,WI,WI,1
53704,WI,WI,1
53705,WI,WI,1
53706,WI,WI,1
53711,WI,WI,1
53713,WI,WI,1
53714,WI,WI,1
53715,WI,WI,1
53716,WI,WI,1
53717,WI,WI,1
53718,WI,WI,1
53719,WI,WI,1
53726,WI,WI,1
53792,WI,WI,1
53801,WI,WI,1
53802,WI,WI,1
53803,WI,WI,1
53804,WI,WI,1
53805,WI,WI,1
53806,WI,WI,1
53807,WI,WI,1
53808,WI,WI,1
53809,WI,WI,1
53810,WI,WI,1
53811,WI,WI,1
53812,WI,WI,1
53813,WI,WI,1
53816,WI,WI,1
53817,WI,WI,1
53818,WI,WI,1
53820,WI,WI,1
53821,WI,WI,1
53825,WI,WI,1
53826,WI,WI,1
53827,WI,WI,1
53901,WI,WI,1
53910,WI,WI,1
53911,WI,WI,1
53913,WI,WI,1
53916,WI,WI,1
53919,WI,WI,1
53920,WI,WI,1
53922,WI,WI,1
53923,WI,WI,1
53924,WI,WI,1
53925,WI,WI,1
53926,WI,WI,1
53928,WI,WI,1
53929,WI,WI,1
53930,WI,WI,1
53931,WI,WI,1
53932,WI,WI,1
53933,WI,WI,1
53934,WI,WI,1
53935,WI,WI,1
53936,WI,WI,1
53937,WI,WI,1
53939,WI,WI,1
53940,WI,WI,1
53941,WI,WI,1
53942,WI,WI,1
53943,WI,WI,1
53944,WI,WI,1
53946,WI,WI,1
53947,WI,WI,1
53948,WI,WI,1
53949,WI,WI,1
53950,WI,WI,1
53951,WI,WI,1
53952,WI,WI,1
53953,WI,WI,1
53954,WI,WI,1
53955,WI,WI,1
53956,WI,WI,1
53959,WI,WI,1
53960,WI,WI,1
53961,WI,WI,1
53962,WI,WI,1
53963,WI,WI,1
53964,WI,WI,1
53965,WI,WI,1
53968,WI,WI,1
53969,WI,WI,1
54001,WI,WI,1
54002,WI,WI,1
54003,WI,WI,1
54004,WI,WI,1
54005,WI,WI,1
54006,WI,WI,1
54007,WI,WI,1
54009,WI,WI,1
54011,WI,WI,1
54013,WI,WI,1
54014,WI,WI,1
54015,WI,WI,1
54016,WI,WI,1
54017,WI,WI,1
54020,WI,WI,1
54021,WI,WI,1
54022,WI,WI,1
54023,WI,WI,1
54024,WI,WI,1
54025,WI,WI,1
54026,WI,WI,1
54027,WI,WI,1
54028,WI,WI,1
54082,WI,WI,1
54101,WI,WI,1
54102,WI,WI,1
54103,WI,WI,1
54104,WI,WI,1
54106,WI,WI,1
54107,WI,WI,1
54110,WI,WI,1
54111,WI,WI,1
54112,WI,WI,1
54113,WI,WI,1
54114,WI,WI,1
54115,WI,WI,1
54119,WI,WI,1
54120,WI,WI,1
54121,WI,WI,1
54123,WI,WI,1
54124,WI,WI,1
54125,WI,WI,1
54126,WI,WI,1
54127,WI,WI,1
54128,WI,WI,1
54129,WI,WI,1
54130,WI,WI,1
54135,WI,WI,1
54136,WI,WI,1
54137,WI,WI,1
54138,WI,WI,1
54139,WI,WI,1
54140,WI,WI,1
54141,WI,WI,1
54143,WI,WI,1
54149,WI,WI,1
54150,WI,WI,1
54151,WI,WI,1
54152,WI,WI,1
54153,WI,WI,1
54154,WI,WI,1
54155,WI,WI,1
54156,WI,WI,1
54157,WI,WI,1
54159,WI,WI,1
54160,WI,WI,1
54161,WI,WI,1
54162,WI,WI,1
54165,WI,WI,1
54166,WI,WI,1
54169,WI,WI,1
54170,WI,WI,1
54171,WI,WI,1
54173,WI,WI,1
54174,WI,WI,1
54175,WI,WI,1
54177,WI,WI,1
54180,WI,WI,1
54201,WI,WI,1
54202,WI,WI,1
54204,WI,WI,1
54205,WI,WI,1
54207,WI,WI,1
54208,WI,WI,1
54209,WI,WI,1
54210,WI,WI,1
54211,WI,WI,1
54212,WI,WI,1
54213,WI,WI,1
54214,WI,WI,1
54215,WI,WI,1
54216,WI,WI,1
54217,WI,WI,1
54220,WI,WI,1
54227,WI,WI,1
54228,WI,WI,1
54229,WI,WI,1
54230,WI,WI,1
54232,WI,WI,1
54234,WI,WI,1
54235,WI,WI,1
54241,WI,WI,1
54245,WI,WI,1
54246,WI,WI,1
54247,WI,WI,1
54301,WI,WI,1
54302,WI,WI,1
54303,WI,WI,1
54304,WI,WI,1
54307,WI,WI,1
54311,WI,WI,1
54313,WI,WI,1
54401,WI,WI,1
54403,WI,WI,1
54405,WI,WI,1
54406,WI,WI,1
54407,WI,WI,1
54408,WI,WI,1
54409,WI,WI,1
54410,WI,WI,1
54411,WI,WI,1
54412,WI,WI,1
54413,WI,WI,1
54414,WI,WI,1
54416,WI,WI,1
54417,WI,WI,1
54418,WI,WI,1
54420,WI,WI,1
54421,WI,WI,1
54422,WI,WI,1
54423,WI,WI,1
54424,WI,WI,1
54425,WI,WI,1
54426,WI,WI,1
54427,WI,WI,1
54428,WI,WI,1
54430,WI,WI,1
54433,WI,WI,1
54435,WI,WI,1
54436,WI,WI,1
54437,WI,WI,1
54440,WI,WI,1
54441,WI,WI,1
54442,WI,WI,1
54443,WI,WI,1
54446,WI,WI,1
54447,WI,WI,1
54448,WI,WI,1
54449,WI,WI,1
54450,WI,WI,1
54451,WI,WI,1
54452,WI,WI,1
54454,WI,WI,1
54455,WI,WI,1
54456,WI,WI,1
54457,WI,WI,1
54458,WI,WI,1
54459,WI,WI,1
54460,WI,WI,1
54462,WI,WI,1
54463,WI,WI,1
54464,WI,WI,1
54465,WI,WI,1
54466,WI,WI,1
54467,WI,WI,1
54469,WI,WI,1
54470,WI,WI,1
54471,WI,WI,1
54473,WI,WI,1
54474,WI,WI,1
54475,WI,WI,1
54476,WI,WI,1
54479,WI,WI,1
54480,WI,WI,1
54481,WI,WI,1
54482,WI,WI,1
54484,WI,WI,1
54485,WI,WI,1
54486,WI,WI,1
54487,WI,WI,1
54488,WI,WI,1
54489,WI,WI,1
54490,WI,WI,1
54491,WI,WI,1
54493,WI,WI,1
54494,WI,WI,1
54495,WI,WI,1
54498,WI,WI,1
54499,WI,WI,1
54501,WI,WI,1
54511,WI,WI,1
54512,WI,WI,1
54513,WI,WI,1
54514,WI,WI,1
54515,WI,WI,1
54517,WI,WI,1
54519,WI,WI,1
54520,WI,WI,1
54521,WI,WI,1
54524,WI,WI,1
54525,WI,WI,1
54526,WI,WI,1
54527,WI,WI,1
54529,WI,WI,1
54530,WI,WI,1
54531,WI,WI,1
54534,WI,WI,1
54536,WI,WI,1
54537,WI,WI,1
54538,WI,WI,1
54539,WI,WI,1
54540,WI,MI|WI,2
54541,WI,WI,1
54542,WI,WI,1
54545,WI,WI,1
54546,WI,WI,1
54547,WI,WI,1
54548,WI,WI,1
54550,WI,WI,1
54552,WI,WI,1
54554,WI,WI,1
54555,WI,WI,1
54556,WI,WI,1
54557,WI,WI,1
54558,WI,WI,1
54559,WI,WI,1
54560,WI,WI,1
54561,WI,WI,1
54562,WI,WI,1
54563,WI,WI,1
54564,WI,WI,1
54565,WI,WI,1
54566,WI,WI,1
54568,WI,WI,1
54601,WI,WI,1
54603,WI,WI,1
54610,WI,WI,1
54611,WI,WI,1
54612,WI,WI,1
54613,WI,WI,1
54614,WI,WI,1
54615,WI,WI,1
54616,WI,WI,1
54618,WI,WI,1
54619,WI,WI,1
54621,WI,WI,1
54622,WI,WI,1
54623,WI,WI,1
54624,WI,WI,1
54625,WI,WI,1
54626,WI,WI,1
54627,WI,WI,1
54628,WI,WI,1
54629,WI,WI,1
54630,WI,WI,1
54631,WI,WI,1
54632,WI,WI,1
54634,WI,WI,1
54635,WI,WI,1
54636,WI,WI,1
54637,WI,WI,1
54638,WI,WI,1
54639,WI,WI,1
54642,WI,WI,1
54643,WI,WI,1
54644,WI,WI,1
54645,WI,WI,1
54646,WI,WI,1
54648,WI,WI,1
54650,WI,WI,1
54651,WI,WI,1
54652,WI,WI,1
54653,WI,WI,1
54654,WI,WI,1
54655,WI,WI,1
54656,WI,WI,1
54657,WI,WI,1
54658,WI,WI,1
54659,WI,WI,1
54660,WI,WI,1
54661,WI,WI,1
54664,WI,WI,1
54665,WI,WI,1
54666,WI,WI,1
54667,WI,WI,1
54669,WI,WI,1
54670,WI,WI,1
54701,WI,WI,1
54703,WI,WI,1
54720,WI,WI,1
54721,WI,WI,1
54722,WI,WI,1
54723,WI,WI,1
54724,WI,WI,1
54725,WI,WI,1
54726,WI,WI,1
54727,WI,WI,1
54728,WI,WI,1
54729,WI,WI,1
54730,WI,WI,1
54731,WI,WI,1
54732,WI,WI,1
54733,WI,WI,1
54734,WI,WI,1
54736,WI,WI,1
54737,WI,WI,1
54738,WI,WI,1
54739,WI,WI,1
54740,WI,WI,1
54741,WI,WI,1
54742,WI,WI,1
54745,WI,WI,1
54746,WI,WI,1
54747,WI,WI,1
54748,WI,WI,1
54749,WI,WI,1
54750,WI,WI,1
54751,WI,WI,1
54754,WI,WI,1
54755,WI,WI,1
54756,WI,WI,1
54757,WI,WI,1
54758,WI,WI,1
54759,WI,WI,1
54760,WI,WI,1
54761,WI,WI,1
54762,WI,WI,1
54763,WI,WI,1
54766,WI,WI,1
54767,WI,WI,1
54768,WI,WI,1
54769,WI,WI,1
54770,WI,WI,1
54771,WI,WI,1
54772,WI,WI,1
54773,WI,WI,1
54801,WI,WI,1
54805,WI,WI,1
54806,WI,WI,1
54810,WI,WI,1
54812,WI,WI,1
54813,WI,WI,1
54814,WI,WI,1
54817,WI,WI,1
54819,WI,WI,1
54820,WI,WI,1
54821,WI,WI,1
54822,WI,WI,1
54824,WI,WI,1
54826,WI,WI,1
54827,WI,WI,1
54828,WI,WI,1
54829,WI,WI,1
54830,WI,WI,1
54832,WI,WI,1
54835,WI,WI,1
54836,WI,WI,1
54837,WI,WI,1
54838,WI,WI,1
54839,WI,WI,1
54840,WI,WI,1
54841,WI,WI,1
54842,WI,WI,1
54843,WI,WI,1
54844,WI,WI,1
54845,WI,WI,1
54846,WI,WI,1
54847,WI,WI,1
54848,WI,WI,1
54849,WI,WI,1
54850,WI,WI,1
54853,WI,WI,1
54854,WI,WI,1
54855,WI,WI,1
54856,WI,WI,1
54857,WI,WI,1
54858,WI,WI,1
54859,WI,WI,1
54861,WI,WI,1
54862,WI,WI,1
54864,WI,WI,1
54865,WI,WI,1
54867,WI,WI,1
54868,WI,WI,1
54870,WI,WI,1
54871,WI,WI,1
54872,WI,WI,1
54873,WI,WI,1
54874,WI,WI,1
54875,WI,WI,1
54876,WI,WI,1
54880,WI,WI,1
54888,WI,WI,1
54889,WI,WI,1
54891,WI,WI,1
54893,WI,WI,1
54895,WI,WI,1
54896,WI,WI,1
54901,WI,WI,1
54902,WI,WI,1
54904,WI,WI,1
54909,WI,WI,1
54911,WI,WI,1
54913,WI,WI,1
54914,WI,WI,1
54915,WI,WI,1
54921,WI,WI,1
54922,WI,WI,1
54923,WI,WI,1
54926,WI,WI,1
54927,WI,WI,1
54928,WI,WI,1
54929,WI,WI,1
54930,WI,WI,1
54931,WI,WI,1
54932,WI,WI,1
54933,WI,WI,1
54935,WI,WI,1
54937,WI,WI,1
54940,WI,WI,1
54941,WI,WI,1
54942,WI,WI,1
54943,WI,WI,1
54944,WI,WI,1
54945,WI,WI,1
54946,WI,WI,1
54947,WI,WI,1
54948,WI,WI,1
54949,WI,WI,1
54950,WI,WI,1
54952,WI,WI,1
54956,WI,WI,1
54960,WI,WI,1
54961,WI,WI,1
54962,WI,WI,1
54963,WI,WI,1
54964,WI,WI,1
54965,WI,WI,1
54966,WI,WI,1
54967,WI,WI,1
54968,WI,WI,1
54970,WI,WI,1
54971,WI,WI,1
54974,WI,WI,1
54977,WI,WI,1
54978,WI,WI,1
54979,WI,WI,1
54980,WI,WI,1
54981,WI,WI,1
54982,WI,WI,1
54983,WI,WI,1
54984,WI,WI,1
54985,WI,WI,1
54986,WI,WI,1
55001,MN,MN,1
55003,MN,MN,1
55005,MN,MN,1
55006,MN,MN,1
55007,MN,MN,1
55008,MN,MN,1
55009,MN,MN,1
55011,MN,MN,1
55012,MN,MN,1
55013,MN,MN,1
55014,MN,MN,1
55016,MN,MN,1
55017,MN,MN,1
55018,MN,MN,1
55019,MN,MN,1
55020,MN,MN,1
55021,MN,MN,1
55024,MN,MN,1
55025,MN,MN,1
55026,MN,MN,1
55027,MN,MN,1
55029,MN,MN,1
55030,MN,MN,1
55031,MN,MN,1
55032,MN,MN,1
55033,MN,MN,1
55036,MN,MN,1
55037,MN,MN,1
55038,MN,MN,1
55040,MN,MN,1
55041,MN,MN,1
55042,MN,MN,1
55043,MN,MN,1
55044,MN,MN,1
55045,MN,MN,1
55046,MN,MN,1
55047,MN,MN,1
55049,MN,MN,1
55051,MN,MN,1
55052,MN,MN,1
55053,MN,MN,1
55054,MN,MN,1
55055,MN,MN,1
55056,MN,MN,1
55057,MN,MN,1
55060,MN,MN,1
55063,MN,MN,1
55065,MN,MN,1
55066,MN,MN,1
55068,MN,MN,1
55069,MN,MN,1
55070,MN,MN,1
55071,MN,MN,1
55072,MN,MN,1
55073,MN,MN,1
55074,MN,MN,1
55075,MN,MN,1
55076,MN,MN,1
55077,MN,MN,1
55079,MN,MN,1
55080,MN,MN,1
55082,MN,MN,1
55084,MN,MN,1
55085,MN,MN,1
55087,MN,MN,1
55088,MN,MN,1
55089,MN,MN,1
55090,MN,MN,1
55092,MN,MN,1
55101,MN,MN,1
55102,MN,MN,1
55103,MN,MN,1
55104,MN,MN,1
55105,MN,MN,1
55106,MN,MN,1
55107,MN,MN,1
55108,MN,MN,1
55109,MN,MN,1
55110,MN,MN,1
55111,MN,MN,1
55112,MN,MN,1
55113,MN,MN,1
55114,MN,MN,1
55115,MN,MN,1
55116,MN,MN,1
55117,MN,MN,1
55118,MN,MN,1
55119,MN,MN,1
55120,MN,MN,1
55121,MN,MN,1
55122,MN,MN,1
55123,MN,MN,1
55124,MN,MN,1
55125,MN,MN,1
55126,MN,MN,1
55127,MN,MN,1
55128,MN,MN,1
55129,MN,MN,1
55130,MN,MN,1
55150,MN,MN,1
55155,MN,MN,1
55301,MN,MN,1
55302,MN,MN,1
55303,MN,MN,1
55304,MN,MN,1
55305,MN,MN,1
55306,MN,MN,1
55307,MN,MN,1
55308,MN,MN,1
55309,MN,MN,1
55310,MN,MN,1
55311,MN,MN,1
55312,MN,MN,1
55313,MN,MN,1
55314,MN,MN,1
55315,MN,MN,1
55316,MN,MN,1
55317,MN,MN,1
55318,MN,MN,1
55319,MN,MN,1
55320,MN,MN,1
55321,MN,MN,1
55322,MN,MN,1
55324,MN,MN,1
55325,MN,MN,1
55327,MN,MN,1
55328,MN,MN,1
55329,MN,MN,1
55330,MN,MN,1
55331,MN,MN,1
55332,MN,MN,1
55333,MN,MN,1
55334,MN,MN,1
55335,MN,MN,1
55336,MN,MN,1
55337,MN,MN,1
55338,MN,MN,1
55339,MN,MN,1
55340,MN,MN,1
55341,MN,MN,1
55342,MN,MN,1
55343,MN,MN,1
55344,MN,MN,1
55345,MN,MN,1
55346,MN,MN,1
55347,MN,MN,1
55349,MN,MN,1
55350,MN,MN,1
55352,MN,MN,1
55353,MN,MN,1
55354,MN,MN,1
55355,MN,MN,1
55356,MN,MN,1
55357,MN,MN,1
55358,MN,MN,1
55359,MN,MN,1
55360,MN,MN,1
55362,MN,MN,1
55363,MN,MN,1
55364,MN,MN,1
55366,MN,MN,1
55367,MN,MN,1
55368,MN,MN,1
55369,MN,MN,1
55370,MN,MN,1
55371,MN,MN,1
55372,MN,MN,1
55373,MN,MN,1
55374,MN,MN,1
55375,MN,MN,1
55376,MN,MN,1
55378,MN,MN,1
55379,MN,MN,1
55381,MN,MN,1
55382,MN,MN,1
55384,MN,MN,1
55385,MN,MN,1
55386,MN,MN,1
55387,MN,MN,1
55388,MN,MN,1
55389,MN,MN,1
55390,MN,MN,1
55391,MN,MN,1
55395,MN,MN,1
55396,MN,MN,1
55397,MN,MN,1
55398,MN,MN,1
55401,MN,MN,1
55402,MN,MN,1
55403,MN,MN,1
55404,MN,MN,1
55405,MN,MN,1
55406,MN,MN,1
55407,MN,MN,1
55408,MN,MN,1
55409,MN,MN,1
55410,MN,MN,1
55411,MN,MN,1
55412,MN,MN,1
55413,MN,MN,1
55414,MN,MN,1
55415,MN,MN,1
55416,MN,MN,1
55417,MN,MN,1
55418,MN,MN,1
55419,MN,MN,1
55420,MN,MN,1
55421,MN,MN,1
55422,MN,MN,1
55423,MN,MN,1
55424,MN,MN,1
55425,MN,MN,1
55426,MN,MN,1
55427,MN,MN,1
55428,MN,MN,1
55429,MN,MN,1
55430,MN,MN,1
55431,MN,MN,1
55432,MN,MN,1
55433,MN,MN,1
55434,MN,MN,1
55435,MN,MN,1
55436,MN,MN,1
55437,MN,MN,1
55438,MN,MN,1
55439,MN,MN,1
55441,MN,MN,1
55442,MN,MN,1
55443,MN,MN,1
55444,MN,MN,1
55445,MN,MN,1
55446,MN,MN,1
55447,MN,MN,1
55448,MN,MN,1
55449,MN,MN,1
55450,MN,MN,1
55454,MN,MN,1
55455,MN,MN,1
55601,MN,MN,1
55602,MN,MN,1
55603,MN,MN,1
55604,MN,MN,1
55605,MN,MN,1
55606,MN,MN,1
55607,MN,MN,1
55609,MN,MN,1
55612,MN,MN,1
55613,MN,MN,1
55614,MN,MN,1
55615,MN,MN,1
55616,MN,MN,1
55702,MN,MN,1
55703,MN,MN,1
55704,MN,MN,1
55705,MN,MN,1
55706,MN,MN,1
55707,MN,MN,1
55708,MN,MN,1
55709,MN,MN,1
55710,MN,MN,1
55711,MN,MN,1
55712,MN,MN,1
55713,MN,MN,1
55716,MN,MN,1
55717,MN,MN,1
55718,MN,MN,1
55719,MN,MN,1
55720,MN,MN,1
55721,MN,MN,1
55722,MN,MN,1
55723,MN,MN,1
55724,MN,MN,1
55725,MN,MN,1
55726,MN,MN,1
55731,MN,MN,1
55732,MN,MN,1
55733,MN,MN,1
55734,MN,MN,1
55735,MN,MN,1
55736,MN,MN,1
55738,MN,MN,1
55741,MN,MN,1
55742,MN,MN,1
55744,MN,MN,1
55746,MN,MN,1
55748,MN,MN,1
55749,MN,MN,1
55750,MN,MN,1
55751,MN,MN,1
55752,MN,MN,1
55753,MN,MN,1
55756,MN,MN,1
55757,MN,MN,1
55758,MN,MN,1
55760,MN,MN,1
55763,MN,MN,1
55764,MN,MN,1
55765,MN,MN,1
55767,MN,MN,1
55768,MN,MN,1
55769,MN,MN,1
55771,MN,MN,1
55772,MN,MN,1
55775,MN,MN,1
55779,MN,MN,1
55780,MN,MN,1
55781,MN,MN,1
55782,MN,MN,1
55783,MN,MN,1
55784,MN,MN,1
55785,MN,MN,1
55786,MN,MN,1
55787,MN,MN,1
55790,MN,MN,1
55792,MN,MN,1
55793,MN,MN,1
55795,MN,MN,1
55796,MN,MN,1
55797,MN,MN,1
55798,MN,MN,1
55802,MN,MN,1
55803,MN,MN,1
55804,MN,MN,1
55805,MN,MN,1
55806,MN,MN,1
55807,MN,MN,1
55808,MN,MN,1
55810,MN,MN,1
55811,MN,MN,1
55812,MN,MN,1
55814,MN,MN,1
55901,MN,MN,1
55902,MN,MN,1
55903,MN,MN,1
55904,MN,MN,1
55905,MN,MN,1
55906,MN,MN,1
55909,MN,MN,1
55910,MN,MN,1
55912,MN,MN,1
55917,MN,MN,1
55918,MN,MN,1
55919,MN,MN,1
55920,MN,MN,1
55921,MN,MN,1
55922,MN,MN,1
55923,MN,MN,1
55924,MN,MN,1
55925,MN,MN,1
55926,MN,MN,1
55927,MN,MN,1
55929,MN,MN,1
55931,MN,MN,1
55932,MN,MN,1
55933,MN,MN,1
55934,MN,MN,1
55935,MN,MN,1
55936,MN,MN,1
55939,MN,MN,1
55940,MN,MN,1
55941,MN,MN,1
55943,MN,MN,1
55944,MN,MN,1
55945,MN,MN,1
55946,MN,MN,1
55947,MN,MN,1
55949,MN,MN,1
55950,MN,MN,1
55951,MN,MN,1
55952,MN,MN,1
55953,MN,MN,1
55954,MN,MN,1
55955,MN,MN,1
55956,MN,MN,1
55957,MN,MN,1
55959,MN,MN,1
55960,MN,MN,1
55961,MN,MN,1
55962,MN,MN,1
55963,MN,MN,1
55964,MN,MN,1
55965,MN,MN,1
55967,MN,MN,1
55968,MN,MN,1
55969,MN,MN,1
55970,MN,MN,1
55971,MN,MN,1
55972,MN,MN,1
55973,MN,MN,1
55974,MN,MN,1
55975,MN,MN,1
55976,MN,MN,1
55977,MN,MN,1
55979,MN,MN,1
55981,MN,MN,1
55982,MN,MN,1
55983,MN,MN,1
55985,MN,MN,1
55987,MN,MN,1
55990,MN,MN,1
55991,MN,MN,1
55992,MN,MN,1
56001,MN,MN,1
56003,MN,MN,1
56007,MN,MN,1
56009,MN,MN,1
56010,MN,MN,1
56011,MN,MN,1
56013,MN,MN,1
56014,MN,MN,1
56016,MN,MN,1
56017,MN,MN,1
56019,MN,MN,1
56020,MN,MN,1
56021,MN,MN,1
56022,MN,MN,1
56023,MN,MN,1
56024,MN,MN,1
56025,MN,MN,1
56026,MN,MN,1
56027,MN,IA|MN,2
56028,MN,MN,1
56029,MN,MN,1
56030,MN,MN,1
56031,MN,MN,1
56032,MN,MN,1
56033,MN,MN,1
56034,MN,MN,1
56035,MN,MN,1
56036,MN,MN,1
56037,MN,MN,1
56039,MN,MN,1
56041,MN,MN,1
56042,MN,MN,1
56043,MN,MN,1
56044,MN,MN,1
56045,MN,MN,1
56046,MN,MN,1
56048,MN,MN,1
56050,MN,MN,1
56051,MN,MN,1
56052,MN,MN,1
56054,MN,MN,1
56055,MN,MN,1
56056,MN,MN,1
56057,MN,MN,1
56058,MN,MN,1
56060,MN,MN,1
56062,MN,MN,1
56063,MN,MN,1
56065,MN,MN,1
56068,MN,MN,1
56069,MN,MN,1
56071,MN,MN,1
56072,MN,MN,1
56073,MN,MN,1
56074,MN,MN,1
56075,MN,MN,1
56078,MN,MN,1
56080,MN,MN,1
56081,MN,MN,1
56082,MN,MN,1
56083,MN,MN,1
56085,MN,MN,1
56087,MN,MN,1
56088,MN,MN,1
56089,MN,MN,1
56090,MN,MN,1
56091,MN,MN,1
56093,MN,MN,1
56096,MN,MN,1
56097,MN,MN,1
56098,MN,MN,1
56101,MN,MN,1
56110,MN,MN,1
56111,MN,MN,1
56113,MN,MN,1
56114,MN,MN,1
56115,MN,MN,1
56116,MN,MN,1
56117,MN,MN,1
56118,MN,MN,1
56119,MN,MN,1
56120,MN,MN,1
56121,MN,MN,1
56122,MN,MN,1
56123,MN,MN,1
56125,MN,MN,1
56127,MN,MN,1
56128,MN,MN,1
56129,MN,MN,1
56131,MN,MN,1
56132,MN,MN,1
56134,MN,MN,1
56136,MN,MN|SD,2
56137,MN,MN,1
56138,MN,MN,1
56139,MN,MN,1
56140,MN,MN,1
56141,MN,MN,1
56142,MN,MN,1
56143,MN,MN,1
56144,MN,MN|SD,2
56145,MN,MN,1
56146,MN,MN,1
56147,MN,MN,1
56149,MN,MN,1
56150,MN,MN,1
56151,MN,MN,1
56152,MN,MN,1
56153,MN,MN,1
56155,MN,MN,1
56156,MN,MN,1
56157,MN,MN,1
56158,MN,MN,1
56159,MN,MN,1
56160,MN,MN,1
56161,MN,MN,1
56162,MN,MN,1
56164,MN,MN|SD,2
56165,MN,MN,1
56166,MN,MN,1
56167,MN,MN,1
56168,MN,MN,1
56169,MN,MN,1
56170,MN,MN,1
56171,MN,MN,1
56172,MN,MN,1
56173,MN,MN,1
56174,MN,MN,1
56175,MN,MN,1
56176,MN,MN,1
56178,MN,MN,1
56180,MN,MN,1
56181,MN,MN,1
56183,MN,MN,1
56185,MN,MN,1
56186,MN,MN,1
56187,MN,MN,1
56201,MN,MN,1
56207,MN,MN,1
56208,MN,MN,1
56209,MN,MN,1
56210,MN,MN,1
56211,MN,MN,1
56212,MN,MN,1
56214,MN,MN,1
56215,MN,MN,1
56216,MN,MN,1
56218,MN,MN,1
56219,SD,MN|SD,2
56220,MN,MN|SD,2
56221,MN,MN,1
56222,MN,MN,1
56223,MN,MN,1
56224,MN,MN,1
56225,MN,MN,1
56226,MN,MN,1
56227,MN,MN,1
56228,MN,MN,1
56229,MN,MN,1
56230,MN,MN,1
56231,MN,MN,1
56232,MN,MN,1
56235,MN,MN,1
56236,MN,MN,1
56237,MN,MN,1
56239,MN,MN,1
56240,MN,MN,1
56241,MN,MN,1
56243,MN,MN,1
56244,MN,MN,1
56245,MN,MN,1
56248,MN,MN,1
56249,MN,MN,1
56251,MN,MN,1
56252,MN,MN,1
56253,MN,MN,1
56255,MN,MN,1
56256,MN,MN,1
56257,MN,MN|SD,2
56258,MN,MN,1
56260,MN,MN,1
56262,MN,MN,1
56263,MN,MN,1
56264,MN,MN,1
56265,MN,MN,1
56266,MN,MN,1
56267,MN,MN,1
56270,MN,MN,1
56271,MN,MN,1
56273,MN,MN,1
56274,MN,MN,1
56276,MN,MN,1
56277,MN,MN,1
56278,MN,MN,1
56279,MN,MN,1
56280,MN,MN,1
56281,MN,MN,1
56282,MN,MN,1
56283,MN,MN,1
56284,MN,MN,1
56285,MN,MN,1
56287,MN,MN,1
56288,MN,MN,1
56289,MN,MN,1
56291,MN,MN,1
56292,MN,MN,1
56293,MN,MN,1
56294,MN,MN,1
56295,MN,MN,1
56296,MN,MN,1
56297,MN,MN,1
56301,MN,MN,1
56303,MN,MN,1
56304,MN,MN,1
56307,MN,MN,1
56308,MN,MN,1
56309,MN,MN,1
56310,MN,MN,1
56311,MN,MN,1
56312,MN,MN,1
56313,MN,MN,1
56314,MN,MN,1
56315,MN,MN,1
56316,MN,MN,1
56318,MN,MN,1
56319,MN,MN,1
56320,MN,MN,1
56321,MN,MN,1
56323,MN,MN,1
56324,MN,MN,1
56325,MN,MN,1
56326,MN,MN,1
56327,MN,MN,1
56328,MN,MN,1
56329,MN,MN,1
56330,MN,MN,1
56331,MN,MN,1
56332,MN,MN,1
56334,MN,MN,1
56335,MN,MN,1
56336,MN,MN,1
56338,MN,MN,1
56339,MN,MN,1
56340,MN,MN,1
56342,MN,MN,1
56343,MN,MN,1
56345,MN,MN,1
56347,MN,MN,1
56349,MN,MN,1
56350,MN,MN,1
56352,MN,MN,1
56353,MN,MN,1
56354,MN,MN,1
56355,MN,MN,1
56356,MN,MN,1
56357,MN,MN,1
56358,MN,MN,1
56359,MN,MN,1
56360,MN,MN,1
56361,MN,MN,1
56362,MN,MN,1
56363,MN,MN,1
56364,MN,MN,1
56367,MN,MN,1
56368,MN,MN,1
56369,MN,MN,1
56371,MN,MN,1
56373,MN,MN,1
56374,MN,MN,1
56375,MN,MN,1
56376,MN,MN,1
56377,MN,MN,1
56378,MN,MN,1
56379,MN,MN,1
56381,MN,MN,1
56382,MN,MN,1
56384,MN,MN,1
56385,MN,MN,1
56386,MN,MN,1
56387,MN,MN,1
56389,MN,MN,1
56401,MN,MN,1
56425,MN,MN,1
56431,MN,MN,1
56433,MN,MN,1
56434,MN,MN,1
56435,MN,MN,1
56437,MN,MN,1
56438,MN,MN,1
56440,MN,MN,1
56441,MN,MN,1
56442,MN,MN,1
56443,MN,MN,1
56444,MN,MN,1
56446,MN,MN,1
56447,MN,MN,1
56448,MN,MN,1
56449,MN,MN,1
56450,MN,MN,1
56452,MN,MN,1
56453,MN,MN,1
56455,MN,MN,1
56458,MN,MN,1
56461,MN,MN,1
56464,MN,MN,1
56465,MN,MN,1
56466,MN,MN,1
56467,MN,MN,1
56468,MN,MN,1
56469,MN,MN,1
56470,MN,MN,1
56472,MN,MN,1
56473,MN,MN,1
56474,MN,MN,1
56475,MN,MN,1
56477,MN,MN,1
56479,MN,MN,1
56481,MN,MN,1
56482,MN,MN,1
56484,MN,MN,1
56501,MN,MN,1
56510,MN,MN,1
56511,MN,MN,1
56514,MN,MN,1
56515,MN,MN,1
56516,MN,MN,1
56517,MN,MN,1
56518,MN,MN,1
56519,MN,MN,1
56520,MN,MN,1
56521,MN,MN,1
56522,MN,MN,1
56523,MN,MN,1
56524,MN,MN,1
56525,MN,MN,1
56527,MN,MN,1
56528,MN,MN,1
56529,MN,MN,1
56531,MN,MN,1
56533,MN,MN,1
56534,MN,MN,1
56535,MN,MN,1
56536,MN,MN,1
56537,MN,MN,1
56540,MN,MN,1
56541,MN,MN,1
56542,MN,MN,1
56543,MN,MN,1
56544,MN,MN,1
56545,MN,MN,1
56546,MN,MN,1
56547,MN,MN,1
56548,MN,MN,1
56549,MN,MN,1
56550,MN,MN,1
56551,MN,MN,1
56552,MN,MN,1
56553,MN,MN,1
56554,MN,MN,1
56556,MN,MN,1
56557,MN,MN,1
56560,MN,MN,1
56562,MN,MN,1
56563,MN,MN,1
56565,MN,MN,1
56566,MN,MN,1
56567,MN,MN,1
56568,MN,MN,1
56569,MN,MN,1
56570,MN,MN,1
56571,MN,MN,1
56572,MN,MN,1
56573,MN,MN,1
56574,MN,MN,1
56575,MN,MN,1
56576,MN,MN,1
56578,MN,MN,1
56579,MN,MN,1
56580,MN,MN,1
56581,MN,MN,1
56583,MN,MN,1
56584,MN,MN,1
56585,MN,MN,1
56586,MN,MN,1
56587,MN,MN,1
56588,MN,MN,1
56589,MN,MN,1
56590,MN,MN,1
56591,MN,MN,1
56592,MN,MN,1
56594,MN,MN,1
56601,MN,MN,1
56621,MN,MN,1
56623,MN,MN,1
56626,MN,MN,1
56627,MN,MN,1
56628,MN,MN,1
56629,MN,MN,1
56630,MN,MN,1
56633,MN,MN,1
56634,MN,MN,1
56636,MN,MN,1
56637,MN,MN,1
56639,MN,MN,1
56641,MN,MN,1
56644,MN,MN,1
56646,MN,MN,1
56647,MN,MN,1
56649,MN,MN,1
56650,MN,MN,1
56651,MN,MN,1
56652,MN,MN,1
56653,MN,MN,1
56654,MN,MN,1
56655,MN,MN,1
56657,MN,MN,1
56658,MN,MN,1
56659,MN,MN,1
56660,MN,MN,1
56661,MN,MN,1
56662,MN,MN,1
56663,MN,MN,1
56666,MN,MN,1
56667,MN,MN,1
56668,MN,MN,1
56669,MN,MN,1
56670,MN,MN,1
56671,MN,MN,1
56672,MN,MN,1
56673,MN,MN,1
56676,MN,MN,1
56678,MN,MN,1
56680,MN,MN,1
56681,MN,MN,1
56683,MN,MN,1
56684,MN,MN,1
56685,MN,MN,1
56686,MN,MN,1
56688,MN,MN,1
56701,MN,MN,1
56710,MN,MN,1
56711,MN,MN,1
56713,MN,MN,1
56714,MN,MN,1
56715,MN,MN,1
56716,MN,MN,1
56720,MN,MN,1
56721,MN,MN,1
56722,MN,MN,1
56723,MN,MN,1
56724,MN,MN,1
56725,MN,MN,1
56726,MN,MN,1
56727,MN,MN,1
56728,MN,MN,1
56729,MN,MN,1
56731,MN,MN,1
56732,MN,MN,1
56733,MN,MN,1
56734,MN,MN,1
56735,MN,MN,1
56736,MN,MN,1
56737,MN,MN,1
56738,MN,MN,1
56742,MN,MN,1
56744,MN,MN|ND,2
56748,MN,MN,1
56750,MN,MN,1
56751,MN,MN,1
56754,MN,MN,1
56755,MN,MN,1
56756,MN,MN,1
56757,MN,MN,1
56758,MN,MN,1
56759,MN,MN,1
56760,MN,MN,1
56761,MN,MN,1
56762,MN,MN,1
56763,MN,MN,1
57001,SD,SD,1
57002,SD,SD,1
57003,SD,SD,1
57004,SD,SD,1
57005,SD,SD,1
57006,SD,SD,1
57007,SD,SD,1
57010,SD,SD,1
57012,SD,SD,1
57013,SD,SD,1
57014,SD,SD,1
57015,SD,SD,1
57016,SD,SD,1
57017,SD,SD,1
57018,SD,SD,1
57020,SD,SD,1
57021,SD,SD,1
57022,SD,SD,1
57024,SD,SD,1
57025,SD,SD,1
57026,SD,MN|SD,2
57027,SD,SD,1
57028,SD,SD,1
57029,SD,SD,1
57030,SD,MN|SD,2
57031,SD,SD,1
57032,SD,SD,1
57033,SD,SD,1
57034,SD,IA|SD,2
57035,SD,SD,1
57036,SD,SD,1
57037,SD,SD,1
57038,SD,SD,1
57039,SD,SD,1
57040,SD,SD,1
57041,SD,SD,1
57042,SD,SD,1
57043,SD,SD,1
57045,SD,SD,1
57046,SD,SD,1
57047,SD,SD,1
57048,SD,SD,1
57049,SD,SD,1
57050,SD,SD,1
57051,SD,SD,1
57052,SD,SD,1
57053,SD,SD,1
57054,SD,SD,1
57055,SD,SD,1
57057,SD,SD,1
57058,SD,SD,1
57059,SD,SD,1
57061,SD,SD,1
57062,SD,SD,1
57063,SD,SD,1
57064,SD,SD,1
57065,SD,SD,1
57066,SD,SD,1
57067,SD,SD,1
57068,SD,MN|SD,2
57069,SD,SD,1
57070,SD,SD,1
57071,SD,SD,1
57072,SD,SD,1
57073,SD,SD,1
57075,SD,SD,1
57076,SD,SD,1
57077,SD,SD,1
57078,SD,SD,1
57103,SD,SD,1
57104,SD,SD,1
57105,SD,SD,1
57106,SD,SD,1
57107,SD,SD,1
57108,SD,SD,1
57110,SD,SD,1
57117,SD,SD,1
57197,SD,SD,1
57201,SD,SD,1
57212,SD,SD,1
57213,SD,SD,1
57214,SD,SD,1
57216,SD,SD,1
57217,SD,SD,1
57218,SD,SD,1
57219,SD,SD,1
57220,SD,SD,1
57221,SD,SD,1
57223,SD,SD,1
57224,SD,SD,1
57225,SD,SD,1
57226,SD,SD,1
57227,SD,SD,1
57231,SD,SD,1
57232,SD,SD,1
57233,SD,SD,1
57234,SD,SD,1
57235,SD,SD,1
57236,SD,SD,1
57237,SD,SD,1
57238,SD,SD,1
57239,SD,SD,1
57241,SD,SD,1
57242,SD,SD,1
57243,SD,SD,1
57245,SD,SD,1
57246,SD,SD,1
57247,SD,SD,1
57248,SD,SD,1
57249,SD,SD,1
57251,SD,SD,1
57252,SD,SD,1
57255,SD,ND|SD,2
57256,SD,SD,1
57257,SD,SD,1
57258,SD,SD,1
57259,SD,SD,1
57260,SD,SD,1
57261,SD,SD,1
57262,SD,SD,1
57263,SD,SD,1
57264,SD,SD,1
57265,SD,SD,1
57266,SD,SD,1
57268,SD,SD,1
57269,SD,SD,1
57270,SD,SD,1
57271,SD,SD,1
57272,SD,SD,1
57273,SD,SD,1
57274,SD,SD,1
57276,SD,SD,1
57278,SD,SD,1
57279,SD,SD,1
57301,SD,SD,1
57311,SD,SD,1
57312,SD,SD,1
57313,SD,SD,1
57314,SD,SD,1
57315,SD,SD,1
57317,SD,SD,1
57319,SD,SD,1
57321,SD,SD,1
57322,SD,SD,1
57323,SD,SD,1
57324,SD,SD,1
57325,SD,SD,1
57328,SD,SD,1
57329,SD,SD,1
57330,SD,SD,1
57331,SD,SD,1
57332,SD,SD,1
57334,SD,SD,1
57335,SD,SD,1
57337,SD,SD,1
57339,SD,SD,1
57340,SD,SD,1
57341,SD,SD,1
57342,SD,SD,1
57344,SD,SD,1
57345,SD,SD,1
57346,SD,SD,1
57348,SD,SD,1
57349,SD,SD,1
57350,SD,SD,1
57353,SD,SD,1
57354,SD,SD,1
57355,SD,SD,1
57356,SD,SD,1
57358,SD,SD,1
57359,SD,SD,1
57361,SD,SD,1
57362,SD,SD,1
57363,SD,SD,1
57364,SD,SD,1
57365,SD,SD,1
57366,SD,SD,1
57367,SD,SD,1
57368,SD,SD,1
57369,SD,SD,1
57370,SD,SD,1
57371,SD,SD,1
57373,SD,SD,1
57374,SD,SD,1
57375,SD,SD,1
57376,SD,SD,1
57379,SD,SD,1
57380,SD,SD,1
57381,SD,SD,1
57382,SD,SD,1
57383,SD,SD,1
57384,SD,SD,1
57385,SD,SD,1
57386,SD,SD,1
57401,SD,SD,1
57420,SD,SD,1
57421,SD,SD,1
57422,SD,SD,1
57424,SD,SD,1
57426,SD,SD,1
57427,SD,SD,1
57428,SD,SD,1
57429,SD,SD,1
57430,SD,ND|SD,2
57432,SD,SD,1
57433,SD,SD,1
57434,SD,SD,1
57435,SD,SD,1
57436,SD,SD,1
57437,SD,SD,1
57438,SD,SD,1
57439,SD,SD,1
57440,SD,SD,1
57441,SD,SD,1
57442,SD,SD,1
57445,SD,SD,1
57446,SD,SD,1
57448,SD,SD,1
57449,SD,SD,1
57450,SD,SD,1
57451,SD,SD,1
57452,SD,SD,1
57454,SD,SD,1
57455,SD,SD,1
57456,SD,SD,1
57457,SD,SD,1
57460,SD,SD,1
57461,SD,SD,1
57465,SD,SD,1
57466,SD,SD,1
57467,SD,SD,1
57468,SD,SD,1
57469,SD,SD,1
57470,SD,SD,1
57471,SD,SD,1
57472,SD,SD,1
57473,SD,SD,1
57474,SD,SD,1
57475,SD,SD,1
57476,SD,SD,1
57477,SD,SD,1
57479,SD,SD,1
57481,SD,SD,1
57501,SD,SD,1
57520,SD,SD,1
57521,SD,SD,1
57522,SD,SD,1
57523,SD,SD,1
57528,SD,SD,1
57529,SD,SD,1
57531,SD,SD,1
57532,SD,SD,1
57533,SD,SD,1
57534,SD,SD,1
57536,SD,SD,1
57537,SD,SD,1
57538,SD,SD,1
57540,SD,SD,1
57541,SD,SD,1
57543,SD,SD,1
57544,SD,SD,1
57547,SD,SD,1
57548,SD,SD,1
57551,SD,SD,1
57552,SD,SD,1
57553,SD,SD,1
57555,SD,SD,1
57559,SD,SD,1
57560,SD,SD,1
57562,SD,SD,1
57563,SD,SD,1
57564,SD,SD,1
57566,SD,SD,1
57567,SD,SD,1
57568,SD,SD,1
57569,SD,SD,1
57570,SD,SD,1
57571,SD,SD,1
57572,SD,SD,1
57574,SD,SD,1
57576,SD,SD,1
57577,SD,SD,1
57579,SD,SD,1
57580,SD,SD,1
57584,SD,SD,1
57585,SD,SD,1
57601,SD,SD,1
57620,SD,SD,1
57621,SD,SD,1
57622,SD,SD,1
57623,SD,SD,1
57625,SD,SD,1
57626,SD,SD,1
57630,SD,SD,1
57631,SD,SD,1
57632,SD,SD,1
57633,SD,SD,1
57634,SD,SD,1
57636,SD,SD,1
57638,SD,ND|SD,2
57639,SD,SD,1
57640,SD,SD,1
57641,SD,ND|SD,2
57642,SD,ND|SD,2
57644,SD,SD,1
57645,SD,ND|SD,2
57646,SD,SD,1
57648,ND,ND|SD,2
57649,SD,SD,1
57650,SD,SD,1
57651,SD,SD,1
57652,SD,SD,1
57656,SD,SD,1
57657,SD,SD,1
57658,SD,SD,1
57659,SD,SD,1
57660,SD,ND|SD,2
57661,SD,SD,1
57701,SD,SD,1
57702,SD,SD,1
57703,SD,SD,1
57706,SD,SD,1
57714,SD,SD,1
57716,SD,SD,1
57717,SD,MT|SD|WY,3
57718,SD,SD,1
57719,SD,SD,1
57720,SD,SD,1
57722,SD,SD,1
57724,SD,MT|SD,2
57725,SD,SD,1
57730,SD,SD,1
57732,SD,SD,1
57735,SD,NE|SD,2
57737,SD,SD,1
57738,SD,SD,1
57741,SD,SD,1
57744,SD,SD,1
57745,SD,SD,1
57747,SD,SD,1
57748,SD,SD,1
57750,SD,SD,1
57751,SD,SD,1
57752,SD,SD,1
57754,SD,SD,1
57755,SD,SD,1
57756,SD,SD,1
57758,SD,SD,1
57759,SD,SD,1
57760,SD,SD,1
57761,SD,SD,1
57762,SD,SD,1
57763,SD,SD,1
57764,SD,SD,1
57766,SD,SD,1
57767,SD,SD,1
57769,SD,SD,1
57770,SD,SD,1
57772,SD,SD,1
57773,SD,SD,1
57775,SD,SD,1
57776,SD,SD,1
57779,SD,SD,1
57780,SD,SD,1
57782,SD,SD,1
57783,SD,SD,1
57785,SD,SD,1
57787,SD,SD,1
57788,SD,SD,1
57790,SD,SD,1
57791,SD,SD,1
57792,SD,SD,1
57793,SD,SD,1
57794,SD,SD,1
57799,SD,SD,1
58001,ND,ND,1
58002,ND,ND,1
58004,ND,ND,1
58005,ND,ND,1
58006,ND,ND,1
58007,ND,ND,1
58008,ND,ND,1
58009,ND,ND,1
58011,ND,ND,1
58012,ND,ND,1
58013,ND,ND,1
58015,ND,ND,1
58016,ND,ND,1
58017,ND,ND,1
58018,ND,ND,1
58021,ND,ND,1
58027,ND,ND,1
58029,ND,ND,1
58030,ND,MN|ND,2
58031,ND,ND,1
58032,ND,ND,1
58033,ND,ND,1
58035,ND,ND,1
58036,ND,ND,1
58038,ND,ND,1
58040,ND,ND,1
58041,ND,ND|SD,2
58042,ND,ND,1
58043,ND,ND|SD,2
58045,ND,ND,1
58046,ND,ND,1
58047,ND,ND,1
58048,ND,ND,1
58049,ND,ND,1
58051,ND,ND,1
58052,ND,ND,1
58053,ND,ND|SD,2
58054,ND,ND,1
58056,ND,ND,1
58057,ND,ND,1
58058,ND,ND,1
58059,ND,ND,1
58060,ND,ND,1
58061,ND,ND,1
58062,ND,ND,1
58063,ND,ND,1
58064,ND,ND,1
58065,ND,ND,1
58067,ND,ND,1
58068,ND,ND,1
58069,ND,ND,1
58071,ND,ND,1
58072,ND,ND,1
58074,ND,ND,1
58075,ND,ND,1
58076,ND,ND,1
58077,ND,ND,1
58078,ND,ND,1
58079,ND,ND,1
58081,ND,ND,1
58102,ND,ND,1
58103,ND,ND,1
58104,ND,ND,1
58105,ND,ND,1
58201,ND,ND,1
58202,ND,ND,1
58203,ND,ND,1
58204,ND,ND,1
58205,ND,ND,1
58210,ND,ND,1
58212,ND,ND,1
58214,ND,ND,1
58216,ND,ND,1
58218,ND,ND,1
58219,ND,ND,1
58220,ND,ND,1
58222,ND,ND,1
58223,ND,ND,1
58224,ND,ND,1
58225,ND,MN|ND,2
58227,ND,ND,1
58228,ND,ND,1
58229,ND,ND,1
58230,ND,ND,1
58231,ND,ND,1
58233,ND,ND,1
58235,ND,ND,1
58236,ND,ND,1
58237,ND,ND,1
58238,ND,ND,1
58239,ND,ND,1
58240,ND,ND,1
58241,ND,ND,1
58243,ND,ND,1
58244,ND,ND,1
58249,ND,ND,1
58250,ND,ND,1
58251,ND,ND,1
58254,ND,ND,1
58255,ND,ND,1
58256,ND,ND,1
58257,ND,ND,1
58258,ND,ND,1
58259,ND,ND,1
58260,ND,ND,1
58261,ND,ND,1
58262,ND,ND,1
58265,ND,ND,1
58266,ND,ND,1
58267,ND,ND,1
58269,ND,ND,1
58270,ND,ND,1
58271,ND,ND,1
58272,ND,ND,1
58273,ND,ND,1
58274,ND,ND,1
58275,ND,ND,1
58276,ND,ND,1
58277,ND,ND,1
58278,ND,ND,1
58281,ND,ND,1
58282,ND,ND,1
58301,ND,ND,1
58310,ND,ND,1
58311,ND,ND,1
58313,ND,ND,1
58316,ND,ND,1
58317,ND,ND,1
58318,ND,ND,1
58321,ND,ND,1
58323,ND,ND,1
58324,ND,ND,1
58325,ND,ND,1
58327,ND,ND,1
58329,ND,ND,1
58330,ND,ND,1
58331,ND,ND,1
58332,ND,ND,1
58335,ND,ND,1
58338,ND,ND,1
58339,ND,ND,1
58341,ND,ND,1
58343,ND,ND,1
58344,ND,ND,1
58345,ND,ND,1
58346,ND,ND,1
58348,ND,ND,1
58351,ND,ND,1
58352,ND,ND,1
58353,ND,ND,1
58355,ND,ND,1
58356,ND,ND,1
58357,ND,ND,1
58361,ND,ND,1
58362,ND,ND,1
58363,ND,ND,1
58365,ND,ND,1
58366,ND,ND,1
58367,ND,ND,1
58368,ND,ND,1
58369,ND,ND,1
58370,ND,ND,1
58372,ND,ND,1
58374,ND,ND,1
58377,ND,ND,1
58379,ND,ND,1
58380,ND,ND,1
58381,ND,ND,1
58382,ND,ND,1
58384,ND,ND,1
58385,ND,ND,1
58386,ND,ND,1
58401,ND,ND,1
58402,ND,ND,1
58405,ND,ND,1
58413,ND,ND|SD,2
58415,ND,ND,1
58416,ND,ND,1
58418,ND,ND,1
58420,ND,ND,1
58421,ND,ND,1
58422,ND,ND,1
58423,ND,ND,1
58424,ND,ND,1
58425,ND,ND,1
58426,ND,ND,1
58428,ND,ND,1
58429,ND,ND,1
58430,ND,ND,1
58431,ND,ND,1
58433,ND,ND,1
58436,ND,ND|SD,2
58438,ND,ND,1
58439,ND,ND|SD,2
58440,ND,ND,1
58441,ND,ND,1
58442,ND,ND,1
58443,ND,ND,1
58444,ND,ND,1
58445,ND,ND,1
58448,ND,ND,1
58451,ND,ND,1
58452,ND,ND,1
58454,ND,ND,1
58455,ND,ND,1
58456,ND,ND,1
58458,ND,ND,1
58460,ND,ND,1
58461,ND,ND,1
58463,ND,ND,1
58464,ND,ND,1
58466,ND,ND,1
58467,ND,ND,1
58472,ND,ND,1
58474,ND,ND,1
58475,ND,ND,1
58476,ND,ND,1
58477,ND,ND,1
58478,ND,ND,1
58479,ND,ND,1
58480,ND,ND,1
58481,ND,ND,1
58482,ND,ND,1
58483,ND,ND,1
58484,ND,ND,1
58486,ND,ND,1
58487,ND,ND,1
58488,ND,ND,1
58490,ND,ND,1
58492,ND,ND,1
58494,ND,ND,1
58495,ND,ND,1
58496,ND,ND,1
58497,ND,ND,1
58501,ND,ND,1
58503,ND,ND,1
58504,ND,ND,1
58505,ND,ND,1
58520,ND,ND,1
58521,ND,ND,1
58523,ND,ND,1
58524,ND,ND,1
58528,ND,ND,1
58529,ND,ND,1
58530,ND,ND,1
58531,ND,ND,1
58532,ND,ND,1
58533,ND,ND,1
58535,ND,ND,1
58538,ND,ND,1
58540,ND,ND,1
58541,ND,ND,1
58542,ND,ND,1
58544,ND,ND,1
58545,ND,ND,1
58549,ND,ND,1
58552,ND,ND,1
58554,ND,ND,1
58558,ND,ND,1
58559,ND,ND,1
58560,ND,ND,1
58561,ND,ND,1
58562,ND,ND,1
58563,ND,ND,1
58564,ND,ND,1
58565,ND,ND,1
58566,ND,ND,1
58568,ND,ND|SD,2
58569,ND,ND,1
58570,ND,ND,1
58571,ND,ND,1
58572,ND,ND,1
58573,ND,ND,1
58575,ND,ND,1
58576,ND,ND,1
58577,ND,ND,1
58579,ND,ND,1
58580,ND,ND,1
58581,ND,ND,1
58601,ND,ND,1
58620,ND,ND,1
58621,ND,MT|ND,2
58622,ND,ND,1
58623,ND,ND|SD,2
58625,ND,ND,1
58626,ND,ND,1
58627,ND,ND,1
58630,ND,ND,1
58631,ND,ND,1
58632,ND,ND,1
58634,ND,ND,1
58636,ND,ND,1
58638,ND,ND,1
58639,ND,ND|SD,2
58640,ND,ND,1
58641,ND,ND,1
58642,ND,ND,1
58643,ND,ND,1
58644,ND,ND,1
58645,ND,ND,1
58646,ND,ND,1
58647,ND,ND,1
58649,ND,ND|SD,2
58650,ND,ND,1
58651,ND,ND,1
58652,ND,ND,1
58653,ND,ND|SD,2
58654,ND,ND,1
58655,ND,ND,1
58656,ND,ND,1
58701,ND,ND,1
58703,ND,ND,1
58704,ND,ND,1
58705,ND,ND,1
58707,ND,ND,1
58710,ND,ND,1
58711,ND,ND,1
58712,ND,ND,1
58713,ND,ND,1
58716,ND,ND,1
58718,ND,ND,1
58721,ND,ND,1
58722,ND,ND,1
58723,ND,ND,1
58725,ND,ND,1
58727,ND,ND,1
58730,ND,ND,1
58731,ND,ND,1
58733,ND,ND,1
58734,ND,ND,1
58735,ND,ND,1
58736,ND,ND,1
58737,ND,ND,1
58740,ND,ND,1
58741,ND,ND,1
58744,ND,ND,1
58746,ND,ND,1
58748,ND,ND,1
58750,ND,ND,1
58752,ND,ND,1
58755,ND,ND,1
58756,ND,ND,1
58757,ND,ND,1
58758,ND,ND,1
58759,ND,ND,1
58760,ND,ND,1
58761,ND,ND,1
58762,ND,ND,1
58763,ND,ND,1
58765,ND,ND,1
58768,ND,ND,1
58769,ND,ND,1
58770,ND,ND,1
58771,ND,ND,1
58772,ND,ND,1
58773,ND,ND,1
58775,ND,ND,1
58776,ND,ND,1
58778,ND,ND,1
58779,ND,ND,1
58781,ND,ND,1
58782,ND,ND,1
58783,ND,ND,1
58784,ND,ND,1
58785,ND,ND,1
58787,ND,ND,1
58788,ND,ND,1
58789,ND,ND,1
58790,ND,ND,1
58792,ND,ND,1
58793,ND,ND,1
58794,ND,ND,1
58795,ND,ND,1
58801,ND,ND,1
58830,ND,ND,1
58831,ND,ND,1
58833,ND,ND,1
58835,ND,ND,1
58838,ND,ND,1
58843,ND,ND,1
58844,ND,ND,1
58845,ND,ND,1
58847,ND,ND,1
58849,ND,ND,1
58852,ND,ND,1
58853,ND,ND,1
58854,ND,ND,1
58856,ND,ND,1
59001,MT,MT,1
59002,MT,MT,1
59003,MT,MT,1
59006,MT,MT,1
59007,MT,MT,1
59008,MT,MT,1
59010,MT,MT,1
59011,MT,MT,1
59012,MT,MT,1
59013,MT,MT,1
59014,MT,MT,1
59015,MT,MT,1
59016,MT,MT,1
59018,MT,MT,1
59019,MT,MT,1
59020,MT,MT,1
59022,MT,MT,1
59024,MT,MT,1
59025,MT,MT,1
59026,MT,MT,1
59027,MT,MT,1
59028,MT,MT,1
59029,MT,MT,1
59030,MT,MT,1
59031,MT,MT,1
59032,MT,MT,1
59033,MT,MT,1
59034,MT,MT,1
59035,MT,MT,1
59036,MT,MT,1
59037,MT,MT,1
59038,MT,MT,1
59039,MT,MT,1
59041,MT,MT,1
59043,MT,MT,1
59044,MT,MT,1
59046,MT,MT,1
59047,MT,MT,1
59050,MT,MT,1
59052,MT,MT,1
59053,MT,MT,1
59054,MT,MT,1
59055,MT,MT,1
59057,MT,MT,1
59058,MT,MT,1
59059,MT,MT,1
59061,MT,MT,1
59062,MT,MT,1
59063,MT,MT,1
59064,MT,MT,1
59065,MT,MT,1
59066,MT,MT,1
59067,MT,MT,1
59068,MT,MT,1
59069,MT,MT,1
59070,MT,MT,1
59071,MT,MT,1
59072,MT,MT,1
59074,MT,MT,1
59075,MT,MT,1
59076,MT,MT,1
59077,MT,MT,1
59078,MT,MT,1
59079,MT,MT,1
59081,MT,MT,1
59082,MT,MT,1
59083,MT,MT,1
59085,MT,MT,1
59086,MT,MT,1
59087,MT,MT,1
59088,MT,MT,1
59089,MT,MT,1
59101,MT,MT,1
59102,MT,MT,1
59105,MT,MT,1
59106,MT,MT,1
59201,MT,MT,1
59211,MT,MT,1
59212,MT,MT,1
59213,MT,MT,1
59214,MT,MT,1
59215,MT,MT,1
59217,MT,MT,1
59218,MT,MT,1
59219,MT,MT,1
59221,MT,MT|ND,2
59222,MT,MT,1
59223,MT,MT,1
59225,MT,MT,1
59226,MT,MT,1
59230,MT,MT,1
59231,MT,MT,1
59240,MT,MT,1
59241,MT,MT,1
59242,MT,MT,1
59243,MT,MT,1
59244,MT,MT,1
59247,MT,MT,1
59248,MT,MT,1
59250,MT,MT,1
59252,MT,MT,1
59253,MT,MT,1
59254,MT,MT,1
59255,MT,MT,1
59256,MT,MT,1
59257,MT,MT,1
59258,MT,MT,1
59259,MT,MT,1
59260,MT,MT,1
59261,MT,MT,1
59262,MT,MT,1
59263,MT,MT,1
59270,MT,MT|ND,2
59273,MT,MT,1
59274,MT,MT,1
59275,MT,MT|ND,2
59276,MT,MT,1
59301,MT,MT,1
59311,MT,MT,1
59312,MT,MT,1
59313,MT,MT,1
59314,MT,MT,1
59315,MT,MT,1
59316,MT,MT,1
59317,MT,MT,1
59318,MT,MT,1
59319,MT,MT,1
59322,MT,MT,1
59323,MT,MT,1
59324,MT,MT,1
59326,MT,MT,1
59327,MT,MT,1
59330,MT,MT,1
59332,MT,MT,1
59333,MT,MT,1
59336,MT,MT,1
59337,MT,MT,1
59338,MT,MT,1
59339,MT,MT,1
59343,MT,MT,1
59344,MT,MT,1
59345,MT,MT,1
59347,MT,MT,1
59349,MT,MT,1
59351,MT,MT,1
59353,MT,MT,1
59354,MT,MT,1
59401,MT,MT,1
59404,MT,MT,1
59405,MT,MT,1
59410,MT,MT,1
59411,MT,MT,1
59412,MT,MT,1
59414,MT,MT,1
59416,MT,MT,1
59417,MT,MT,1
59418,MT,MT,1
59419,MT,MT,1
59420,MT,MT,1
59421,MT,MT,1
59422,MT,MT,1
59424,MT,MT,1
59425,MT,MT,1
59427,MT,MT,1
59430,MT,MT,1
59432,MT,MT,1
59433,MT,MT,1
59434,MT,MT,1
59435,MT,MT,1
59436,MT,MT,1
59440,MT,MT,1
59441,MT,MT,1
59442,MT,MT,1
59443,MT,MT,1
59444,MT,MT,1
59446,MT,MT,1
59447,MT,MT,1
59448,MT,MT,1
59450,MT,MT,1
59451,MT,MT,1
59452,MT,MT,1
59453,MT,MT,1
59454,MT,MT,1
59456,MT,MT,1
59457,MT,MT,1
59460,MT,MT,1
59461,MT,MT,1
59462,MT,MT,1
59463,MT,MT,1
59464,MT,MT,1
59465,MT,MT,1
59466,MT,MT,1
59467,MT,MT,1
59468,MT,MT,1
59469,MT,MT,1
59471,MT,MT,1
59472,MT,MT,1
59474,MT,MT,1
59477,MT,MT,1
59479,MT,MT,1
59480,MT,MT,1
59482,MT,MT,1
59483,MT,MT,1
59484,MT,MT,1
59485,MT,MT,1
59486,MT,MT,1
59487,MT,MT,1
59489,MT,MT,1
59501,MT,MT,1
59520,MT,MT,1
59521,MT,MT,1
59522,MT,MT,1
59523,MT,MT,1
59524,MT,MT,1
59525,MT,MT,1
59526,MT,MT,1
59527,MT,MT,1
59528,MT,MT,1
59529,MT,MT,1
59530,MT,MT,1
59531,MT,MT,1
59532,MT,MT,1
59535,MT,MT,1
59537,MT,MT,1
59538,MT,MT,1
59540,MT,MT,1
59542,MT,MT,1
59544,MT,MT,1
59545,MT,MT,1
59546,MT,MT,1
59547,MT,MT,1
59601,MT,MT,1
59602,MT,MT,1
59623,MT,MT,1
59625,MT,MT,1
59631,MT,MT,1
59632,MT,MT,1
59633,MT,MT,1
59634,MT,MT,1
59635,MT,MT,1
59636,MT,MT,1
59638,MT,MT,1
59639,MT,MT,1
59640,MT,MT,1
59642,MT,MT,1
59643,MT,MT,1
59644,MT,MT,1
59645,MT,MT,1
59647,MT,MT,1
59648,MT,MT,1
59701,MT,MT,1
59710,MT,MT,1
59711,MT,MT,1
59713,MT,MT,1
59714,MT,MT,1
59715,MT,MT,1
59716,MT,MT,1
59718,MT,MT,1
59720,MT,MT,1
59721,MT,MT,1
59722,MT,MT,1
59724,MT,MT,1
59725,MT,MT,1
59727,MT,MT,1
59728,MT,MT,1
59729,MT,MT,1
59730,MT,MT,1
59731,MT,MT,1
59732,MT,MT,1
59733,MT,MT,1
59735,MT,MT,1
59736,MT,MT,1
59739,MT,MT,1
59740,MT,MT,1
59741,MT,MT,1
59743,MT,MT,1
59745,MT,MT,1
59746,MT,MT,1
59747,MT,MT,1
59748,MT,MT,1
59749,MT,MT,1
59750,MT,MT,1
59751,MT,MT,1
59752,MT,MT,1
59754,MT,MT,1
59755,MT,MT,1
59756,MT,MT,1
59758,MT,MT,1
59759,MT,MT,1
59760,MT,MT,1
59761,MT,MT,1
59762,MT,MT,1
59801,MT,MT,1
59802,MT,MT,1
59803,MT,MT,1
59804,MT,MT,1
59808,MT,MT,1
59812,MT,MT,1
59820,MT,MT,1
59821,MT,MT,1
59823,MT,MT,1
59824,MT,MT,1
59825,MT,MT,1
59826,MT,MT,1
59827,MT,MT,1
59828,MT,MT,1
59829,MT,MT,1
59830,MT,MT,1
59831,MT,MT,1
59832,MT,MT,1
59833,MT,MT,1
59834,MT,MT,1
59837,MT,MT,1
59840,MT,MT,1
59841,MT,MT,1
59842,MT,MT,1
59843,MT,MT,1
59844,MT,MT,1
59845,MT,MT,1
59846,MT,MT,1
59847,MT,ID|MT,2
59848,MT,MT,1
59851,MT,MT,1
59853,MT,MT,1
59854,MT,MT,1
59855,MT,MT,1
59856,MT,MT,1
59858,MT,MT,1
59859,MT,MT,1
59860,MT,MT,1
59863,MT,MT,1
59864,MT,MT,1
59865,MT,MT,1
59866,MT,MT,1
59867,MT,MT,1
59868,MT,MT,1
59870,MT,MT,1
59871,MT,MT,1
59872,MT,MT,1
59873,MT,MT,1
59874,MT,MT,1
59875,MT,MT,1
59901,MT,MT,1
59910,MT,MT,1
59911,MT,MT,1
59912,MT,MT,1
59913,MT,MT,1
59914,MT,MT,1
59915,MT,MT,1
59916,MT,MT,1
59917,MT,MT,1
59918,MT,MT,1
59919,MT,MT,1
59920,MT,MT,1
59922,MT,MT,1
59923,MT,MT,1
59925,MT,MT,1
59926,MT,MT,1
59927,MT,MT,1
59928,MT,MT,1
59929,MT,MT,1
59930,MT,MT,1
59931,MT,MT,1
59932,MT,MT,1
59933,MT,MT,1
59934,MT,MT,1
59935,MT,MT,1
59936,MT,MT,1
59937,MT,MT,1
60002,IL,IL,1
60004,IL,IL,1
60005,IL,IL,1
60007,IL,IL,1
60008,IL,IL,1
60010,IL,IL,1
60012,IL,IL,1
60013,IL,IL,1
60014,IL,IL,1
60015,IL,IL,1
60016,IL,IL,1
60018,IL,IL,1
60020,IL,IL,1
60021,IL,IL,1
60022,IL,IL,1
60025,IL,IL,1
60026,IL,IL,1
60029,IL,IL,1
60030,IL,IL,1
60031,IL,IL,1
60033,IL,IL,1
60034,IL,IL,1
60035,IL,IL,1
60040,IL,IL,1
60041,IL,IL,1
60042,IL,IL,1
60043,IL,IL,1
60044,IL,IL,1
60045,IL,IL,1
60046,IL,IL,1
60047,IL,IL,1
60048,IL,IL,1
60050,IL,IL,1
60051,IL,IL,1
60053,IL,IL,1
60056,IL,IL,1
60060,IL,IL,1
60061,IL,IL,1
60062,IL,IL,1
60064,IL,IL,1
60067,IL,IL,1
60068,IL,IL,1
60069,IL,IL,1
60070,IL,IL,1
60071,IL,IL,1
60072,IL,IL,1
60073,IL,IL,1
60074,IL,IL,1
60075,IL,IL,1
60076,IL,IL,1
60077,IL,IL,1
60081,IL,IL,1
60083,IL,IL,1
60084,IL,IL,1
60085,IL,IL,1
60087,IL,IL,1
60088,IL,IL,1
60089,IL,IL,1
60090,IL,IL,1
60091,IL,IL,1
60093,IL,IL,1
60096,IL,IL,1
60097,IL,IL,1
60098,IL,IL,1
60099,IL,IL,1
60101,IL,IL,1
60102,IL,IL,1
60103,IL,IL,1
60104,IL,IL,1
60106,IL,IL,1
60107,IL,IL,1
60108,IL,IL,1
60109,IL,IL,1
60110,IL,IL,1
60111,IL,IL,1
60112,IL,IL,1
60113,IL,IL,1
60115,IL,IL,1
60118,IL,IL,1
60119,IL,IL,1
60120,IL,IL,1
60123,IL,IL,1
60124,IL,IL,1
60126,IL,IL,1
60129,IL,IL,1
60130,IL,IL,1
60131,IL,IL,1
60133,IL,IL,1
60134,IL,IL,1
60135,IL,IL,1
60136,IL,IL,1
60137,IL,IL,1
60139,IL,IL,1
60140,IL,IL,1
60141,IL,IL,1
60142,IL,IL,1
60143,IL,IL,1
60144,IL,IL,1
60145,IL,IL,1
60146,IL,IL,1
60148,IL,IL,1
60150,IL,IL,1
60151,IL,IL,1
60152,IL,IL,1
60153,IL,IL,1
60154,IL,IL,1
60155,IL,IL,1
60156,IL,IL,1
60157,IL,IL,1
60160,IL,IL,1
60162,IL,IL,1
60163,IL,IL,1
60164,IL,IL,1
60165,IL,IL,1
60169,IL,IL,1
60171,IL,IL,1
60172,IL,IL,1
60173,IL,IL,1
60174,IL,IL,1
60175,IL,IL,1
60176,IL,IL,1
60177,IL,IL,1
60178,IL,IL,1
60180,IL,IL,1
60181,IL,IL,1
60183,IL,IL,1
60184,IL,IL,1
60185,IL,IL,1
60187,IL,IL,1
60188,IL,IL,1
60189,IL,IL,1
60190,IL,IL,1
60191,IL,IL,1
60192,IL,IL,1
60193,IL,IL,1
60194,IL,IL,1
60195,IL,IL,1
60201,IL,IL,1
60202,IL,IL,1
60203,IL,IL,1
60208,IL,IL,1
60301,IL,IL,1
60302,IL,IL,1
60304,IL,IL,1
60305,IL,IL,1
60401,IL,IL,1
60402,IL,IL,1
60403,IL,IL,1
60404,IL,IL,1
60406,IL,IL,1
60407,IL,IL,1
60408,IL,IL,1
60409,IL,IL,1
60410,IL,IL,1
60411,IL,IL,1
60415,IL,IL,1
60416,IL,IL,1
60417,IL,IL,1
60418,IL,IL,1
60419,IL,IL,1
60420,IL,IL,1
60421,IL,IL,1
60422,IL,IL,1
60423,IL,IL,1
60424,IL,IL,1
60425,IL,IL,1
60426,IL,IL,1
60428,IL,IL,1
60429,IL,IL,1
60430,IL,IL,1
60431,IL,IL,1
60432,IL,IL,1
60433,IL,IL,1
60435,IL,IL,1
60436,IL,IL,1
60437,IL,IL,1
60438,IL,IL,1
60439,IL,IL,1
60440,IL,IL,1
60441,IL,IL,1
60442,IL,IL,1
60443,IL,IL,1
60444,IL,IL,1
60445,IL,IL,1
60446,IL,IL,1
60447,IL,IL,1
60448,IL,IL,1
60449,IL,IL,1
60450,IL,IL,1
60451,IL,IL,1
60452,IL,IL,1
60453,IL,IL,1
60455,IL,IL,1
60456,IL,IL,1
60457,IL,IL,1
60458,IL,IL,1
60459,IL,IL,1
60460,IL,IL,1
60461,IL,IL,1
60462,IL,IL,1
60463,IL,IL,1
60464,IL,IL,1
60465,IL,IL,1
60466,IL,IL,1
60467,IL,IL,1
60468,IL,IL,1
60469,IL,IL,1
60470,IL,IL,1
60471,IL,IL,1
60472,IL,IL,1
60473,IL,IL,1
60474,IL,IL,1
60475,IL,IL,1
60476,IL,IL,1
60477,IL,IL,1
60478,IL,IL,1
60479,IL,IL,1
60480,IL,IL,1
60481,IL,IL,1
60482,IL,IL,1
60484,IL,IL,1
60487,IL,IL,1
60490,IL,IL,1
60491,IL,IL,1
60501,IL,IL,1
60502,IL,IL,1
60503,IL,IL,1
60504,IL,IL,1
60505,IL,IL,1
60506,IL,IL,1
60510,IL,IL,1
60511,IL,IL,1
60512,IL,IL,1
60513,IL,IL,1
60514,IL,IL,1
60515,IL,IL,1
60516,IL,IL,1
60517,IL,IL,1
60518,IL,IL,1
60519,IL,IL,1
60520,IL,IL,1
60521,IL,IL,1
60523,IL,IL,1
60525,IL,IL,1
60526,IL,IL,1
60527,IL,IL,1
60530,IL,IL,1
60531,IL,IL,1
60532,IL,IL,1
60534,IL,IL,1
60536,IL,IL,1
60537,IL,IL,1
60538,IL,IL,1
60539,IL,IL,1
60540,IL,IL,1
60541,IL,IL,1
60542,IL,IL,1
60543,IL,IL,1
60544,IL,IL,1
60545,IL,IL,1
60546,IL,IL,1
60548,IL,IL,1
60549,IL,IL,1
60550,IL,IL,1
60551,IL,IL,1
60552,IL,IL,1
60553,IL,IL,1
60554,IL,IL,1
60555,IL,IL,1
60556,IL,IL,1
60557,IL,IL,1
60558,IL,IL,1
60559,IL,IL,1
60560,IL,IL,1
60561,IL,IL,1
60563,IL,IL,1
60564,IL,IL,1
60565,IL,IL,1
60585,IL,IL,1
60586,IL,IL,1
60601,IL,IL,1
60602,IL,IL,1
60603,IL,IL,1
60604,IL,IL,1
60605,IL,IL,1
60606,IL,IL,1
60607,IL,IL,1
60608,IL,IL,1
60609,IL,IL,1
60610,IL,IL,1
60611,IL,IL,1
60612,IL,IL,1
60613,IL,IL,1
60614,IL,IL,1
60615,IL,IL,1
60616,IL,IL,1
60617,IL,IL,1
60618,IL,IL,1
60619,IL,IL,1
60620,IL,IL,1
60621,IL,IL,1
60622,IL,IL,1
60623,IL,IL,1
60624,IL,IL,1
60625,IL,IL,1
60626,IL,IL,1
60628,IL,IL,1
60629,IL,IL,1
60630,IL,IL,1
60631,IL,IL,1
60632,IL,IL,1
60633,IL,IL,1
60634,IL,IL,1
60636,IL,IL,1
60637,IL,IL,1
60638,IL,IL,1
60639,IL,IL,1
60640,IL,IL,1
60641,IL,IL,1
60642,IL,IL,1
60643,IL,IL,1
60644,IL,IL,1
60645,IL,IL,1
60646,IL,IL,1
60647,IL,IL,1
60649,IL,IL,1
60651,IL,IL,1
60652,IL,IL,1
60653,IL,IL,1
60654,IL,IL,1
60655,IL,IL,1
60656,IL,IL,1
60657,IL,IL,1
60659,IL,IL,1
60660,IL,IL,1
60661,IL,IL,1
60706,IL,IL,1
60707,IL,IL,1
60712,IL,IL,1
60714,IL,IL,1
60803,IL,IL,1
60804,IL,IL,1
60805,IL,IL,1
60827,IL,IL,1
60901,IL,IL,1
60910,IL,IL,1
60911,IL,IL,1
60912,IL,IL,1
60913,IL,IL,1
60914,IL,IL,1
60915,IL,IL,1
60917,IL,IL,1
60918,IL,IL,1
60919,IL,IL,1
60920,IL,IL,1
60921,IL,IL,1
60922,IL,IL,1
60924,IL,IL,1
60926,IL,IL,1
60927,IL,IL,1
60928,IL,IL,1
60929,IL,IL,1
60930,IL,IL,1
60931,IL,IL,1
60932,IL,IL,1
60933,IL,IL,1
60934,IL,IL,1
60935,IL,IL,1
60936,IL,IL,1
60938,IL,IL,1
60939,IL,IL,1
60940,IL,IL,1
60941,IL,IL,1
60942,IL,IL,1
60945,IL,IL,1
60946,IL,IL,1
60948,IL,IL,1
60949,IL,IL,1
60950,IL,IL,1
60951,IL,IL,1
60952,IL,IL,1
60953,IL,IL,1
60954,IL,IL,1
60955,IL,IL,1
60956,IL,IL,1
60957,IL,IL,1
60958,IL,IL,1
60959,IL,IL,1
60960,IL,IL,1
60961,IL,IL,1
60962,IL,IL,1
60963,IL,IL,1
60964,IL,IL,1
60966,IL,IL,1
60967,IL,IL,1
60968,IL,IL,1
60969,IL,IL,1
60970,IL,IL,1
60973,IL,IL,1
60974,IL,IL,1
61001,IL,IL,1
61006,IL,IL,1
61007,IL,IL,1
61008,IL,IL,1
61010,IL,IL,1
61011,IL,IL,1
61012,IL,IL,1
61013,IL,IL,1
61014,IL,IL,1
61015,IL,IL,1
61016,IL,IL,1
61018,IL,IL,1
61019,IL,IL,1
61020,IL,IL,1
61021,IL,IL,1
61024,IL,IL,1
61025,IL,IL,1
61027,IL,IL,1
61028,IL,IL,1
61030,IL,IL,1
61031,IL,IL,1
61032,IL,IL,1
61036,IL,IL,1
61037,IL,IL,1
61038,IL,IL,1
61039,IL,IL,1
61041,IL,IL,1
61042,IL,IL,1
61043,IL,IL,1
61044,IL,IL,1
61046,IL,IL,1
61047,IL,IL,1
61048,IL,IL,1
61049,IL,IL,1
61050,IL,IL,1
61051,IL,IL,1
61052,IL,IL,1
61053,IL,IL,1
61054,IL,IL,1
61057,IL,IL,1
61059,IL,IL,1
61060,IL,IL,1
61061,IL,IL,1
61062,IL,IL,1
61063,IL,IL,1
61064,IL,IL,1
61065,IL,IL,1
61067,IL,IL,1
61068,IL,IL,1
61070,IL,IL,1
61071,IL,IL,1
61072,IL,IL,1
61073,IL,IL,1
61074,IL,IL,1
61075,IL,IL,1
61077,IL,IL,1
61078,IL,IL,1
61079,IL,IL,1
61080,IL,IL,1
61081,IL,IL,1
61084,IL,IL,1
61085,IL,IL,1
61087,IL,IL,1
61088,IL,IL,1
61089,IL,IL,1
61091,IL,IL,1
61101,IL,IL,1
61102,IL,IL,1
61103,IL,IL,1
61104,IL,IL,1
61107,IL,IL,1
61108,IL,IL,1
61109,IL,IL,1
61111,IL,IL,1
61112,IL,IL,1
61114,IL,IL,1
61115,IL,IL,1
61201,IL,IL,1
61230,IL,IL,1
61231,IL,IL,1
61232,IL,IL,1
61233,IL,IL,1
61234,IL,IL,1
61235,IL,IL,1
61236,IL,IL,1
61237,IL,IL,1
61238,IL,IL,1
61239,IL,IL,1
61240,IL,IL,1
61241,IL,IL,1
61242,IL,IL,1
61243,IL,IL,1
61244,IL,IL,1
61250,IL,IL,1
61251,IL,IL,1
61252,IL,IL,1
61254,IL,IL,1
61256,IL,IL,1
61257,IL,IL,1
61258,IL,IL,1
61259,IL,IL,1
61260,IL,IL,1
61261,IL,IL,1
61262,IL,IL,1
61263,IL,IL,1
61264,IL,IL,1
61265,IL,IL,1
61270,IL,IL,1
61272,IL,IL,1
61273,IL,IL,1
61274,IL,IL,1
61275,IL,IL,1
61276,IL,IL,1
61277,IL,IL,1
61278,IL,IL,1
61279,IL,IL,1
61281,IL,IL,1
61282,IL,IL,1
61283,IL,IL,1
61284,IL,IL,1
61285,IL,IL,1
61301,IL,IL,1
61310,IL,IL,1
61311,IL,IL,1
61312,IL,IL,1
61313,IL,IL,1
61314,IL,IL,1
61315,IL,IL,1
61316,IL,IL,1
61317,IL,IL,1
61318,IL,IL,1
61319,IL,IL,1
61320,IL,IL,1
61321,IL,IL,1
61322,IL,IL,1
61323,IL,IL,1
61324,IL,IL,1
61325,IL,IL,1
61326,IL,IL,1
61327,IL,IL,1
61328,IL,IL,1
61329,IL,IL,1
61330,IL,IL,1
61331,IL,IL,1
61332,IL,IL,1
61333,IL,IL,1
61334,IL,IL,1
61335,IL,IL,1
61336,IL,IL,1
61337,IL,IL,1
61338,IL,IL,1
61340,IL,IL,1
61341,IL,IL,1
61342,IL,IL,1
61344,IL,IL,1
61345,IL,IL,1
61346,IL,IL,1
61348,IL,IL,1
61349,IL,IL,1
61350,IL,IL,1
61353,IL,IL,1
61354,IL,IL,1
61356,IL,IL,1
61358,IL,IL,1
61359,IL,IL,1
61360,IL,IL,1
61361,IL,IL,1
61362,IL,IL,1
61363,IL,IL,1
61364,IL,IL,1
61367,IL,IL,1
61368,IL,IL,1
61369,IL,IL,1
61370,IL,IL,1
61371,IL,IL,1
61372,IL,IL,1
61373,IL,IL,1
61374,IL,IL,1
61375,IL,IL,1
61376,IL,IL,1
61377,IL,IL,1
61378,IL,IL,1
61379,IL,IL,1
61401,IL,IL,1
61402,IL,IL,1
61410,IL,IL,1
61411,IL,IL,1
61412,IL,IL,1
61413,IL,IL,1
61414,IL,IL,1
61415,IL,IL,1
61416,IL,IL,1
61417,IL,IL,1
61418,IL,IL,1
61419,IL,IL,1
61420,IL,IL,1
61421,IL,IL,1
61422,IL,IL,1
61423,IL,IL,1
61424,IL,IL,1
61425,IL,IL,1
61426,IL,IL,1
61427,IL,IL,1
61428,IL,IL,1
61430,IL,IL,1
61431,IL,IL,1
61432,IL,IL,1
61433,IL,IL,1
61434,IL,IL,1
61435,IL,IL,1
61436,IL,IL,1
61437,IL,IL,1
61438,IL,IL,1
61439,IL,IL,1
61440,IL,IL,1
61441,IL,IL,1
61442,IL,IL,1
61443,IL,IL,1
61447,IL,IL,1
61448,IL,IL,1
61449,IL,IL,1
61450,IL,IL,1
61451,IL,IL,1
61452,IL,IL,1
61453,IL,IL,1
61454,IL,IL,1
61455,IL,IL,1
61458,IL,IL,1
61459,IL,IL,1
61460,IL,IL,1
61462,IL,IL,1
61465,IL,IL,1
61466,IL,IL,1
61467,IL,IL,1
61468,IL,IL,1
61469,IL,IL,1
61470,IL,IL,1
61471,IL,IL,1
61472,IL,IL,1
61473,IL,IL,1
61474,IL,IL,1
61475,IL,IL,1
61476,IL,IL,1
61477,IL,IL,1
61478,IL,IL,1
61479,IL,IL,1
61480,IL,IL,1
61482,IL,IL,1
61483,IL,IL,1
61484,IL,IL,1
61485,IL,IL,1
61486,IL,IL,1
61488,IL,IL,1
61489,IL,IL,1
61490,IL,IL,1
61491,IL,IL,1
61501,IL,IL,1
61516,IL,IL,1
61517,IL,IL,1
61519,IL,IL,1
61520,IL,IL,1
61523,IL,IL,1
61524,IL,IL,1
61525,IL,IL,1
61526,IL,IL,1
61528,IL,IL,1
61529,IL,IL,1
61530,IL,IL,1
61531,IL,IL,1
61532,IL,IL,1
61533,IL,IL,1
61534,IL,IL,1
61535,IL,IL,1
61536,IL,IL,1
61537,IL,IL,1
61539,IL,IL,1
61540,IL,IL,1
61541,IL,IL,1
61542,IL,IL,1
61543,IL,IL,1
61544,IL,IL,1
61545,IL,IL,1
61546,IL,IL,1
61547,IL,IL,1
61548,IL,IL,1
61550,IL,IL,1
61552,IL,IL,1
61553,IL,IL,1
61554,IL,IL,1
61559,IL,IL,1
61560,IL,IL,1
61561,IL,IL,1
61562,IL,IL,1
61563,IL,IL,1
61564,IL,IL,1
61565,IL,IL,1
61567,IL,IL,1
61568,IL,IL,1
61569,IL,IL,1
61570,IL,IL,1
61571,IL,IL,1
61572,IL,IL,1
61602,IL,IL,1
61603,IL,IL,1
61604,IL,IL,1
61605,IL,IL,1
61606,IL,IL,1
61607,IL,IL,1
61610,IL,IL,1
61611,IL,IL,1
61614,IL,IL,1
61615,IL,IL,1
61616,IL,IL,1
61625,IL,IL,1
61701,IL,IL,1
61704,IL,IL,1
61705,IL,IL,1
61720,IL,IL,1
61721,IL,IL,1
61722,IL,IL,1
61723,IL,IL,1
61724,IL,IL,1
61725,IL,IL,1
61726,IL,IL,1
61727,IL,IL,1
61728,IL,IL,1
61729,IL,IL,1
61730,IL,IL,1
61731,IL,IL,1
61732,IL,IL,1
61733,IL,IL,1
61734,IL,IL,1
61735,IL,IL,1
61736,IL,IL,1
61737,IL,IL,1
61738,IL,IL,1
61739,IL,IL,1
61740,IL,IL,1
61741,IL,IL,1
61742,IL,IL,1
61743,IL,IL,1
61744,IL,IL,1
61745,IL,IL,1
61747,IL,IL,1
61748,IL,IL,1
61749,IL,IL,1
61750,IL,IL,1
61751,IL,IL,1
61752,IL,IL,1
61753,IL,IL,1
61754,IL,IL,1
61755,IL,IL,1
61756,IL,IL,1
61759,IL,IL,1
61760,IL,IL,1
61761,IL,IL,1
61764,IL,IL,1
61769,IL,IL,1
61770,IL,IL,1
61771,IL,IL,1
61772,IL,IL,1
61773,IL,IL,1
61774,IL,IL,1
61775,IL,IL,1
61776,IL,IL,1
61777,IL,IL,1
61778,IL,IL,1
61801,IL,IL,1
61802,IL,IL,1
61810,IL,IL,1
61811,IL,IL,1
61812,IL,IL,1
61813,IL,IL,1
61814,IL,IL,1
61815,IL,IL,1
61816,IL,IL,1
61817,IL,IL,1
61818,IL,IL,1
61820,IL,IL,1
61821,IL,IL,1
61822,IL,IL,1
61830,IL,IL,1
61831,IL,IL,1
61832,IL,IL,1
61833,IL,IL,1
61834,IL,IL,1
61839,IL,IL,1
61840,IL,IL,1
61841,IL,IL,1
61842,IL,IL,1
61843,IL,IL,1
61844,IL,IL,1
61845,IL,IL,1
61846,IL,IL,1
61847,IL,IL,1
61848,IL,IL,1
61849,IL,IL,1
61850,IL,IL,1
61851,IL,IL,1
61852,IL,IL,1
61853,IL,IL,1
61854,IL,IL,1
61855,IL,IL,1
61856,IL,IL,1
61857,IL,IL,1
61858,IL,IL,1
61859,IL,IL,1
61862,IL,IL,1
61863,IL,IL,1
61864,IL,IL,1
61865,IL,IL,1
61866,IL,IL,1
61870,IL,IL,1
61871,IL,IL,1
61872,IL,IL,1
61873,IL,IL,1
61874,IL,IL,1
61875,IL,IL,1
61876,IL,IL,1
61877,IL,IL,1
61878,IL,IL,1
61880,IL,IL,1
61882,IL,IL,1
61883,IL,IL,1
61884,IL,IL,1
61910,IL,IL,1
61911,IL,IL,1
61912,IL,IL,1
61913,IL,IL,1
61914,IL,IL,1
61917,IL,IL,1
61919,IL,IL,1
61920,IL,IL,1
61924,IL,IL,1
61925,IL,IL,1
61928,IL,IL,1
61929,IL,IL,1
61930,IL,IL,1
61931,IL,IL,1
61932,IL,IL,1
61933,IL,IL,1
61936,IL,IL,1
61937,IL,IL,1
61938,IL,IL,1
61940,IL,IL,1
61941,IL,IL,1
61942,IL,IL,1
61943,IL,IL,1
61944,IL,IL,1
61949,IL,IL,1
61951,IL,IL,1
61953,IL,IL,1
61955,IL,IL,1
61956,IL,IL,1
61957,IL,IL,1
62001,IL,IL,1
62002,IL,IL,1
62006,IL,IL,1
62009,IL,IL,1
62010,IL,IL,1
62011,IL,IL,1
62012,IL,IL,1
62013,IL,IL,1
62014,IL,IL,1
62015,IL,IL,1
62016,IL,IL,1
62017,IL,IL,1
62018,IL,IL,1
62019,IL,IL,1
62021,IL,IL,1
62022,IL,IL,1
62023,IL,IL,1
62024,IL,IL,1
62025,IL,IL,1
62026,IL,IL,1
62027,IL,IL,1
62028,IL,IL,1
62030,IL,IL,1
62031,IL,IL,1
62032,IL,IL,1
62033,IL,IL,1
62034,IL,IL,1
62035,IL,IL,1
62036,IL,IL,1
62037,IL,IL,1
62040,IL,IL,1
62044,IL,IL,1
62045,IL,IL,1
62046,IL,IL,1
62047,IL,IL,1
62048,IL,IL,1
62049,IL,IL,1
62050,IL,IL,1
62051,IL,IL,1
62052,IL,IL,1
62053,IL,IL,1
62054,IL,IL,1
62056,IL,IL,1
62058,IL,IL,1
62059,IL,IL,1
62060,IL,IL,1
62061,IL,IL,1
62062,IL,IL,1
62063,IL,IL,1
62067,IL,IL,1
62069,IL,IL,1
62074,IL,IL,1
62075,IL,IL,1
62076,IL,IL,1
62077,IL,IL,1
62078,IL,IL,1
62079,IL,IL,1
62080,IL,IL,1
62081,IL,IL,1
62082,IL,IL,1
62083,IL,IL,1
62084,IL,IL,1
62085,IL,IL,1
62086,IL,IL,1
62087,IL,IL,1
62088,IL,IL,1
62089,IL,IL,1
62090,IL,IL,1
62091,IL,IL,1
62092,IL,IL,1
62093,IL,IL,1
62094,IL,IL,1
62095,IL,IL,1
62097,IL,IL,1
62098,IL,IL,1
62201,IL,IL,1
62203,IL,IL,1
62204,IL,IL,1
62205,IL,IL,1
62206,IL,IL,1
62207,IL,IL,1
62208,IL,IL,1
62214,IL,IL,1
62215,IL,IL,1
62216,IL,IL,1
62217,IL,IL,1
62218,IL,IL,1
62219,IL,IL,1
62220,IL,IL,1
62221,IL,IL,1
62223,IL,IL,1
62225,IL,IL,1
62226,IL,IL,1
62230,IL,IL,1
62231,IL,IL,1
62232,IL,IL,1
62233,IL,IL,1
62234,IL,IL,1
62236,IL,IL,1
62237,IL,IL,1
62238,IL,IL,1
62239,IL,IL,1
62240,IL,IL,1
62241,IL,IL,1
62242,IL,IL,1
62243,IL,IL,1
62244,IL,IL,1
62245,IL,IL,1
62246,IL,IL,1
62248,IL,IL,1
62249,IL,IL,1
62250,IL,IL,1
62253,IL,IL,1
62254,IL,IL,1
62255,IL,IL,1
62256,IL,IL,1
62257,IL,IL,1
62258,IL,IL,1
62260,IL,IL,1
62261,IL,IL,1
62262,IL,IL,1
62263,IL,IL,1
62264,IL,IL,1
62265,IL,IL,1
62266,IL,IL,1
62268,IL,IL,1
62269,IL,IL,1
62271,IL,IL,1
62272,IL,IL,1
62273,IL,IL,1
62274,IL,IL,1
62275,IL,IL,1
62277,IL,IL,1
62278,IL,IL,1
62279,IL,IL,1
62280,IL,IL,1
62281,IL,IL,1
62282,IL,IL,1
62284,IL,IL,1
62285,IL,IL,1
62286,IL,IL,1
62288,IL,IL,1
62289,IL,IL,1
62292,IL,IL,1
62293,IL,IL,1
62294,IL,IL,1
62295,IL,IL,1
62297,IL,IL,1
62298,IL,IL,1
62301,IL,IL,1
62305,IL,IL,1
62311,IL,IL,1
62312,IL,IL,1
62313,IL,IL,1
62314,IL,IL,1
62316,IL,IL,1
62319,IL,IL,1
62320,IL,IL,1
62321,IL,IL,1
62323,IL,IL,1
62324,IL,IL,1
62325,IL,IL,1
62326,IL,IL,1
62330,IL,IL,1
62334,IL,IL,1
62336,IL,IL,1
62338,IL,IL,1
62339,IL,IL,1
62340,IL,IL,1
62341,IL,IL,1
62343,IL,IL,1
62344,IL,IL,1
62345,IL,IL,1
62346,IL,IL,1
62347,IL,IL,1
62348,IL,IL,1
62349,IL,IL,1
62351,IL,IL,1
62352,IL,IL,1
62353,IL,IL,1
62354,IL,IL,1
62355,IL,IL,1
62356,IL,IL,1
62357,IL,IL,1
62358,IL,IL,1
62359,IL,IL,1
62360,IL,IL,1
62361,IL,IL,1
62362,IL,IL,1
62363,IL,IL,1
62365,IL,IL,1
62366,IL,IL,1
62367,IL,IL,1
62370,IL,IL,1
62373,IL,IL,1
62374,IL,IL,1
62375,IL,IL,1
62376,IL,IL,1
62378,IL,IL,1
62379,IL,IL,1
62380,IL,IL,1
62401,IL,IL,1
62410,IL,IL,1
62411,IL,IL,1
62413,IL,IL,1
62414,IL,IL,1
62417,IL,IL,1
62418,IL,IL,1
62419,IL,IL,1
62420,IL,IL,1
62421,IL,IL,1
62422,IL,IL,1
62423,IL,IL,1
62424,IL,IL,1
62425,IL,IL,1
62426,IL,IL,1
62427,IL,IL,1
62428,IL,IL,1
62431,IL,IL,1
62432,IL,IL,1
62433,IL,IL,1
62434,IL,IL,1
62436,IL,IL,1
62438,IL,IL,1
62439,IL,IL,1
62440,IL,IL,1
62441,IL,IL,1
62442,IL,IL,1
62443,IL,IL,1
62444,IL,IL,1
62445,IL,IL,1
62446,IL,IL,1
62447,IL,IL,1
62448,IL,IL,1
62449,IL,IL,1
62450,IL,IL,1
62451,IL,IL,1
62452,IL,IL,1
62454,IL,IL,1
62458,IL,IL,1
62459,IL,IL,1
62460,IL,IL,1
62461,IL,IL,1
62462,IL,IL,1
62463,IL,IL,1
62464,IL,IL,1
62465,IL,IL,1
62466,IL,IL,1
62467,IL,IL,1
62468,IL,IL,1
62469,IL,IL,1
62471,IL,IL,1
62473,IL,IL,1
62474,IL,IL,1
62475,IL,IL,1
62476,IL,IL,1
62477,IL,IL,1
62478,IL,IL,1
62479,IL,IL,1
62480,IL,IL,1
62481,IL,IL,1
62501,IL,IL,1
62510,IL,IL,1
62512,IL,IL,1
62513,IL,IL,1
62514,IL,IL,1
62515,IL,IL,1
62517,IL,IL,1
62518,IL,IL,1
62519,IL,IL,1
62520,IL,IL,1
62521,IL,IL,1
62522,IL,IL,1
62523,IL,IL,1
62526,IL,IL,1
62530,IL,IL,1
62531,IL,IL,1
62532,IL,IL,1
62533,IL,IL,1
62534,IL,IL,1
62535,IL,IL,1
62536,IL,IL,1
62537,IL,IL,1
62538,IL,IL,1
62539,IL,IL,1
62540,IL,IL,1
62541,IL,IL,1
62543,IL,IL,1
62544,IL,IL,1
62545,IL,IL,1
62546,IL,IL,1
62547,IL,IL,1
62548,IL,IL,1
62549,IL,IL,1
62550,IL,IL,1
62551,IL,IL,1
62553,IL,IL,1
62554,IL,IL,1
62555,IL,IL,1
62556,IL,IL,1
62557,IL,IL,1
62558,IL,IL,1
62560,IL,IL,1
62561,IL,IL,1
62563,IL,IL,1
62565,IL,IL,1
62567,IL,IL,1
62568,IL,IL,1
62570,IL,IL,1
62571,IL,IL,1
62572,IL,IL,1
62573,IL,IL,1
62601,IL,IL,1
62610,IL,IL,1
62611,IL,IL,1
62612,IL,IL,1
62613,IL,IL,1
62615,IL,IL,1
62617,IL,IL,1
62618,IL,IL,1
62621,IL,IL,1
62622,IL,IL,1
62624,IL,IL,1
62625,IL,IL,1
62626,IL,IL,1
62627,IL,IL,1
62628,IL,IL,1
62629,IL,IL,1
62630,IL,IL,1
62631,IL,IL,1
62633,IL,IL,1
62634,IL,IL,1
62635,IL,IL,1
62638,IL,IL,1
62639,IL,IL,1
62640,IL,IL,1
62642,IL,IL,1
62643,IL,IL,1
62644,IL,IL,1
62649,IL,IL,1
62650,IL,IL,1
62655,IL,IL,1
62656,IL,IL,1
62661,IL,IL,1
62663,IL,IL,1
62664,IL,IL,1
62665,IL,IL,1
62666,IL,IL,1
62667,IL,IL,1
62668,IL,IL,1
62670,IL,IL,1
62671,IL,IL,1
62672,IL,IL,1
62673,IL,IL,1
62674,IL,IL,1
62675,IL,IL,1
62677,IL,IL,1
62681,IL,IL,1
62682,IL,IL,1
62684,IL,IL,1
62685,IL,IL,1
62688,IL,IL,1
62689,IL,IL,1
62690,IL,IL,1
62691,IL,IL,1
62692,IL,IL,1
62693,IL,IL,1
62694,IL,IL,1
62695,IL,IL,1
62701,IL,IL,1
62702,IL,IL,1
62703,IL,IL,1
62704,IL,IL,1
62706,IL,IL,1
62707,IL,IL,1
62711,IL,IL,1
62712,IL,IL,1
62801,IL,IL,1
62803,IL,IL,1
62806,IL,IL,1
62807,IL,IL,1
62808,IL,IL,1
62809,IL,IL,1
62810,IL,IL,1
62811,IL,IL,1
62812,IL,IL,1
62814,IL,IL,1
62815,IL,IL,1
62816,IL,IL,1
62817,IL,IL,1
62818,IL,IL,1
62819,IL,IL,1
62820,IL,IL,1
62821,IL,IL,1
62822,IL,IL,1
62823,IL,IL,1
62824,IL,IL,1
62825,IL,IL,1
62827,IL,IL,1
62828,IL,IL,1
62829,IL,IL,1
62830,IL,IL,1
62831,IL,IL,1
62832,IL,IL,1
62833,IL,IL,1
62835,IL,IL,1
62836,IL,IL,1
62837,IL,IL,1
62838,IL,IL,1
62839,IL,IL,1
62841,IL,IL,1
62842,IL,IL,1
62843,IL,IL,1
62844,IL,IL,1
62846,IL,IL,1
62848,IL,IL,1
62849,IL,IL,1
62850,IL,IL,1
62851,IL,IL,1
62852,IL,IL,1
62853,IL,IL,1
62854,IL,IL,1
62856,IL,IL,1
62858,IL,IL,1
62859,IL,IL,1
62860,IL,IL,1
62861,IL,IL,1
62862,IL,IL,1
62863,IL,IL,1
62864,IL,IL,1
62865,IL,IL,1
62867,IL,IL,1
62868,IL,IL,1
62869,IL,IL,1
62870,IL,IL,1
62871,IL,IL,1
62872,IL,IL,1
62874,IL,IL,1
62875,IL,IL,1
62876,IL,IL,1
62877,IL,IL,1
62878,IL,IL,1
62879,IL,IL,1
62880,IL,IL,1
62881,IL,IL,1
62882,IL,IL,1
62883,IL,IL,1
62884,IL,IL,1
62885,IL,IL,1
62886,IL,IL,1
62887,IL,IL,1
62888,IL,IL,1
62889,IL,IL,1
62890,IL,IL,1
62891,IL,IL,1
62892,IL,IL,1
62893,IL,IL,1
62894,IL,IL,1
62895,IL,IL,1
62896,IL,IL,1
62897,IL,IL,1
62898,IL,IL,1
62899,IL,IL,1
62901,IL,IL,1
62902,IL,IL,1
62903,IL,IL,1
62905,IL,IL,1
62906,IL,IL,1
62907,IL,IL,1
62908,IL,IL,1
62910,IL,IL,1
62912,IL,IL,1
62914,IL,IL,1
62915,IL,IL,1
62916,IL,IL,1
62917,IL,IL,1
62918,IL,IL,1
62919,IL,IL,1
62920,IL,IL,1
62921,IL,IL,1
62922,IL,IL,1
62923,IL,IL,1
62924,IL,IL,1
62926,IL,IL,1
62927,IL,IL,1
62928,IL,IL,1
62930,IL,IL,1
62931,IL,IL,1
62932,IL,IL,1
62933,IL,IL,1
62934,IL,IL,1
62935,IL,IL,1
62938,IL,IL,1
62939,IL,IL,1
62940,IL,IL,1
62941,IL,IL,1
62942,IL,IL,1
62943,IL,IL,1
62946,IL,IL,1
62947,IL,IL,1
62948,IL,IL,1
62949,IL,IL,1
62950,IL,IL,1
62951,IL,IL,1
62952,IL,IL,1
62953,IL,IL,1
62954,IL,IL,1
62956,IL,IL,1
62957,IL,IL,1
62958,IL,IL,1
62959,IL,IL,1
62960,IL,IL,1
62961,IL,IL,1
62962,IL,IL,1
62963,IL,IL,1
62964,IL,IL,1
62965,IL,IL,1
62966,IL,IL,1
62967,IL,IL,1
62969,IL,IL,1
62970,IL,IL,1
62972,IL,IL,1
62974,IL,IL,1
62975,IL,IL,1
62976,IL,IL,1
62977,IL,IL,1
62979,IL,IL,1
62982,IL,IL,1
62983,IL,IL,1
62984,IL,IL,1
62985,IL,IL,1
62987,IL,IL,1
62988,IL,IL,1
62990,IL,IL,1
62992,IL,IL,1
62994,IL,IL,1
62995,IL,IL,1
62996,IL,IL,1
62997,IL,IL,1
62998,IL,IL,1
62999,IL,IL,1
63005,MO,MO,1
63010,MO,MO,1
63011,MO,MO,1
63012,MO,MO,1
63013,MO,MO,1
63014,MO,MO,1
63015,MO,MO,1
63016,MO,MO,1
63017,MO,MO,1
63019,MO,MO,1
63020,MO,MO,1
63021,MO,MO,1
63023,MO,MO,1
63025,MO,MO,1
63026,MO,MO,1
63028,MO,MO,1
63030,MO,MO,1
63031,MO,MO,1
63033,MO,MO,1
63034,MO,MO,1
63036,MO,MO,1
63037,MO,MO,1
63038,MO,MO,1
63039,MO,MO,1
63040,MO,MO,1
63041,MO,MO,1
63042,MO,MO,1
63043,MO,MO,1
63044,MO,MO,1
63045,MO,MO,1
63047,MO,MO,1
63048,MO,MO,1
63049,MO,MO,1
63050,MO,MO,1
63051,MO,MO,1
63052,MO,MO,1
63053,MO,MO,1
63055,MO,MO,1
63056,MO,MO,1
63060,MO,MO,1
63061,MO,MO,1
63068,MO,MO,1
63069,MO,MO,1
63070,MO,MO,1
63071,MO,MO,1
63072,MO,MO,1
63073,MO,MO,1
63074,MO,MO,1
63077,MO,MO,1
63079,MO,MO,1
63080,MO,MO,1
63084,MO,MO,1
63087,MO,MO,1
63088,MO,MO,1
63089,MO,MO,1
63090,MO,MO,1
63091,MO,MO,1
63101,MO,MO,1
63102,MO,MO,1
63103,MO,MO,1
63104,MO,MO,1
63105,MO,MO,1
63106,MO,MO,1
63107,MO,MO,1
63108,MO,MO,1
63109,MO,MO,1
63110,MO,MO,1
63111,MO,MO,1
63112,MO,MO,1
63113,MO,MO,1
63114,MO,MO,1
63115,MO,MO,1
63116,MO,MO,1
63117,MO,MO,1
63118,MO,MO,1
63119,MO,MO,1
63120,MO,MO,1
63121,MO,MO,1
63122,MO,MO,1
63123,MO,MO,1
63124,MO,MO,1
63125,MO,MO,1
63126,MO,MO,1
63127,MO,MO,1
63128,MO,MO,1
63129,MO,MO,1
63130,MO,MO,1
63131,MO,MO,1
63132,MO,MO,1
63133,MO,MO,1
63134,MO,MO,1
63135,MO,MO,1
63136,MO,MO,1
63137,MO,MO,1
63138,MO,MO,1
63139,MO,MO,1
63140,MO,MO,1
63141,MO,MO,1
63143,MO,MO,1
63144,MO,MO,1
63146,MO,MO,1
63147,MO,MO,1
63155,MO,MO,1
63301,MO,MO,1
63303,MO,MO,1
63304,MO,MO,1
63330,MO,MO,1
63332,MO,MO,1
63333,MO,MO,1
63334,MO,MO,1
63336,MO,MO,1
63339,MO,MO,1
63341,MO,MO,1
63343,MO,MO,1
63344,MO,MO,1
63345,MO,MO,1
63347,MO,MO,1
63348,MO,MO,1
63349,MO,MO,1
63350,MO,MO,1
63351,MO,MO,1
63352,MO,MO,1
63353,MO,MO,1
63357,MO,MO,1
63359,MO,MO,1
63361,MO,MO,1
63362,MO,MO,1
63363,MO,MO,1
63365,MO,MO,1
63366,MO,MO,1
63367,MO,MO,1
63368,MO,MO,1
63369,MO,MO,1
63373,MO,MO,1
63376,MO,MO,1
63377,MO,MO,1
63379,MO,MO,1
63380,MO,MO,1
63381,MO,MO,1
63382,MO,MO,1
63383,MO,MO,1
63384,MO,MO,1
63385,MO,MO,1
63386,MO,MO,1
63387,MO,MO,1
63388,MO,MO,1
63389,MO,MO,1
63390,MO,MO,1
63401,MO,MO,1
63430,MO,MO,1
63431,MO,MO,1
63432,MO,MO,1
63433,MO,MO,1
63434,MO,MO,1
63435,MO,MO,1
63436,MO,MO,1
63437,MO,MO,1
63438,MO,MO,1
63439,MO,MO,1
63440,MO,MO,1
63441,MO,MO,1
63443,MO,MO,1
63445,MO,MO,1
63446,MO,MO,1
63447,MO,MO,1
63448,MO,MO,1
63450,MO,MO,1
63451,MO,MO,1
63452,MO,MO,1
63453,MO,MO,1
63454,MO,MO,1
63456,MO,MO,1
63457,MO,MO,1
63458,MO,MO,1
63459,MO,MO,1
63460,MO,MO,1
63461,MO,MO,1
63462,MO,MO,1
63463,MO,MO,1
63465,MO,MO,1
63466,MO,MO,1
63467,MO,MO,1
63468,MO,MO,1
63469,MO,MO,1
63471,MO,MO,1
63472,MO,MO,1
63473,MO,MO,1
63474,MO,MO,1
63501,MO,MO,1
63530,MO,MO,1
63531,MO,MO,1
63532,MO,MO,1
63533,MO,MO,1
63534,MO,MO,1
63535,MO,MO,1
63536,MO,MO,1
63537,MO,MO,1
63538,MO,MO,1
63539,MO,MO,1
63540,MO,MO,1
63541,MO,MO,1
63543,MO,MO,1
63544,MO,MO,1
63545,MO,MO,1
63546,MO,MO,1
63547,MO,MO,1
63548,MO,MO,1
63549,MO,MO,1
63551,MO,MO,1
63552,MO,MO,1
63555,MO,MO,1
63556,MO,MO,1
63557,MO,MO,1
63558,MO,MO,1
63559,MO,MO,1
63560,MO,MO,1
63561,MO,MO,1
63563,MO,MO,1
63565,MO,MO,1
63566,MO,MO,1
63567,MO,MO,1
63601,MO,MO,1
63620,MO,MO,1
63621,MO,MO,1
63622,MO,MO,1
63623,MO,MO,1
63624,MO,MO,1
63625,MO,MO,1
63626,MO,MO,1
63627,MO,MO,1
63628,MO,MO,1
63629,MO,MO,1
63630,MO,MO,1
63631,MO,MO,1
63633,MO,MO,1
63636,MO,MO,1
63637,MO,MO,1
63638,MO,MO,1
63640,MO,MO,1
63645,MO,MO,1
63648,MO,MO,1
63650,MO,MO,1
63653,MO,MO,1
63654,MO,MO,1
63655,MO,MO,1
63656,MO,MO,1
63660,MO,MO,1
63662,MO,MO,1
63663,MO,MO,1
63664,MO,MO,1
63665,MO,MO,1
63670,MO,MO,1
63673,MO,IL|MO,2
63674,MO,MO,1
63675,MO,MO,1
63701,MO,MO,1
63703,MO,MO,1
63730,MO,MO,1
63732,MO,MO,1
63735,MO,MO,1
63736,MO,MO,1
63738,MO,MO,1
63739,MO,MO,1
63740,MO,MO,1
63742,MO,MO,1
63743,MO,MO,1
63744,MO,MO,1
63745,MO,MO,1
63746,MO,MO,1
63747,MO,MO,1
63748,MO,MO,1
63750,MO,MO,1
63751,MO,MO,1
63755,MO,MO,1
63758,MO,MO,1
63760,MO,MO,1
63763,MO,MO,1
63764,MO,MO,1
63766,MO,MO,1
63767,MO,MO,1
63769,MO,MO,1
63770,MO,MO,1
63771,MO,MO,1
63774,MO,MO,1
63775,MO,MO,1
63780,MO,MO,1
63781,MO,MO,1
63782,MO,MO,1
63783,MO,MO,1
63784,MO,MO,1
63785,MO,MO,1
63787,MO,MO,1
63801,MO,MO,1
63820,MO,MO,1
63821,MO,MO,1
63822,MO,MO,1
63823,MO,MO,1
63824,MO,MO,1
63825,MO,MO,1
63826,MO,MO,1
63827,MO,MO,1
63828,MO,MO,1
63829,MO,MO,1
63830,MO,MO,1
63833,MO,MO,1
63834,MO,MO,1
63837,MO,MO,1
63839,MO,MO,1
63840,MO,MO,1
63841,MO,MO,1
63845,MO,MO,1
63846,MO,MO,1
63847,MO,MO,1
63848,MO,MO,1
63849,MO,MO,1
63850,MO,MO,1
63851,MO,MO,1
63852,MO,MO,1
63853,MO,MO,1
63855,MO,MO,1
63857,MO,MO,1
63860,MO,MO,1
63862,MO,MO,1
63863,MO,MO,1
63866,MO,MO,1
63867,MO,MO,1
63868,MO,MO,1
63869,MO,MO,1
63870,MO,MO,1
63873,MO,MO,1
63874,MO,MO,1
63876,MO,MO,1
63877,MO,MO,1
63878,MO,MO,1
63879,MO,MO,1
63880,MO,MO,1
63882,MO,MO,1
63901,MO,MO,1
63932,MO,MO,1
63933,MO,MO,1
63934,MO,MO,1
63935,MO,MO,1
63936,MO,MO,1
63937,MO,MO,1
63939,MO,MO,1
63940,MO,MO,1
63941,MO,MO,1
63942,MO,MO,1
63943,MO,MO,1
63944,MO,MO,1
63945,MO,MO,1
63950,MO,MO,1
63951,MO,MO,1
63952,MO,MO,1
63953,MO,MO,1
63954,MO,MO,1
63955,MO,MO,1
63956,MO,MO,1
63957,MO,MO,1
63960,MO,MO,1
63961,MO,MO,1
63962,MO,MO,1
63964,MO,MO,1
63965,MO,MO,1
63966,MO,MO,1
63967,MO,MO,1
64001,MO,MO,1
64011,MO,MO,1
64012,MO,MO,1
64014,MO,MO,1
64015,MO,MO,1
64016,MO,MO,1
64017,MO,MO,1
64018,MO,MO,1
64019,MO,MO,1
64020,MO,MO,1
64021,MO,MO,1
64022,MO,MO,1
64024,MO,MO,1
64028,MO,MO,1
64029,MO,MO,1
64030,MO,MO,1
64034,MO,MO,1
64035,MO,MO,1
64036,MO,MO,1
64037,MO,MO,1
64040,MO,MO,1
64048,MO,MO,1
64050,MO,MO,1
64052,MO,MO,1
64053,MO,MO,1
64054,MO,MO,1
64055,MO,MO,1
64056,MO,MO,1
64057,MO,MO,1
64058,MO,MO,1
64060,MO,MO,1
64061,MO,MO,1
64062,MO,MO,1
64063,MO,MO,1
64064,MO,MO,1
64065,MO,MO,1
64066,MO,MO,1
64067,MO,MO,1
64068,MO,MO,1
64070,MO,MO,1
64071,MO,MO,1
64072,MO,MO,1
64074,MO,MO,1
64075,MO,MO,1
64076,MO,MO,1
64077,MO,MO,1
64078,MO,MO,1
64079,MO,MO,1
64080,MO,MO,1
64081,MO,MO,1
64082,MO,MO,1
64083,MO,MO,1
64084,MO,MO,1
64085,MO,MO,1
64086,MO,MO,1
64088,MO,MO,1
64089,MO,MO,1
64090,MO,MO,1
64092,MO,MO,1
64093,MO,MO,1
64096,MO,MO,1
64097,MO,MO,1
64098,MO,MO,1
64101,MO,MO,1
64102,MO,MO,1
64105,MO,MO,1
64106,MO,MO,1
64108,MO,MO,1
64109,MO,MO,1
64110,MO,MO,1
64111,MO,MO,1
64112,MO,MO,1
64113,MO,MO,1
64114,MO,MO,1
64116,MO,MO,1
64117,MO,MO,1
64118,MO,MO,1
64119,MO,MO,1
64120,MO,MO,1
64123,MO,MO,1
64124,MO,MO,1
64125,MO,MO,1
64126,MO,MO,1
64127,MO,MO,1
64128,MO,MO,1
64129,MO,MO,1
64130,MO,MO,1
64131,MO,MO,1
64132,MO,MO,1
64133,MO,MO,1
64134,MO,MO,1
64136,MO,MO,1
64137,MO,MO,1
64138,MO,MO,1
64139,MO,MO,1
64145,MO,MO,1
64146,MO,MO,1
64147,MO,MO,1
64149,MO,MO,1
64150,MO,MO,1
64151,MO,MO,1
64152,MO,MO,1
64153,MO,MO,1
64154,MO,MO,1
64155,MO,MO,1
64156,MO,MO,1
64157,MO,MO,1
64158,MO,MO,1
64161,MO,MO,1
64163,MO,MO,1
64164,MO,MO,1
64165,MO,MO,1
64166,MO,MO,1
64167,MO,MO,1
64401,MO,MO,1
64402,MO,MO,1
64420,MO,MO,1
64421,MO,MO,1
64422,MO,MO,1
64423,MO,MO,1
64424,MO,MO,1
64426,MO,MO,1
64427,MO,MO,1
64428,MO,MO,1
64429,MO,MO,1
64430,MO,MO,1
64431,MO,MO,1
64432,MO,MO,1
64433,MO,MO,1
64434,MO,MO,1
64436,MO,MO,1
64437,MO,MO,1
64438,MO,MO,1
64439,MO,MO,1
64440,MO,MO,1
64441,MO,MO,1
64442,MO,MO,1
64443,MO,MO,1
64444,MO,MO,1
64445,MO,MO,1
64446,MO,MO,1
64448,MO,MO,1
64449,MO,MO,1
64451,MO,MO,1
64453,MO,MO,1
64454,MO,MO,1
64455,MO,MO,1
64456,MO,MO,1
64457,MO,MO,1
64458,MO,MO,1
64459,MO,MO,1
64461,MO,MO,1
64463,MO,MO,1
64465,MO,MO,1
64466,MO,MO,1
64467,MO,MO,1
64468,MO,MO,1
64469,MO,MO,1
64470,MO,MO,1
64471,MO,MO,1
64473,MO,MO,1
64474,MO,MO,1
64475,MO,MO,1
64476,MO,MO,1
64477,MO,MO,1
64479,MO,MO,1
64480,MO,MO,1
64481,MO,MO,1
64482,MO,MO,1
64483,MO,MO,1
64484,MO,MO,1
64485,MO,MO,1
64486,MO,MO,1
64487,MO,MO,1
64489,MO,MO,1
64490,MO,MO,1
64491,MO,MO,1
64492,MO,MO,1
64493,MO,MO,1
64494,MO,MO,1
64496,MO,MO,1
64497,MO,MO,1
64498,MO,MO,1
64499,MO,MO,1
64501,MO,MO,1
64503,MO,MO,1
64504,MO,MO,1
64505,MO,MO,1
64506,MO,MO,1
64507,MO,MO,1
64601,MO,MO,1
64620,MO,MO,1
64622,MO,MO,1
64623,MO,MO,1
64624,MO,MO,1
64625,MO,MO,1
64628,MO,MO,1
64630,MO,MO,1
64631,MO,MO,1
64632,MO,MO,1
64633,MO,MO,1
64635,MO,MO,1
64636,MO,MO,1
64637,MO,MO,1
64638,MO,MO,1
64639,MO,MO,1
64640,MO,MO,1
64641,MO,MO,1
64642,MO,MO,1
64643,MO,MO,1
64644,MO,MO,1
64645,MO,MO,1
64646,MO,MO,1
64647,MO,MO,1
64648,MO,MO,1
64649,MO,MO,1
64650,MO,MO,1
64651,MO,MO,1
64652,MO,MO,1
64653,MO,MO,1
64654,MO,MO,1
64655,MO,MO,1
64656,MO,MO,1
64657,MO,MO,1
64658,MO,MO,1
64659,MO,MO,1
64660,MO,MO,1
64661,MO,MO,1
64664,MO,MO,1
64667,MO,MO,1
64668,MO,MO,1
64670,MO,MO,1
64671,MO,MO,1
64672,MO,MO,1
64673,MO,MO,1
64674,MO,MO,1
64676,MO,MO,1
64679,MO,MO,1
64681,MO,MO,1
64682,MO,MO,1
64683,MO,MO,1
64686,MO,MO,1
64688,MO,MO,1
64689,MO,MO,1
64701,MO,MO,1
64720,MO,MO,1
64722,MO,MO,1
64723,MO,MO,1
64724,MO,MO,1
64725,MO,MO,1
64726,MO,MO,1
64728,MO,MO,1
64730,MO,MO,1
64733,MO,MO,1
64734,MO,MO,1
64735,MO,MO,1
64738,MO,MO,1
64739,MO,MO,1
64740,MO,MO,1
64741,MO,MO,1
64742,MO,MO,1
64743,MO,MO,1
64744,MO,MO,1
64745,MO,MO,1
64746,MO,MO,1
64747,MO,MO,1
64748,MO,MO,1
64750,MO,MO,1
64752,MO,MO,1
64755,MO,MO,1
64756,MO,MO,1
64759,MO,MO,1
64761,MO,MO,1
64762,MO,MO,1
64763,MO,MO,1
64765,MO,MO,1
64767,MO,MO,1
64769,MO,MO,1
64770,MO,MO,1
64771,MO,MO,1
64772,MO,MO,1
64776,MO,MO,1
64778,MO,MO,1
64779,MO,MO,1
64780,MO,MO,1
64781,MO,MO,1
64783,MO,MO,1
64784,MO,MO,1
64788,MO,MO,1
64790,MO,MO,1
64801,MO,MO,1
64804,MO,MO,1
64830,MO,MO,1
64831,MO,MO,1
64832,MO,MO,1
64833,MO,MO,1
64834,MO,MO,1
64835,MO,MO,1
64836,MO,MO,1
64840,MO,MO,1
64841,MO,MO,1
64842,MO,MO,1
64843,MO,MO,1
64844,MO,MO,1
64847,MO,MO,1
64848,MO,MO,1
64849,MO,MO,1
64850,MO,MO,1
64854,MO,MO,1
64855,MO,MO,1
64856,MO,MO,1
64857,MO,MO,1
64858,MO,MO,1
64859,MO,MO,1
64861,MO,MO,1
64862,MO,MO,1
64863,MO,MO,1
64865,MO,MO,1
64866,MO,MO,1
64867,MO,MO,1
64868,MO,MO,1
64870,MO,MO,1
64873,MO,MO,1
64874,MO,MO,1
65001,MO,MO,1
65010,MO,MO,1
65011,MO,MO,1
65013,MO,MO,1
65014,MO,MO,1
65016,MO,MO,1
65017,MO,MO,1
65018,MO,MO,1
65020,MO,MO,1
65023,MO,MO,1
65024,MO,MO,1
65025,MO,MO,1
65026,MO,MO,1
65032,MO,MO,1
65034,MO,MO,1
65035,MO,MO,1
65037,MO,MO,1
65039,MO,MO,1
65040,MO,MO,1
65041,MO,MO,1
65043,MO,MO,1
65046,MO,MO,1
65047,MO,MO,1
65048,MO,MO,1
65049,MO,MO,1
65050,MO,MO,1
65051,MO,MO,1
65052,MO,MO,1
65053,MO,MO,1
65054,MO,MO,1
65058,MO,MO,1
65059,MO,MO,1
65061,MO,MO,1
65062,MO,MO,1
65063,MO,MO,1
65064,MO,MO,1
65065,MO,MO,1
65066,MO,MO,1
65067,MO,MO,1
65068,MO,MO,1
65069,MO,MO,1
65072,MO,MO,1
65074,MO,MO,1
65075,MO,MO,1
65076,MO,MO,1
65077,MO,MO,1
65078,MO,MO,1
65079,MO,MO,1
65080,MO,MO,1
65081,MO,MO,1
65082,MO,MO,1
65083,MO,MO,1
65084,MO,MO,1
65085,MO,MO,1
65101,MO,MO,1
65109,MO,MO,1
65201,MO,MO,1
65202,MO,MO,1
65203,MO,MO,1
65215,MO,MO,1
65216,MO,MO,1
65230,MO,MO,1
65231,MO,MO,1
65232,MO,MO,1
65233,MO,MO,1
65236,MO,MO,1
65237,MO,MO,1
65239,MO,MO,1
65240,MO,MO,1
65243,MO,MO,1
65244,MO,MO,1
65246,MO,MO,1
65247,MO,MO,1
65248,MO,MO,1
65250,MO,MO,1
65251,MO,MO,1
65254,MO,MO,1
65255,MO,MO,1
65256,MO,MO,1
65257,MO,MO,1
65258,MO,MO,1
65259,MO,MO,1
65260,MO,MO,1
65261,MO,MO,1
65262,MO,MO,1
65263,MO,MO,1
65264,MO,MO,1
65265,MO,MO,1
65270,MO,MO,1
65274,MO,MO,1
65275,MO,MO,1
65276,MO,MO,1
65278,MO,MO,1
65279,MO,MO,1
65280,MO,MO,1
65281,MO,MO,1
65282,MO,MO,1
65283,MO,MO,1
65284,MO,MO,1
65285,MO,MO,1
65286,MO,MO,1
65287,MO,MO,1
65301,MO,MO,1
65305,MO,MO,1
65320,MO,MO,1
65321,MO,MO,1
65322,MO,MO,1
65323,MO,MO,1
65324,MO,MO,1
65325,MO,MO,1
65326,MO,MO,1
65327,MO,MO,1
65329,MO,MO,1
65330,MO,MO,1
65332,MO,MO,1
65333,MO,MO,1
65334,MO,MO,1
65335,MO,MO,1
65336,MO,MO,1
65337,MO,MO,1
65338,MO,MO,1
65339,MO,MO,1
65340,MO,MO,1
65344,MO,MO,1
65345,MO,MO,1
65347,MO,MO,1
65348,MO,MO,1
65349,MO,MO,1
65350,MO,MO,1
65351,MO,MO,1
65354,MO,MO,1
65355,MO,MO,1
65360,MO,MO,1
65401,MO,MO,1
65409,MO,MO,1
65436,MO,MO,1
65438,MO,MO,1
65439,MO,MO,1
65440,MO,MO,1
65441,MO,MO,1
65443,MO,MO,1
65444,MO,MO,1
65446,MO,MO,1
65449,MO,MO,1
65452,MO,MO,1
65453,MO,MO,1
65456,MO,MO,1
65457,MO,MO,1
65459,MO,MO,1
65461,MO,MO,1
65462,MO,MO,1
65463,MO,MO,1
65464,MO,MO,1
65466,MO,MO,1
65468,MO,MO,1
65470,MO,MO,1
65473,MO,MO,1
65479,MO,MO,1
65483,MO,MO,1
65484,MO,MO,1
65486,MO,MO,1
65501,MO,MO,1
65529,MO,MO,1
65534,MO,MO,1
65535,MO,MO,1
65536,MO,MO,1
65541,MO,MO,1
65542,MO,MO,1
65543,MO,MO,1
65548,MO,MO,1
65550,MO,MO,1
65552,MO,MO,1
65555,MO,MO,1
65556,MO,MO,1
65557,MO,MO,1
65559,MO,MO,1
65560,MO,MO,1
65564,MO,MO,1
65565,MO,MO,1
65566,MO,MO,1
65567,MO,MO,1
65570,MO,MO,1
65571,MO,MO,1
65580,MO,MO,1
65582,MO,MO,1
65583,MO,MO,1
65584,MO,MO,1
65586,MO,MO,1
65588,MO,MO,1
65589,MO,MO,1
65590,MO,MO,1
65591,MO,MO,1
65601,MO,MO,1
65603,MO,MO,1
65604,MO,MO,1
65605,MO,MO,1
65606,MO,MO,1
65608,MO,MO,1
65609,MO,MO,1
65610,MO,MO,1
65611,MO,MO,1
65612,MO,MO,1
65613,MO,MO,1
65614,MO,MO,1
65616,MO,MO,1
65617,MO,MO,1
65618,MO,MO,1
65619,MO,MO,1
65620,MO,MO,1
65622,MO,MO,1
65623,MO,MO,1
65624,MO,MO,1
65625,MO,MO,1
65626,MO,MO,1
65627,MO,MO,1
65629,MO,MO,1
65630,MO,MO,1
65631,MO,MO,1
65632,MO,MO,1
65633,MO,MO,1
65634,MO,MO,1
65635,MO,MO,1
65637,MO,MO,1
65638,MO,MO,1
65640,MO,MO,1
65641,MO,MO,1
65644,MO,MO,1
65646,MO,MO,1
65647,MO,MO,1
65648,MO,MO,1
65649,MO,MO,1
65650,MO,MO,1
65652,MO,MO,1
65653,MO,MO,1
65654,MO,MO,1
65655,MO,MO,1
65656,MO,MO,1
65657,MO,MO,1
65658,MO,MO,1
65660,MO,MO,1
65661,MO,MO,1
65662,MO,MO,1
65663,MO,MO,1
65664,MO,MO,1
65666,MO,MO,1
65667,MO,MO,1
65668,MO,MO,1
65669,MO,MO,1
65672,MO,MO,1
65674,MO,MO,1
65675,MO,MO,1
65676,MO,MO,1
65679,MO,MO,1
65680,MO,MO,1
65681,MO,MO,1
65682,MO,MO,1
65685,MO,MO,1
65686,MO,MO,1
65688,MO,MO,1
65689,MO,MO,1
65690,MO,MO,1
65692,MO,MO,1
65702,MO,MO,1
65704,MO,MO,1
65705,MO,MO,1
65706,MO,MO,1
65707,MO,MO,1
65708,MO,MO,1
65710,MO,MO,1
65711,MO,MO,1
65712,MO,MO,1
65713,MO,MO,1
65714,MO,MO,1
65715,MO,MO,1
65717,MO,MO,1
65720,MO,MO,1
65721,MO,MO,1
65722,MO,MO,1
65723,MO,MO,1
65724,MO,MO,1
65725,MO,MO,1
65726,MO,MO,1
65727,MO,MO,1
65728,MO,MO,1
65729,MO,AR|MO,2
65730,MO,MO,1
65731,MO,MO,1
65732,MO,MO,1
65733,MO,AR|MO,2
65734,MO,MO,1
65735,MO,MO,1
65737,MO,MO,1
65738,MO,MO,1
65739,MO,MO,1
65740,MO,MO,1
65741,MO,MO,1
65742,MO,MO,1
65744,MO,MO,1
65745,MO,MO,1
65746,MO,MO,1
65747,MO,MO,1
65752,MO,MO,1
65753,MO,MO,1
65754,MO,MO,1
65755,MO,MO,1
65756,MO,MO,1
65757,MO,MO,1
65759,MO,MO,1
65760,MO,MO,1
65761,MO,AR|MO,2
65762,MO,MO,1
65764,MO,MO,1
65766,MO,MO,1
65767,MO,MO,1
65768,MO,MO,1
65769,MO,MO,1
65770,MO,MO,1
65771,MO,MO,1
65772,MO,MO,1
65773,MO,MO,1
65774,MO,MO,1
65775,MO,MO,1
65777,MO,MO,1
65778,MO,MO,1
65779,MO,MO,1
65781,MO,MO,1
65783,MO,MO,1
65784,MO,MO,1
65785,MO,MO,1
65786,MO,MO,1
65787,MO,MO,1
65788,MO,MO,1
65789,MO,MO,1
65790,MO,MO,1
65791,MO,MO,1
65793,MO,MO,1
65801,MO,MO,1
65802,MO,MO,1
65803,MO,MO,1
65804,MO,MO,1
65806,MO,MO,1
65807,MO,MO,1
65809,MO,MO,1
65810,MO,MO,1
65897,MO,MO,1
66002,KS,KS,1
66006,KS,KS,1
66007,KS,KS,1
66008,KS,KS,1
66010,KS,KS,1
66012,KS,KS,1
66013,KS,KS,1
66014,KS,KS,1
66015,KS,KS,1
66016,KS,KS,1
66017,KS,KS,1
66018,KS,KS,1
66020,KS,KS,1
66021,KS,KS,1
66023,KS,KS,1
66024,KS,KS,1
66025,KS,KS,1
66026,KS,KS,1
66027,KS,KS,1
66030,KS,KS,1
66031,KS,KS,1
66032,KS,KS,1
66033,KS,KS,1
66035,KS,KS,1
66039,KS,KS,1
66040,KS,KS,1
66041,KS,KS,1
66042,KS,KS,1
66043,KS,KS,1
66044,KS,KS,1
66045,KS,KS,1
66046,KS,KS,1
66047,KS,KS,1
66048,KS,KS,1
66049,KS,KS,1
66050,KS,KS,1
66052,KS,KS,1
66053,KS,KS,1
66054,KS,KS,1
66056,KS,KS,1
66058,KS,KS,1
66060,KS,KS,1
66061,KS,KS,1
66062,KS,KS,1
66064,KS,KS,1
66066,KS,KS,1
66067,KS,KS,1
66070,KS,KS,1
66071,KS,KS,1
66072,KS,KS,1
66073,KS,KS,1
66075,KS,KS,1
66076,KS,KS,1
66078,KS,KS,1
66079,KS,KS,1
66080,KS,KS,1
66083,KS,KS,1
66085,KS,KS,1
66086,KS,KS,1
66087,KS,KS,1
66088,KS,KS,1
66090,KS,KS,1
66091,KS,KS,1
66092,KS,KS,1
66093,KS,KS,1
66094,KS,KS,1
66095,KS,KS,1
66097,KS,KS,1
66101,KS,KS,1
66102,KS,KS,1
66103,KS,KS,1
66104,KS,KS,1
66105,KS,KS,1
66106,KS,KS,1
66109,KS,KS,1
66111,KS,KS,1
66112,KS,KS,1
66115,KS,KS,1
66118,KS,KS,1
66160,KS,KS,1
66202,KS,KS,1
66203,KS,KS,1
66204,KS,KS,1
66205,KS,KS,1
66206,KS,KS,1
66207,KS,KS,1
66208,KS,KS,1
66209,KS,KS,1
66210,KS,KS,1
66211,KS,KS,1
66212,KS,KS,1
66213,KS,KS,1
66214,KS,KS,1
66215,KS,KS,1
66216,KS,KS,1
66217,KS,KS,1
66218,KS,KS,1
66219,KS,KS,1
66220,KS,KS,1
66221,KS,KS,1
66223,KS,KS,1
66224,KS,KS,1
66226,KS,KS,1
66227,KS,KS,1
66251,KS,KS,1
66401,KS,KS,1
66402,KS,KS,1
66403,KS,KS,1
66404,KS,KS,1
66406,KS,KS,1
66407,KS,KS,1
66408,KS,KS,1
66409,KS,KS,1
66411,KS,KS,1
66412,KS,KS,1
66413,KS,KS,1
66414,KS,KS,1
66415,KS,KS,1
66416,KS,KS,1
66417,KS,KS,1
66418,KS,KS,1
66419,KS,KS,1
66422,KS,KS,1
66423,KS,KS,1
66424,KS,KS,1
66425,KS,KS,1
66427,KS,KS,1
66428,KS,KS,1
66429,KS,KS,1
66431,KS,KS,1
66432,KS,KS,1
66434,KS,KS,1
66436,KS,KS,1
66438,KS,KS,1
66439,KS,KS,1
66440,KS,KS,1
66441,KS,KS,1
66442,KS,KS,1
66449,KS,KS,1
66451,KS,KS,1
66501,KS,KS,1
66502,KS,KS,1
66503,KS,KS,1
66506,KS,KS,1
66507,KS,KS,1
66508,KS,KS,1
66509,KS,KS,1
66510,KS,KS,1
66512,KS,KS,1
66514,KS,KS,1
66515,KS,KS,1
66516,KS,KS,1
66517,KS,KS,1
66518,KS,KS,1
66520,KS,KS,1
66521,KS,KS,1
66522,KS,KS,1
66523,KS,KS,1
66524,KS,KS,1
66526,KS,KS,1
66527,KS,KS,1
66528,KS,KS,1
66531,KS,KS,1
66532,KS,KS,1
66533,KS,KS,1
66534,KS,KS,1
66535,KS,KS,1
66536,KS,KS,1
66537,KS,KS,1
66538,KS,KS,1
66539,KS,KS,1
66540,KS,KS,1
66541,KS,KS|NE,2
66542,KS,KS,1
66543,KS,KS,1
66544,KS,KS,1
66546,KS,KS,1
66547,KS,KS,1
66548,KS,KS,1
66549,KS,KS,1
66550,KS,KS,1
66552,KS,KS,1
66554,KS,KS,1
66603,KS,KS,1
66604,KS,KS,1
66605,KS,KS,1
66606,KS,KS,1
66607,KS,KS,1
66608,KS,KS,1
66609,KS,KS,1
66610,KS,KS,1
66611,KS,KS,1
66612,KS,KS,1
66614,KS,KS,1
66615,KS,KS,1
66616,KS,KS,1
66617,KS,KS,1
66618,KS,KS,1
66619,KS,KS,1
66621,KS,KS,1
66622,KS,KS,1
66701,KS,KS,1
66710,KS,KS,1
66711,KS,KS,1
66712,KS,KS,1
66713,KS,KS,1
66714,KS,KS,1
66716,KS,KS,1
66717,KS,KS,1
66720,KS,KS,1
66724,KS,KS,1
66725,KS,KS,1
66732,KS,KS,1
66733,KS,KS,1
66734,KS,KS,1
66735,KS,KS,1
66736,KS,KS,1
66738,KS,KS,1
66739,KS,KS,1
66740,KS,KS,1
66741,KS,KS,1
66742,KS,KS,1
66743,KS,KS,1
66746,KS,KS,1
66748,KS,KS,1
66749,KS,KS,1
66751,KS,KS,1
66753,KS,KS,1
66754,KS,KS,1
66755,KS,KS,1
66756,KS,KS,1
66757,KS,KS,1
66758,KS,KS,1
66760,KS,KS,1
66761,KS,KS,1
66762,KS,KS,1
66763,KS,KS,1
66767,KS,KS,1
66769,KS,KS,1
66770,KS,KS,1
66771,KS,KS,1
66772,KS,KS,1
66773,KS,KS,1
66775,KS,KS,1
66776,KS,KS,1
66777,KS,KS,1
66778,KS,KS,1
66779,KS,KS,1
66780,KS,KS,1
66781,KS,KS,1
66782,KS,KS,1
66783,KS,KS,1
66801,KS,KS,1
66830,KS,KS,1
66833,KS,KS,1
66834,KS,KS,1
66835,KS,KS,1
66838,KS,KS,1
66839,KS,KS,1
66840,KS,KS,1
66842,KS,KS,1
66843,KS,KS,1
66845,KS,KS,1
66846,KS,KS,1
66849,KS,KS,1
66850,KS,KS,1
66851,KS,KS,1
66852,KS,KS,1
66853,KS,KS,1
66854,KS,KS,1
66856,KS,KS,1
66857,KS,KS,1
66858,KS,KS,1
66859,KS,KS,1
66860,KS,KS,1
66861,KS,KS,1
66862,KS,KS,1
66863,KS,KS,1
66864,KS,KS,1
66865,KS,KS,1
66866,KS,KS,1
66868,KS,KS,1
66869,KS,KS,1
66870,KS,KS,1
66871,KS,KS,1
66872,KS,KS,1
66873,KS,KS,1
66901,KS,KS,1
66930,KS,KS,1
66932,KS,KS,1
66933,KS,KS,1
66935,KS,KS,1
66936,KS,KS,1
66937,KS,KS,1
66938,KS,KS,1
66939,KS,KS,1
66940,KS,KS,1
66941,KS,KS,1
66942,KS,KS,1
66943,KS,KS,1
66944,KS,KS,1
66945,KS,KS,1
66946,KS,KS,1
66948,KS,KS,1
66949,KS,KS,1
66951,KS,KS,1
66952,KS,KS,1
66953,KS,KS,1
66955,KS,KS|NE,2
66956,KS,KS,1
66958,KS,KS,1
66959,KS,KS,1
66960,KS,KS,1
66961,KS,KS,1
66962,KS,KS,1
66963,KS,KS,1
66964,KS,KS,1
66966,KS,KS,1
66967,KS,KS,1
66968,KS,KS,1
66970,KS,KS,1
67001,KS,KS,1
67002,KS,KS,1
67003,KS,KS,1
67004,KS,KS,1
67005,KS,KS,1
67008,KS,KS,1
67009,KS,KS,1
67010,KS,KS,1
67012,KS,KS,1
67013,KS,KS,1
67016,KS,KS,1
67017,KS,KS,1
67018,KS,KS,1
67019,KS,KS,1
67020,KS,KS,1
67021,KS,KS,1
67022,KS,KS,1
67023,KS,KS,1
67024,KS,KS,1
67025,KS,KS,1
67026,KS,KS,1
67028,KS,KS,1
67029,KS,KS,1
67030,KS,KS,1
67031,KS,KS,1
67035,KS,KS,1
67036,KS,KS,1
67037,KS,KS,1
67038,KS,KS,1
67039,KS,KS,1
67041,KS,KS,1
67042,KS,KS,1
67045,KS,KS,1
67047,KS,KS,1
67049,KS,KS,1
67050,KS,KS,1
67051,KS,KS,1
67052,KS,KS,1
67053,KS,KS,1
67054,KS,KS,1
67055,KS,KS,1
67056,KS,KS,1
67057,KS,KS,1
67058,KS,KS,1
67059,KS,KS,1
67060,KS,KS,1
67061,KS,KS,1
67062,KS,KS,1
67063,KS,KS,1
67065,KS,KS,1
67066,KS,KS,1
67067,KS,KS,1
67068,KS,KS,1
67070,KS,KS,1
67071,KS,KS,1
67072,KS,KS,1
67073,KS,KS,1
67074,KS,KS,1
67101,KS,KS,1
67102,KS,KS,1
67103,KS,KS,1
67104,KS,KS,1
67105,KS,KS,1
67106,KS,KS,1
67107,KS,KS,1
67108,KS,KS,1
67109,KS,KS,1
67110,KS,KS,1
67111,KS,KS,1
67112,KS,KS,1
67114,KS,KS,1
67117,KS,KS,1
67118,KS,KS,1
67119,KS,KS,1
67120,KS,KS,1
67122,KS,KS,1
67123,KS,KS,1
67124,KS,KS,1
67127,KS,KS,1
67131,KS,KS,1
67132,KS,KS,1
67133,KS,KS,1
67134,KS,KS,1
67135,KS,KS,1
67137,KS,KS,1
67138,KS,KS,1
67140,KS,KS,1
67142,KS,KS,1
67143,KS,KS,1
67144,KS,KS,1
67146,KS,KS,1
67147,KS,KS,1
67149,KS,KS,1
67150,KS,KS,1
67151,KS,KS,1
67152,KS,KS,1
67154,KS,KS,1
67155,KS,KS,1
67156,KS,KS,1
67159,KS,KS,1
67202,KS,KS,1
67203,KS,KS,1
67204,KS,KS,1
67205,KS,KS,1
67206,KS,KS,1
67207,KS,KS,1
67208,KS,KS,1
67209,KS,KS,1
67210,KS,KS,1
67211,KS,KS,1
67212,KS,KS,1
67213,KS,KS,1
67214,KS,KS,1
67215,KS,KS,1
67216,KS,KS,1
67217,KS,KS,1
67218,KS,KS,1
67219,KS,KS,1
67220,KS,KS,1
67221,KS,KS,1
67223,KS,KS,1
67226,KS,KS,1
67227,KS,KS,1
67228,KS,KS,1
67230,KS,KS,1
67232,KS,KS,1
67235,KS,KS,1
67260,KS,KS,1
67301,KS,KS,1
67330,KS,KS,1
67332,KS,KS,1
67333,KS,KS,1
67334,KS,KS,1
67335,KS,KS,1
67336,KS,KS,1
67337,KS,KS,1
67340,KS,KS,1
67341,KS,KS,1
67342,KS,KS,1
67344,KS,KS,1
67345,KS,KS,1
67346,KS,KS,1
67347,KS,KS,1
67349,KS,KS,1
67351,KS,KS,1
67352,KS,KS,1
67353,KS,KS,1
67354,KS,KS,1
67355,KS,KS,1
67356,KS,KS,1
67357,KS,KS,1
67360,KS,KS,1
67361,KS,KS,1
67363,KS,KS,1
67364,KS,KS,1
67401,KS,KS,1
67410,KS,KS,1
67416,KS,KS,1
67417,KS,KS,1
67418,KS,KS,1
67420,KS,KS,1
67422,KS,KS,1
67423,KS,KS,1
67425,KS,KS,1
67427,KS,KS,1
67428,KS,KS,1
67430,KS,KS,1
67431,KS,KS,1
67432,KS,KS,1
67436,KS,KS,1
67437,KS,KS,1
67438,KS,KS,1
67439,KS,KS,1
67441,KS,KS,1
67442,KS,KS,1
67443,KS,KS,1
67444,KS,KS,1
67445,KS,KS,1
67446,KS,KS,1
67447,KS,KS,1
67448,KS,KS,1
67449,KS,KS,1
67450,KS,KS,1
67451,KS,KS,1
67452,KS,KS,1
67454,KS,KS,1
67455,KS,KS,1
67456,KS,KS,1
67457,KS,KS,1
67458,KS,KS,1
67459,KS,KS,1
67460,KS,KS,1
67464,KS,KS,1
67466,KS,KS,1
67467,KS,KS,1
67468,KS,KS,1
67470,KS,KS,1
67473,KS,KS,1
67474,KS,KS,1
67475,KS,KS,1
67476,KS,KS,1
67478,KS,KS,1
67480,KS,KS,1
67481,KS,KS,1
67482,KS,KS,1
67483,KS,KS,1
67484,KS,KS,1
67485,KS,KS,1
67487,KS,KS,1
67490,KS,KS,1
67491,KS,KS,1
67492,KS,KS,1
67501,KS,KS,1
67502,KS,KS,1
67505,KS,KS,1
67510,KS,KS,1
67511,KS,KS,1
67512,KS,KS,1
67513,KS,KS,1
67514,KS,KS,1
67515,KS,KS,1
67516,KS,KS,1
67518,KS,KS,1
67519,KS,KS,1
67520,KS,KS,1
67521,KS,KS,1
67522,KS,KS,1
67523,KS,KS,1
67524,KS,KS,1
67525,KS,KS,1
67526,KS,KS,1
67529,KS,KS,1
67530,KS,KS,1
67543,KS,KS,1
67544,KS,KS,1
67545,KS,KS,1
67546,KS,KS,1
67547,KS,KS,1
67548,KS,KS,1
67550,KS,KS,1
67552,KS,KS,1
67553,KS,KS,1
67554,KS,KS,1
67556,KS,KS,1
67557,KS,KS,1
67559,KS,KS,1
67560,KS,KS,1
67561,KS,KS,1
67563,KS,KS,1
67564,KS,KS,1
67565,KS,KS,1
67566,KS,KS,1
67567,KS,KS,1
67568,KS,KS,1
67570,KS,KS,1
67572,KS,KS,1
67573,KS,KS,1
67574,KS,KS,1
67575,KS,KS,1
67576,KS,KS,1
67578,KS,KS,1
67579,KS,KS,1
67581,KS,KS,1
67583,KS,KS,1
67584,KS,KS,1
67601,KS,KS,1
67621,KS,KS,1
67622,KS,KS,1
67623,KS,KS,1
67625,KS,KS,1
67626,KS,KS,1
67627,KS,KS,1
67628,KS,KS,1
67629,KS,KS,1
67631,KS,KS,1
67632,KS,KS,1
67634,KS,KS,1
67635,KS,KS,1
67637,KS,KS,1
67638,KS,KS,1
67639,KS,KS,1
67640,KS,KS,1
67642,KS,KS,1
67643,KS,KS,1
67644,KS,KS,1
67645,KS,KS,1
67646,KS,KS,1
67647,KS,KS,1
67648,KS,KS,1
67649,KS,KS,1
67650,KS,KS,1
67651,KS,KS,1
67653,KS,KS,1
67654,KS,KS,1
67656,KS,KS,1
67657,KS,KS,1
67658,KS,KS,1
67659,KS,KS,1
67660,KS,KS,1
67661,KS,KS,1
67663,KS,KS,1
67664,KS,KS,1
67665,KS,KS,1
67667,KS,KS,1
67669,KS,KS,1
67671,KS,KS,1
67672,KS,KS,1
67673,KS,KS,1
67674,KS,KS,1
67675,KS,KS,1
67701,KS,KS,1
67730,KS,KS,1
67731,KS,KS,1
67732,KS,KS,1
67733,KS,KS,1
67734,KS,KS,1
67735,KS,KS,1
67736,KS,KS,1
67737,KS,KS,1
67738,KS,KS,1
67739,KS,KS,1
67740,KS,KS,1
67741,KS,KS,1
67743,KS,KS,1
67744,KS,KS,1
67745,KS,KS,1
67747,KS,KS,1
67748,KS,KS,1
67749,KS,KS,1
67751,KS,KS,1
67752,KS,KS,1
67753,KS,KS,1
67756,KS,KS,1
67757,KS,KS,1
67758,KS,KS,1
67761,KS,KS,1
67762,KS,KS,1
67764,KS,KS,1
67801,KS,KS,1
67831,KS,KS,1
67834,KS,KS,1
67835,KS,KS,1
67836,KS,KS,1
67837,KS,KS,1
67838,KS,KS,1
67839,KS,KS,1
67840,KS,KS,1
67841,KS,KS,1
67842,KS,KS,1
67843,KS,KS,1
67844,KS,KS,1
67846,KS,KS,1
67849,KS,KS,1
67850,KS,KS,1
67851,KS,KS,1
67853,KS,KS,1
67854,KS,KS,1
67855,KS,KS,1
67857,KS,KS,1
67859,KS,KS,1
67860,KS,KS,1
67861,KS,KS,1
67862,KS,KS,1
67863,KS,KS,1
67864,KS,KS,1
67865,KS,KS,1
67867,KS,KS,1
67868,KS,KS,1
67869,KS,KS,1
67870,KS,KS,1
67871,KS,KS,1
67876,KS,KS,1
67877,KS,KS,1
67878,KS,KS,1
67879,KS,KS,1
67880,KS,KS,1
67882,KS,KS,1
67901,KS,KS,1
67950,KS,KS,1
67951,KS,KS,1
67952,KS,KS,1
67953,KS,KS,1
67954,KS,KS,1
68001,NE,NE,1
68002,NE,NE,1
68003,NE,NE,1
68004,NE,NE,1
68005,NE,NE,1
68007,NE,NE,1
68008,NE,NE,1
68010,NE,NE,1
68014,NE,NE,1
68015,NE,NE,1
68016,NE,NE,1
68017,NE,NE,1
68018,NE,NE,1
68019,NE,NE,1
68020,NE,NE,1
68022,NE,NE,1
68023,NE,NE,1
68025,NE,NE,1
68028,NE,NE,1
68029,NE,NE,1
68030,NE,NE,1
68031,NE,NE,1
68033,NE,NE,1
68034,NE,NE,1
68036,NE,NE,1
68037,NE,NE,1
68038,NE,NE,1
68039,NE,NE,1
68040,NE,NE,1
68041,NE,NE,1
68042,NE,NE,1
68044,NE,NE,1
68045,NE,NE,1
68046,NE,NE,1
68047,NE,NE,1
68048,NE,NE,1
68050,NE,NE,1
68055,NE,NE,1
68056,NE,NE,1
68057,NE,NE,1
68058,NE,NE,1
68059,NE,NE,1
68061,NE,NE,1
68062,NE,NE,1
68063,NE,NE,1
68064,NE,NE,1
68065,NE,NE,1
68066,NE,NE,1
68067,NE,NE,1
68068,NE,NE,1
68069,NE,NE,1
68070,NE,NE,1
68071,NE,NE,1
68072,NE,NE,1
68073,NE,NE,1
68102,NE,NE,1
68104,NE,NE,1
68105,NE,NE,1
68106,NE,NE,1
68107,NE,NE,1
68108,NE,NE,1
68110,NE,NE,1
68111,NE,NE,1
68112,NE,NE,1
68113,NE,NE,1
68114,NE,NE,1
68116,NE,NE,1
68117,NE,NE,1
68118,NE,NE,1
68122,NE,NE,1
68123,NE,NE,1
68124,NE,NE,1
68127,NE,NE,1
68128,NE,NE,1
68130,NE,NE,1
68131,NE,NE,1
68132,NE,NE,1
68133,NE,NE,1
68134,NE,NE,1
68135,NE,NE,1
68136,NE,NE,1
68137,NE,NE,1
68138,NE,NE,1
68142,NE,NE,1
68144,NE,NE,1
68147,NE,NE,1
68152,NE,NE,1
68154,NE,NE,1
68157,NE,NE,1
68164,NE,NE,1
68178,NE,NE,1
68182,NE,NE,1
68183,NE,NE,1
68301,NE,NE,1
68303,NE,NE,1
68304,NE,NE,1
68305,NE,NE,1
68307,NE,NE,1
68309,NE,NE,1
68310,NE,NE,1
68313,NE,NE,1
68314,NE,NE,1
68315,NE,NE,1
68316,NE,NE,1
68317,NE,NE,1
68318,NE,NE,1
68319,NE,NE,1
68320,NE,NE,1
68321,NE,NE,1
68322,NE,NE,1
68323,NE,NE,1
68324,NE,NE,1
68325,NE,KS|NE,2
68326,NE,NE,1
68327,NE,KS|NE,2
68328,NE,NE,1
68329,NE,NE,1
68330,NE,NE,1
68331,NE,NE,1
68332,NE,NE,1
68333,NE,NE,1
68335,NE,NE,1
68336,NE,NE,1
68337,NE,NE,1
68338,NE,NE,1
68339,NE,NE,1
68340,NE,NE,1
68341,NE,NE,1
68342,NE,NE,1
68343,NE,NE,1
68344,NE,NE,1
68345,NE,NE,1
68346,NE,NE,1
68347,NE,NE,1
68348,NE,NE,1
68349,NE,NE,1
68350,NE,NE,1
68351,NE,NE,1
68352,NE,NE,1
68354,NE,NE,1
68355,NE,NE,1
68357,NE,NE,1
68358,NE,NE,1
68359,NE,NE,1
68360,NE,NE,1
68361,NE,NE,1
68362,NE,NE,1
68364,NE,NE,1
68365,NE,NE,1
68366,NE,NE,1
68367,NE,NE,1
68368,NE,NE,1
68370,NE,NE,1
68371,NE,NE,1
68372,NE,NE,1
68375,NE,NE,1
68376,NE,NE,1
68377,NE,NE,1
68378,NE,NE,1
68379,NE,NE,1
68380,NE,NE,1
68381,NE,NE,1
68382,NE,NE,1
68401,NE,NE,1
68402,NE,NE,1
68403,NE,NE,1
68404,NE,NE,1
68405,NE,NE,1
68406,NE,NE,1
68407,NE,NE,1
68409,NE,NE,1
68410,NE,NE,1
68413,NE,NE,1
68414,NE,NE,1
68415,NE,NE,1
68416,NE,NE,1
68417,NE,NE,1
68418,NE,NE,1
68419,NE,NE,1
68420,NE,KS|NE,2
68421,NE,NE,1
68422,NE,NE,1
68423,NE,NE,1
68424,NE,NE,1
68428,NE,NE,1
68429,NE,NE,1
68430,NE,NE,1
68431,NE,NE,1
68433,NE,NE,1
68434,NE,NE,1
68436,NE,NE,1
68437,NE,NE,1
68438,NE,NE,1
68439,NE,NE,1
68440,NE,NE,1
68441,NE,NE,1
68442,NE,NE,1
68443,NE,NE,1
68444,NE,NE,1
68445,NE,NE,1
68446,NE,NE,1
68447,NE,NE,1
68448,NE,NE,1
68450,NE,NE,1
68452,NE,NE,1
68453,NE,NE,1
68454,NE,NE,1
68455,NE,NE,1
68456,NE,NE,1
68457,NE,NE,1
68458,NE,NE,1
68460,NE,NE,1
68461,NE,NE,1
68462,NE,NE,1
68463,NE,NE,1
68464,NE,NE,1
68465,NE,NE,1
68466,NE,NE,1
68467,NE,NE,1
68502,NE,NE,1
68503,NE,NE,1
68504,NE,NE,1
68505,NE,NE,1
68506,NE,NE,1
68507,NE,NE,1
68508,NE,NE,1
68510,NE,NE,1
68512,NE,NE,1
68514,NE,NE,1
68516,NE,NE,1
68517,NE,NE,1
68520,NE,NE,1
68521,NE,NE,1
68522,NE,NE,1
68523,NE,NE,1
68524,NE,NE,1
68526,NE,NE,1
68527,NE,NE,1
68528,NE,NE,1
68531,NE,NE,1
68532,NE,NE,1
68588,NE,NE,1
68601,NE,NE,1
68620,NE,NE,1
68621,NE,NE,1
68622,NE,NE,1
68623,NE,NE,1
68624,NE,NE,1
68626,NE,NE,1
68627,NE,NE,1
68628,NE,NE,1
68629,NE,NE,1
68631,NE,NE,1
68632,NE,NE,1
68633,NE,NE,1
68634,NE,NE,1
68635,NE,NE,1
68636,NE,NE,1
68637,NE,NE,1
68638,NE,NE,1
68640,NE,NE,1
68641,NE,NE,1
68642,NE,NE,1
68643,NE,NE,1
68644,NE,NE,1
68647,NE,NE,1
68648,NE,NE,1
68649,NE,NE,1
68651,NE,NE,1
68652,NE,NE,1
68653,NE,NE,1
68654,NE,NE,1
68655,NE,NE,1
68658,NE,NE,1
68659,NE,NE,1
68660,NE,NE,1
68661,NE,NE,1
68662,NE,NE,1
68663,NE,NE,1
68664,NE,NE,1
68665,NE,NE,1
68666,NE,NE,1
68667,NE,NE,1
68669,NE,NE,1
68701,NE,NE,1
68710,NE,NE,1
68711,NE,NE,1
68713,NE,NE,1
68714,NE,NE,1
68715,NE,NE,1
68716,NE,NE,1
68717,NE,NE,1
68718,NE,NE,1
68719,NE,NE|SD,2
68720,NE,NE,1
68722,NE,NE,1
68723,NE,NE,1
68724,NE,NE,1
68725,NE,NE,1
68726,NE,NE,1
68727,NE,NE,1
68728,NE,NE,1
68729,NE,NE,1
68730,NE,NE,1
68731,NE,NE,1
68732,NE,NE,1
68733,NE,NE,1
68734,NE,NE,1
68735,NE,NE,1
68736,NE,NE,1
68739,NE,NE,1
68740,NE,NE,1
68741,NE,NE,1
68742,NE,NE,1
68743,NE,NE,1
68745,NE,NE,1
68746,NE,NE,1
68747,NE,NE,1
68748,NE,NE,1
68749,NE,NE,1
68751,NE,NE,1
68752,NE,NE,1
68753,NE,NE,1
68755,NE,NE|SD,2
68756,NE,NE,1
68757,NE,NE,1
68758,NE,NE,1
68759,NE,NE,1
68760,NE,NE,1
68761,NE,NE,1
68763,NE,NE,1
68764,NE,NE,1
68765,NE,NE,1
68766,NE,NE,1
68767,NE,NE,1
68768,NE,NE,1
68769,NE,NE,1
68770,NE,NE,1
68771,NE,NE,1
68773,NE,NE,1
68774,NE,NE,1
68776,NE,NE,1
68777,NE,NE,1
68778,NE,NE,1
68779,NE,NE,1
68780,NE,NE,1
68781,NE,NE,1
68783,NE,NE,1
68784,NE,NE,1
68785,NE,NE,1
68786,NE,NE,1
68787,NE,NE,1
68788,NE,NE,1
68789,NE,NE,1
68790,NE,NE,1
68791,NE,NE,1
68792,NE,NE,1
68801,NE,NE,1
68803,NE,NE,1
68810,NE,NE,1
68812,NE,NE,1
68813,NE,NE,1
68814,NE,NE,1
68815,NE,NE,1
68816,NE,NE,1
68817,NE,NE,1
68818,NE,NE,1
68820,NE,NE,1
68821,NE,NE,1
68822,NE,NE,1
68823,NE,NE,1
68824,NE,NE,1
68825,NE,NE,1
68826,NE,NE,1
68827,NE,NE,1
68828,NE,NE,1
68831,NE,NE,1
68832,NE,NE,1
68833,NE,NE,1
68834,NE,NE,1
68835,NE,NE,1
68836,NE,NE,1
68837,NE,NE,1
68838,NE,NE,1
68840,NE,NE,1
68841,NE,NE,1
68842,NE,NE,1
68843,NE,NE,1
68844,NE,NE,1
68845,NE,NE,1
68846,NE,NE,1
68847,NE,NE,1
68849,NE,NE,1
68850,NE,NE,1
68852,NE,NE,1
68853,NE,NE,1
68854,NE,NE,1
68855,NE,NE,1
68856,NE,NE,1
68858,NE,NE,1
68859,NE,NE,1
68860,NE,NE,1
68861,NE,NE,1
68862,NE,NE,1
68863,NE,NE,1
68864,NE,NE,1
68865,NE,NE,1
68866,NE,NE,1
68869,NE,NE,1
68870,NE,NE,1
68871,NE,NE,1
68872,NE,NE,1
68873,NE,NE,1
68874,NE,NE,1
68875,NE,NE,1
68876,NE,NE,1
68878,NE,NE,1
68879,NE,NE,1
68881,NE,NE,1
68882,NE,NE,1
68883,NE,NE,1
68901,NE,NE,1
68920,NE,NE,1
68922,NE,NE,1
68923,NE,NE,1
68924,NE,NE,1
68925,NE,NE,1
68926,NE,NE,1
68927,NE,NE,1
68928,NE,NE,1
68929,NE,NE,1
68930,NE,NE,1
68932,NE,NE,1
68933,NE,NE,1
68934,NE,NE,1
68935,NE,NE,1
68936,NE,NE,1
68937,NE,NE,1
68938,NE,NE,1
68939,NE,NE,1
68940,NE,NE,1
68941,NE,NE,1
68942,NE,NE,1
68943,NE,KS|NE,2
68944,NE,NE,1
68945,NE,NE,1
68946,NE,NE,1
68947,NE,NE,1
68948,NE,NE,1
68949,NE,NE,1
68950,NE,NE,1
68952,NE,NE,1
68954,NE,NE,1
68955,NE,NE,1
68956,NE,NE,1
68957,NE,NE,1
68958,NE,NE,1
68959,NE,NE,1
68960,NE,NE,1
68961,NE,NE,1
68964,NE,NE,1
68966,NE,NE,1
68967,NE,NE,1
68970,NE,NE,1
68971,NE,NE,1
68972,NE,NE,1
68973,NE,NE,1
68974,NE,NE,1
68975,NE,NE,1
68976,NE,NE,1
68977,NE,NE,1
68978,NE,KS|NE,2
68979,NE,NE,1
68980,NE,NE,1
68981,NE,NE,1
68982,NE,NE,1
69001,NE,NE,1
69020,NE,NE,1
69021,NE,NE,1
69022,NE,NE,1
69023,NE,NE,1
69024,NE,NE,1
69025,NE,NE,1
69026,NE,KS|NE,2
69027,NE,NE,1
69028,NE,NE,1
69029,NE,NE,1
69030,NE,NE,1
69032,NE,NE,1
69033,NE,NE,1
69034,NE,NE,1
69036,NE,NE,1
69037,NE,NE,1
69038,NE,NE,1
69039,NE,NE,1
69040,NE,NE,1
69041,NE,NE,1
69042,NE,NE,1
69043,NE,NE,1
69044,NE,NE,1
69045,NE,NE,1
69046,NE,NE,1
69101,NE,NE,1
69120,NE,NE,1
69121,NE,NE,1
69122,NE,NE,1
69123,NE,NE,1
69125,NE,NE,1
69127,NE,NE,1
69128,NE,NE,1
69129,NE,NE,1
69130,NE,NE,1
69131,NE,NE,1
69132,NE,NE,1
69133,NE,NE,1
69134,NE,NE,1
69135,NE,NE,1
69138,NE,NE,1
69140,NE,NE,1
69141,NE,NE,1
69142,NE,NE,1
69143,NE,NE,1
69144,NE,NE,1
69145,NE,NE,1
69146,NE,NE,1
69147,NE,NE,1
69148,NE,NE,1
69149,NE,NE,1
69150,NE,NE,1
69151,NE,NE,1
69152,NE,NE,1
69153,NE,NE,1
69154,NE,NE,1
69155,NE,NE,1
69156,NE,NE,1
69157,NE,NE,1
69161,NE,NE,1
69162,NE,NE,1
69163,NE,NE,1
69165,NE,NE,1
69166,NE,NE,1
69167,NE,NE,1
69168,NE,CO|NE,2
69169,NE,NE,1
69170,NE,NE,1
69171,NE,NE,1
69201,NE,NE|SD,2
69210,NE,NE,1
69211,NE,NE,1
69212,NE,NE|SD,2
69214,NE,NE,1
69216,NE,NE|SD,2
69217,NE,NE,1
69218,NE,NE,1
69219,NE,NE,1
69220,NE,NE,1
69221,NE,NE,1
69301,NE,NE,1
69331,NE,NE,1
69333,NE,NE,1
69334,NE,NE,1
69335,NE,NE,1
69336,NE,NE,1
69337,NE,NE|SD,2
69339,NE,NE,1
69340,NE,NE,1
69341,NE,NE,1
69343,NE,NE,1
69345,NE,NE,1
69346,NE,NE,1
69347,NE,NE,1
69348,NE,NE,1
69350,NE,NE,1
69351,NE,NE,1
69352,NE,NE,1
69353,NE,NE,1
69354,NE,NE,1
69355,NE,NE,1
69356,NE,NE,1
69357,NE,NE,1
69358,NE,NE,1
69360,NE,NE,1
69361,NE,NE,1
69365,NE,NE,1
69366,NE,NE,1
69367,NE,NE,1
70001,LA,LA,1
70002,LA,LA,1
70003,LA,LA,1
70005,LA,LA,1
70006,LA,LA,1
70030,LA,LA,1
70031,LA,LA,1
70032,LA,LA,1
70036,LA,LA,1
70037,LA,LA,1
70038,LA,LA,1
70039,LA,LA,1
70040,LA,LA,1
70041,LA,LA,1
70043,LA,LA,1
70047,LA,LA,1
70049,LA,LA,1
70050,LA,LA,1
70051,LA,LA,1
70052,LA,LA,1
70053,LA,LA,1
70056,LA,LA,1
70057,LA,LA,1
70058,LA,LA,1
70062,LA,LA,1
70065,LA,LA,1
70067,LA,LA,1
70068,LA,LA,1
70070,LA,LA,1
70071,LA,LA,1
70072,LA,LA,1
70075,LA,LA,1
70076,LA,LA,1
70079,LA,LA,1
70080,LA,LA,1
70082,LA,LA,1
70083,LA,LA,1
70084,LA,LA,1
70085,LA,LA,1
70086,LA,LA,1
70087,LA,LA,1
70090,LA,LA,1
70091,LA,LA,1
70092,LA,LA,1
70094,LA,LA,1
70112,LA,LA,1
70113,LA,LA,1
70114,LA,LA,1
70115,LA,LA,1
70116,LA,LA,1
70117,LA,LA,1
70118,LA,LA,1
70119,LA,LA,1
70121,LA,LA,1
70122,LA,LA,1
70123,LA,LA,1
70124,LA,LA,1
70125,LA,LA,1
70126,LA,LA,1
70127,LA,LA,1
70128,LA,LA,1
70129,LA,LA,1
70130,LA,LA,1
70131,LA,LA,1
70139,LA,LA,1
70148,LA,LA,1
70163,LA,LA,1
70301,LA,LA,1
70310,LA,LA,1
70339,LA,LA,1
70340,LA,LA,1
70341,LA,LA,1
70342,LA,LA,1
70343,LA,LA,1
70344,LA,LA,1
70345,LA,LA,1
70346,LA,LA,1
70352,LA,LA,1
70353,LA,LA,1
70354,LA,LA,1
70355,LA,LA,1
70356,LA,LA,1
70357,LA,LA,1
70358,LA,LA,1
70359,LA,LA,1
70360,LA,LA,1
70363,LA,LA,1
70364,LA,LA,1
70372,LA,LA,1
70373,LA,LA,1
70374,LA,LA,1
70375,LA,LA,1
70377,LA,LA,1
70380,LA,LA,1
70390,LA,LA,1
70391,LA,LA,1
70392,LA,LA,1
70393,LA,LA,1
70394,LA,LA,1
70395,LA,LA,1
70397,LA,LA,1
70401,LA,LA,1
70402,LA,LA,1
70403,LA,LA,1
70420,LA,LA,1
70422,LA,LA,1
70426,LA,LA,1
70427,LA,LA,1
70431,LA,LA,1
70433,LA,LA,1
70435,LA,LA,1
70436,LA,LA,1
70437,LA,LA,1
70438,LA,LA,1
70441,LA,LA,1
70442,LA,LA,1
70443,LA,LA,1
70444,LA,LA,1
70445,LA,LA,1
70446,LA,LA,1
70447,LA,LA,1
70448,LA,LA,1
70449,LA,LA,1
70450,LA,LA,1
70451,LA,LA,1
70452,LA,LA,1
70453,LA,LA,1
70454,LA,LA,1
70455,LA,LA,1
70456,LA,LA,1
70457,LA,LA,1
70458,LA,LA,1
70460,LA,LA,1
70461,LA,LA,1
70462,LA,LA,1
70463,LA,LA,1
70464,LA,LA,1
70465,LA,LA,1
70466,LA,LA,1
70471,LA,LA,1
70501,LA,LA,1
70503,LA,LA,1
70506,LA,LA,1
70507,LA,LA,1
70508,LA,LA,1
70510,LA,LA,1
70512,LA,LA,1
70513,LA,LA,1
70514,LA,LA,1
70515,LA,LA,1
70516,LA,LA,1
70517,LA,LA,1
70518,LA,LA,1
70519,LA,LA,1
70520,LA,LA,1
70522,LA,LA,1
70523,LA,LA,1
70524,LA,LA,1
70525,LA,LA,1
70526,LA,LA,1
70528,LA,LA,1
70529,LA,LA,1
70531,LA,LA,1
70532,LA,LA,1
70533,LA,LA,1
70534,LA,LA,1
70535,LA,LA,1
70537,LA,LA,1
70538,LA,LA,1
70541,LA,LA,1
70542,LA,LA,1
70543,LA,LA,1
70544,LA,LA,1
70546,LA,LA,1
70548,LA,LA,1
70549,LA,LA,1
70550,LA,LA,1
70551,LA,LA,1
70552,LA,LA,1
70554,LA,LA,1
70555,LA,LA,1
70556,LA,LA,1
70558,LA,LA,1
70559,LA,LA,1
70560,LA,LA,1
70563,LA,LA,1
70570,LA,LA,1
70575,LA,LA,1
70576,LA,LA,1
70577,LA,LA,1
70578,LA,LA,1
70580,LA,LA,1
70581,LA,LA,1
70582,LA,LA,1
70583,LA,LA,1
70584,LA,LA,1
70585,LA,LA,1
70586,LA,LA,1
70589,LA,LA,1
70591,LA,LA,1
70592,LA,LA,1
70601,LA,LA,1
70605,LA,LA,1
70607,LA,LA,1
70609,LA,LA,1
70611,LA,LA,1
70615,LA,LA,1
70629,LA,LA,1
70630,LA,LA,1
70631,LA,LA,1
70632,LA,LA,1
70633,LA,LA,1
70634,LA,LA,1
70637,LA,LA,1
70638,LA,LA,1
70639,LA,LA,1
70640,LA,LA,1
70643,LA,LA,1
70644,LA,LA,1
70645,LA,LA,1
70646,LA,LA,1
70647,LA,LA,1
70648,LA,LA,1
70650,LA,LA,1
70651,LA,LA,1
70652,LA,LA,1
70653,LA,LA,1
70654,LA,LA,1
70655,LA,LA,1
70656,LA,LA,1
70657,LA,LA,1
70658,LA,LA,1
70659,LA,LA,1
70660,LA,LA,1
70661,LA,LA,1
70662,LA,LA,1
70663,LA,LA,1
70665,LA,LA,1
70668,LA,LA,1
70669,LA,LA,1
70706,LA,LA,1
70710,LA,LA,1
70711,LA,LA,1
70712,LA,LA,1
70714,LA,LA,1
70715,LA,LA,1
70719,LA,LA,1
70721,LA,LA,1
70722,LA,LA,1
70723,LA,LA,1
70725,LA,LA,1
70726,LA,LA,1
70729,LA,LA,1
70730,LA,LA,1
70732,LA,LA,1
70733,LA,LA,1
70734,LA,LA,1
70736,LA,LA,1
70737,LA,LA,1
70739,LA,LA,1
70740,LA,LA,1
70743,LA,LA,1
70744,LA,LA,1
70747,LA,LA,1
70748,LA,LA,1
70749,LA,LA,1
70750,LA,LA,1
70752,LA,LA,1
70753,LA,LA,1
70754,LA,LA,1
70755,LA,LA,1
70756,LA,LA,1
70757,LA,LA,1
70759,LA,LA,1
70760,LA,LA,1
70761,LA,LA,1
70762,LA,LA,1
70763,LA,LA,1
70764,LA,LA,1
70767,LA,LA,1
70769,LA,LA,1
70770,LA,LA,1
70772,LA,LA,1
70773,LA,LA,1
70774,LA,LA,1
70775,LA,LA,1
70776,LA,LA,1
70777,LA,LA,1
70778,LA,LA,1
70780,LA,LA,1
70782,LA,LA,1
70783,LA,LA,1
70785,LA,LA,1
70786,LA,LA,1
70787,LA,LA,1
70788,LA,LA,1
70789,LA,LA,1
70791,LA,LA,1
70801,LA,LA,1
70802,LA,LA,1
70803,LA,LA,1
70805,LA,LA,1
70806,LA,LA,1
70807,LA,LA,1
70808,LA,LA,1
70809,LA,LA,1
70810,LA,LA,1
70811,LA,LA,1
70812,LA,LA,1
70813,LA,LA,1
70814,LA,LA,1
70815,LA,LA,1
70816,LA,LA,1
70817,LA,LA,1
70818,LA,LA,1
70819,LA,LA,1
70820,LA,LA,1
70825,LA,LA,1
70836,LA,LA,1
71001,LA,LA,1
71002,LA,LA,1
71003,LA,LA,1
71004,LA,LA,1
71006,LA,LA,1
71007,LA,LA,1
71008,LA,LA,1
71009,LA,LA,1
71016,LA,LA,1
71018,LA,LA,1
71019,LA,LA,1
71021,LA,LA,1
71023,LA,LA,1
71024,LA,LA,1
71027,LA,LA,1
71028,LA,LA,1
71029,LA,LA,1
71030,LA,LA,1
71031,LA,LA,1
71032,LA,LA,1
71033,LA,LA,1
71034,LA,LA,1
71037,LA,LA,1
71038,LA,LA,1
71039,LA,LA,1
71040,LA,LA,1
71043,LA,LA,1
71044,LA,LA,1
71045,LA,LA,1
71046,LA,LA,1
71047,LA,LA,1
71048,LA,LA,1
71049,LA,LA,1
71051,LA,LA,1
71052,LA,LA,1
71055,LA,LA,1
71060,LA,LA,1
71061,LA,LA,1
71063,LA,LA,1
71064,LA,LA,1
71065,LA,LA,1
71066,LA,LA,1
71067,LA,LA,1
71068,LA,LA,1
71069,LA,LA,1
71070,LA,LA,1
71071,LA,LA,1
71072,LA,LA,1
71073,LA,LA,1
71075,LA,LA,1
71078,LA,LA,1
71079,LA,LA,1
71082,LA,LA,1
71101,LA,LA,1
71103,LA,LA,1
71104,LA,LA,1
71105,LA,LA,1
71106,LA,LA,1
71107,LA,LA,1
71108,LA,LA,1
71109,LA,LA,1
71110,LA,LA,1
71111,LA,LA,1
71112,LA,LA,1
71115,LA,LA,1
71118,LA,LA,1
71119,LA,LA,1
71129,LA,LA,1
71201,LA,LA,1
71202,LA,LA,1
71203,LA,LA,1
71209,LA,LA,1
71212,LA,LA,1
71218,LA,LA,1
71219,LA,LA,1
71220,LA,LA,1
71222,LA,LA,1
71223,LA,LA,1
71225,LA,LA,1
71226,LA,LA,1
71227,LA,LA,1
71229,LA,LA,1
71230,LA,LA,1
71232,LA,LA,1
71233,LA,LA,1
71234,LA,LA,1
71235,LA,LA,1
71237,LA,LA,1
71238,LA,LA,1
71241,LA,LA,1
71242,LA,LA,1
71243,LA,LA,1
71245,LA,LA,1
71247,LA,LA,1
71250,LA,LA,1
71251,LA,LA,1
71253,LA,LA,1
71254,LA,LA,1
71256,LA,LA,1
71259,LA,LA,1
71260,LA,LA,1
71261,LA,LA,1
71263,LA,LA,1
71264,LA,LA,1
71266,LA,LA,1
71268,LA,LA,1
71269,LA,LA,1
71270,LA,LA,1
71272,LA,LA,1
71275,LA,LA,1
71276,LA,LA,1
71277,LA,LA,1
71279,LA,LA,1
71280,LA,LA,1
71282,LA,LA,1
71286,LA,LA,1
71291,LA,LA,1
71292,LA,LA,1
71295,LA,LA,1
71301,LA,LA,1
71302,LA,LA,1
71303,LA,LA,1
71316,LA,LA,1
71320,LA,LA,1
71322,LA,LA,1
71323,LA,LA,1
71325,LA,LA,1
71326,LA,LA,1
71327,LA,LA,1
71328,LA,LA,1
71330,LA,LA,1
71331,LA,LA,1
71333,LA,LA,1
71334,LA,LA,1
71336,LA,LA,1
71339,LA,LA,1
71340,LA,LA,1
71341,LA,LA,1
71342,LA,LA,1
71343,LA,LA,1
71345,LA,LA,1
71346,LA,LA,1
71350,LA,LA,1
71351,LA,LA,1
71353,LA,LA,1
71354,LA,LA,1
71355,LA,LA,1
71356,LA,LA,1
71357,LA,LA,1
71358,LA,LA,1
71359,LA,LA,1
71360,LA,LA,1
71362,LA,LA,1
71366,LA,LA,1
71367,LA,LA,1
71368,LA,LA,1
71369,LA,LA,1
71371,LA,LA,1
71373,LA,LA,1
71375,LA,LA,1
71378,LA,LA,1
71401,LA,LA,1
71403,LA,LA,1
71404,LA,LA,1
71405,LA,LA,1
71406,LA,LA,1
71407,LA,LA,1
71409,LA,LA,1
71410,LA,LA,1
71411,LA,LA,1
71414,LA,LA,1
71415,LA,LA,1
71416,LA,LA,1
71417,LA,LA,1
71418,LA,LA,1
71419,LA,LA,1
71422,LA,LA,1
71423,LA,LA,1
71424,LA,LA,1
71425,LA,LA,1
71426,LA,LA,1
71427,LA,LA,1
71428,LA,LA,1
71429,LA,LA,1
71430,LA,LA,1
71432,LA,LA,1
71433,LA,LA,1
71434,LA,LA,1
71435,LA,LA,1
71438,LA,LA,1
71439,LA,LA,1
71441,LA,LA,1
71446,LA,LA,1
71447,LA,LA,1
71449,LA,LA,1
71450,LA,LA,1
71452,LA,LA,1
71454,LA,LA,1
71455,LA,LA,1
71456,LA,LA,1
71457,LA,LA,1
71459,LA,LA,1
71461,LA,LA,1
71462,LA,LA,1
71463,LA,LA,1
71465,LA,LA,1
71466,LA,LA,1
71467,LA,LA,1
71468,LA,LA,1
71469,LA,LA,1
71472,LA,LA,1
71473,LA,LA,1
71474,LA,LA,1
71475,LA,LA,1
71479,LA,LA,1
71480,LA,LA,1
71483,LA,LA,1
71485,LA,LA,1
71486,LA,LA,1
71497,LA,LA,1
71601,AR,AR,1
71602,AR,AR,1
71603,AR,AR,1
71630,AR,AR,1
71631,AR,AR,1
71635,AR,AR,1
71638,AR,AR,1
71639,AR,AR,1
71640,AR,AR,1
71642,AR,AR,1
71643,AR,AR,1
71644,AR,AR,1
71646,AR,AR,1
71647,AR,AR,1
71651,AR,AR,1
71652,AR,AR,1
71653,AR,AR,1
71654,AR,AR,1
71655,AR,AR,1
71658,AR,AR,1
71659,AR,AR,1
71660,AR,AR,1
71661,AR,AR,1
71662,AR,AR,1
71663,AR,AR,1
71665,AR,AR,1
71666,AR,AR,1
71667,AR,AR,1
71670,AR,AR,1
71671,AR,AR,1
71674,AR,AR,1
71675,AR,AR,1
71676,AR,AR,1
71677,AR,AR,1
71678,AR,AR,1
71701,AR,AR,1
71720,AR,AR,1
71721,AR,AR,1
71722,AR,AR,1
71724,AR,AR,1
71725,AR,AR,1
71726,AR,AR,1
71728,AR,AR,1
71730,AR,AR,1
71740,AR,AR,1
71742,AR,AR,1
71743,AR,AR,1
71744,AR,AR,1
71745,AR,AR,1
71747,AR,AR,1
71748,AR,AR,1
71749,AR,AR|LA,2
71751,AR,AR,1
71752,AR,AR,1
71753,AR,AR,1
71758,AR,AR,1
71759,AR,AR,1
71762,AR,AR,1
71763,AR,AR,1
71764,AR,AR,1
71765,AR,AR,1
71766,AR,AR,1
71770,AR,AR,1
71772,AR,AR,1
71801,AR,AR,1
71820,AR,AR,1
71822,AR,AR,1
71823,AR,AR,1
71825,AR,AR,1
71826,AR,AR,1
71827,AR,AR,1
71831,AR,AR,1
71832,AR,AR,1
71833,AR,AR,1
71834,AR,AR,1
71835,AR,AR,1
71836,AR,AR,1
71837,AR,AR,1
71838,AR,AR,1
71839,AR,AR,1
71841,AR,AR,1
71842,AR,AR,1
71845,AR,AR,1
71846,AR,AR,1
71847,AR,AR,1
71851,AR,AR,1
71852,AR,AR,1
71853,AR,AR,1
71854,AR,AR,1
71855,AR,AR,1
71857,AR,AR,1
71858,AR,AR,1
71859,AR,AR,1
71860,AR,AR,1
71861,AR,AR,1
71862,AR,AR,1
71864,AR,AR,1
71865,AR,AR,1
71866,AR,AR,1
71901,AR,AR,1
71909,AR,AR,1
71913,AR,AR,1
71921,AR,AR,1
71922,AR,AR,1
71923,AR,AR,1
71929,AR,AR,1
71933,AR,AR,1
71935,AR,AR,1
71937,AR,AR|OK,2
71940,AR,AR,1
71941,AR,AR,1
71942,AR,AR,1
71943,AR,AR,1
71944,AR,AR,1
71945,AR,AR,1
71949,AR,AR,1
71950,AR,AR,1
71952,AR,AR,1
71953,AR,AR|OK,2
71956,AR,AR,1
71957,AR,AR,1
71958,AR,AR,1
71959,AR,AR,1
71960,AR,AR,1
71961,AR,AR,1
71962,AR,AR,1
71964,AR,AR,1
71965,AR,AR,1
71968,AR,AR,1
71969,AR,AR,1
71970,AR,AR,1
71971,AR,AR,1
71972,AR,AR,1
71973,AR,AR,1
71998,AR,AR,1
71999,AR,AR,1
72001,AR,AR,1
72002,AR,AR,1
72003,AR,AR,1
72004,AR,AR,1
72005,AR,AR,1
72006,AR,AR,1
72007,AR,AR,1
72010,AR,AR,1
72011,AR,AR,1
72012,AR,AR,1
72013,AR,AR,1
72014,AR,AR,1
72015,AR,AR,1
72016,AR,AR,1
72017,AR,AR,1
72019,AR,AR,1
72020,AR,AR,1
72021,AR,AR,1
72022,AR,AR,1
72023,AR,AR,1
72024,AR,AR,1
72025,AR,AR,1
72026,AR,AR,1
72027,AR,AR,1
72028,AR,AR,1
72029,AR,AR,1
72030,AR,AR,1
72031,AR,AR,1
72032,AR,AR,1
72034,AR,AR,1
72035,AR,AR,1
72036,AR,AR,1
72038,AR,AR,1
72039,AR,AR,1
72040,AR,AR,1
72041,AR,AR,1
72042,AR,AR,1
72044,AR,AR,1
72045,AR,AR,1
72046,AR,AR,1
72047,AR,AR,1
72048,AR,AR,1
72051,AR,AR,1
72052,AR,AR,1
72053,AR,AR,1
72055,AR,AR,1
72057,AR,AR,1
72058,AR,AR,1
72059,AR,AR,1
72060,AR,AR,1
72061,AR,AR,1
72063,AR,AR,1
72064,AR,AR,1
72065,AR,AR,1
72066,AR,AR,1
72067,AR,AR,1
72068,AR,AR,1
72069,AR,AR,1
72070,AR,AR,1
72072,AR,AR,1
72073,AR,AR,1
72074,AR,AR,1
72075,AR,AR,1
72076,AR,AR,1
72079,AR,AR,1
72080,AR,AR,1
72081,AR,AR,1
72082,AR,AR,1
72083,AR,AR,1
72084,AR,AR,1
72085,AR,AR,1
72086,AR,AR,1
72087,AR,AR,1
72088,AR,AR,1
72099,AR,AR,1
72101,AR,AR,1
72102,AR,AR,1
72103,AR,AR,1
72104,AR,AR,1
72106,AR,AR,1
72107,AR,AR,1
72108,AR,AR,1
72110,AR,AR,1
72111,AR,AR,1
72112,AR,AR,1
72113,AR,AR,1
72114,AR,AR,1
72116,AR,AR,1
72117,AR,AR,1
72118,AR,AR,1
72119,AR,AR,1
72120,AR,AR,1
72121,AR,AR,1
72122,AR,AR,1
72123,AR,AR,1
72125,AR,AR,1
72126,AR,AR,1
72127,AR,AR,1
72128,AR,AR,1
72129,AR,AR,1
72130,AR,AR,1
72131,AR,AR,1
72132,AR,AR,1
72133,AR,AR,1
72134,AR,AR,1
72135,AR,AR,1
72136,AR,AR,1
72137,AR,AR,1
72139,AR,AR,1
72140,AR,AR,1
72141,AR,AR,1
72142,AR,AR,1
72143,AR,AR,1
72150,AR,AR,1
72152,AR,AR,1
72153,AR,AR,1
72156,AR,AR,1
72157,AR,AR,1
72160,AR,AR,1
72165,AR,AR,1
72166,AR,AR,1
72167,AR,AR,1
72168,AR,AR,1
72169,AR,AR,1
72170,AR,AR,1
72173,AR,AR,1
72175,AR,AR,1
72176,AR,AR,1
72178,AR,AR,1
72179,AR,AR,1
72180,AR,AR,1
72181,AR,AR,1
72182,AR,AR,1
72183,AR,AR,1
72199,AR,AR,1
72201,AR,AR,1
72202,AR,AR,1
72204,AR,AR,1
72205,AR,AR,1
72206,AR,AR,1
72207,AR,AR,1
72209,AR,AR,1
72210,AR,AR,1
72211,AR,AR,1
72212,AR,AR,1
72223,AR,AR,1
72227,AR,AR,1
72301,AR,AR,1
72311,AR,AR,1
72313,AR,AR,1
72315,AR,AR,1
72320,AR,AR,1
72322,AR,AR,1
72324,AR,AR,1
72325,AR,AR,1
72326,AR,AR,1
72327,AR,AR,1
72328,AR,AR,1
72329,AR,AR,1
72330,AR,AR,1
72331,AR,AR,1
72332,AR,AR,1
72333,AR,AR,1
72335,AR,AR,1
72338,TN,AR|TN,2
72339,AR,AR,1
72340,AR,AR,1
72341,AR,AR,1
72342,AR,AR,1
72346,AR,AR,1
72347,AR,AR,1
72348,AR,AR,1
72350,AR,AR,1
72351,AR,AR,1
72352,AR,AR,1
72353,AR,AR,1
72354,AR,AR,1
72355,AR,AR,1
72358,AR,AR,1
72359,AR,AR,1
72360,AR,AR,1
72364,AR,AR,1
72365,AR,AR,1
72366,AR,AR,1
72367,AR,AR,1
72368,AR,AR,1
72369,AR,AR,1
72370,AR,AR,1
72372,AR,AR,1
72373,AR,AR,1
72374,AR,AR,1
72376,AR,AR,1
72377,AR,AR,1
72379,AR,AR,1
72383,AR,AR,1
72384,AR,AR,1
72386,AR,AR,1
72387,AR,AR,1
72389,AR,AR,1
72390,AR,AR,1
72391,AR,AR,1
72392,AR,AR,1
72394,AR,AR,1
72395,AR,AR,1
72396,AR,AR,1
72401,AR,AR,1
72404,AR,AR,1
72405,AR,AR,1
72410,AR,AR,1
72411,AR,AR,1
72412,AR,AR,1
72413,AR,AR,1
72414,AR,AR,1
72415,AR,AR,1
72416,AR,AR,1
72417,AR,AR,1
72419,AR,AR,1
72421,AR,AR,1
72422,AR,AR,1
72424,AR,AR,1
72425,AR,AR,1
72426,AR,AR,1
72427,AR,AR,1
72428,AR,AR,1
72429,AR,AR,1
72430,AR,AR,1
72431,AR,AR,1
72432,AR,AR,1
72433,AR,AR,1
72434,AR,AR,1
72435,AR,AR,1
72436,AR,AR,1
72437,AR,AR,1
72438,AR,AR,1
72440,AR,AR,1
72441,AR,AR,1
72442,AR,AR,1
72443,AR,AR,1
72444,AR,AR,1
72445,AR,AR,1
72447,AR,AR,1
72449,AR,AR,1
72450,AR,AR,1
72453,AR,AR,1
72454,AR,AR,1
72455,AR,AR,1
72456,AR,AR,1
72457,AR,AR,1
72458,AR,AR,1
72459,AR,AR,1
72460,AR,AR,1
72461,AR,AR,1
72462,AR,AR,1
72464,AR,AR,1
72466,AR,AR,1
72467,AR,AR,1
72469,AR,AR,1
72470,AR,AR,1
72471,AR,AR,1
72472,AR,AR,1
72473,AR,AR,1
72476,AR,AR,1
72478,AR,AR,1
72479,AR,AR,1
72482,AR,AR,1
72501,AR,AR,1
72512,AR,AR,1
72513,AR,AR,1
72515,AR,AR,1
72517,AR,AR,1
72519,AR,AR,1
72520,AR,AR,1
72521,AR,AR,1
72522,AR,AR,1
72523,AR,AR,1
72524,AR,AR,1
72526,AR,AR,1
72527,AR,AR,1
72528,AR,AR,1
72529,AR,AR,1
72530,AR,AR,1
72531,AR,AR,1
72532,AR,AR,1
72533,AR,AR,1
72534,AR,AR,1
72536,AR,AR,1
72537,AR,AR,1
72538,AR,AR,1
72539,AR,AR,1
72540,AR,AR,1
72542,AR,AR,1
72543,AR,AR,1
72544,AR,AR,1
72546,AR,AR,1
72550,AR,AR,1
72553,AR,AR,1
72554,AR,AR,1
72555,AR,AR,1
72556,AR,AR,1
72560,AR,AR,1
72561,AR,AR,1
72562,AR,AR,1
72564,AR,AR,1
72565,AR,AR,1
72566,AR,AR,1
72567,AR,AR,1
72568,AR,AR,1
72569,AR,AR,1
72571,AR,AR,1
72572,AR,AR,1
72573,AR,AR,1
72576,AR,AR,1
72577,AR,AR,1
72578,AR,AR,1
72579,AR,AR,1
72581,AR,AR,1
72583,AR,AR,1
72584,AR,AR,1
72585,AR,AR,1
72587,AR,AR,1
72601,AR,AR,1
72611,AR,AR,1
72615,AR,AR,1
72616,AR,AR,1
72617,AR,AR,1
72619,AR,AR,1
72623,AR,AR,1
72624,AR,AR,1
72626,AR,AR,1
72628,AR,AR,1
72629,AR,AR,1
72630,AR,AR,1
72631,AR,AR,1
72632,AR,AR,1
72633,AR,AR,1
72634,AR,AR,1
72635,AR,AR,1
72636,AR,AR,1
72638,AR,AR,1
72639,AR,AR,1
72640,AR,AR,1
72641,AR,AR,1
72642,AR,AR,1
72644,AR,AR|MO,2
72645,AR,AR,1
72648,AR,AR,1
72650,AR,AR,1
72651,AR,AR,1
72653,AR,AR,1
72655,AR,AR,1
72658,AR,AR,1
72660,AR,AR,1
72661,AR,AR,1
72662,AR,AR,1
72663,AR,AR,1
72666,AR,AR,1
72668,AR,AR,1
72669,AR,AR,1
72670,AR,AR,1
72672,AR,AR,1
72675,AR,AR,1
72677,AR,AR,1
72679,AR,AR,1
72680,AR,AR,1
72682,AR,AR,1
72683,AR,AR,1
72685,AR,AR,1
72686,AR,AR,1
72687,AR,AR,1
72701,AR,AR,1
72703,AR,AR,1
72704,AR,AR,1
72712,AR,AR,1
72713,AR,AR,1
72714,AR,AR,1
72715,AR,AR,1
72717,AR,AR,1
72718,AR,AR,1
72719,AR,AR,1
72721,AR,AR,1
72722,AR,AR,1
72727,AR,AR,1
72729,AR,AR,1
72730,AR,AR,1
72732,AR,AR,1
72734,AR,AR,1
72736,AR,AR,1
72738,AR,AR,1
72739,AR,AR,1
72740,AR,AR,1
72742,AR,AR,1
72744,AR,AR,1
72745,AR,AR,1
72747,AR,AR,1
72749,AR,AR,1
72751,AR,AR,1
72752,AR,AR,1
72753,AR,AR,1
72756,AR,AR,1
72758,AR,AR,1
72760,AR,AR,1
72761,AR,AR,1
72762,AR,AR,1
72764,AR,AR,1
72768,AR,AR,1
72769,AR,AR,1
72773,AR,AR,1
72774,AR,AR,1
72776,AR,AR,1
72801,AR,AR,1
72802,AR,AR,1
72821,AR,AR,1
72823,AR,AR,1
72824,AR,AR,1
72826,AR,AR,1
72827,AR,AR,1
72828,AR,AR,1
72829,AR,AR,1
72830,AR,AR,1
72832,AR,AR,1
72833,AR,AR,1
72834,AR,AR,1
72835,AR,AR,1
72837,AR,AR,1
72838,AR,AR,1
72839,AR,AR,1
72840,AR,AR,1
72841,AR,AR,1
72842,AR,AR,1
72843,AR,AR,1
72845,AR,AR,1
72846,AR,AR,1
72847,AR,AR,1
72851,AR,AR,1
72852,AR,AR,1
72853,AR,AR,1
72854,AR,AR,1
72855,AR,AR,1
72856,AR,AR,1
72857,AR,AR,1
72858,AR,AR,1
72860,AR,AR,1
72863,AR,AR,1
72865,AR,AR,1
72901,AR,AR,1
72903,AR,AR,1
72904,AR,AR,1
72905,AR,AR,1
72908,AR,AR,1
72916,AR,AR,1
72921,AR,AR,1
72923,AR,AR,1
72926,AR,AR,1
72927,AR,AR,1
72928,AR,AR,1
72930,AR,AR,1
72932,AR,AR,1
72933,AR,AR,1
72934,AR,AR,1
72935,AR,AR,1
72936,AR,AR,1
72937,AR,AR,1
72938,AR,AR,1
72940,AR,AR,1
72941,AR,AR,1
72943,AR,AR,1
72944,AR,AR,1
72945,AR,AR,1
72946,AR,AR,1
72947,AR,AR,1
72948,AR,AR,1
72949,AR,AR,1
72950,AR,AR,1
72951,AR,AR,1
72952,AR,AR,1
72955,AR,AR,1
72956,AR,AR,1
72958,AR,AR,1
72959,AR,AR,1
73001,OK,OK,1
73002,OK,OK,1
73003,OK,OK,1
73004,OK,OK,1
73005,OK,OK,1
73006,OK,OK,1
73007,OK,OK,1
73008,OK,OK,1
73009,OK,OK,1
73010,OK,OK,1
73011,OK,OK,1
73012,OK,OK,1
73013,OK,OK,1
73014,OK,OK,1
73015,OK,OK,1
73016,OK,OK,1
73017,OK,OK,1
73018,OK,OK,1
73019,OK,OK,1
73020,OK,OK,1
73021,OK,OK,1
73022,OK,OK,1
73024,OK,OK,1
73025,OK,OK,1
73026,OK,OK,1
73027,OK,OK,1
73028,OK,OK,1
73029,OK,OK,1
73030,OK,OK,1
73031,OK,OK,1
73032,OK,OK,1
73033,OK,OK,1
73034,OK,OK,1
73036,OK,OK,1
73038,OK,OK,1
73040,OK,OK,1
73041,OK,OK,1
73042,OK,OK,1
73043,OK,OK,1
73044,OK,OK,1
73045,OK,OK,1
73047,OK,OK,1
73048,OK,OK,1
73049,OK,OK,1
73050,OK,OK,1
73051,OK,OK,1
73052,OK,OK,1
73053,OK,OK,1
73054,OK,OK,1
73055,OK,OK,1
73056,OK,OK,1
73057,OK,OK,1
73058,OK,OK,1
73059,OK,OK,1
73061,OK,OK,1
73062,OK,OK,1
73063,OK,OK,1
73064,OK,OK,1
73065,OK,OK,1
73066,OK,OK,1
73067,OK,OK,1
73068,OK,OK,1
73069,OK,OK,1
73070,OK,OK,1
73071,OK,OK,1
73072,OK,OK,1
73073,OK,OK,1
73074,OK,OK,1
73075,OK,OK,1
73077,OK,OK,1
73078,OK,OK,1
73079,OK,OK,1
73080,OK,OK,1
73082,OK,OK,1
73084,OK,OK,1
73086,OK,OK,1
73089,OK,OK,1
73090,OK,OK,1
73092,OK,OK,1
73093,OK,OK,1
73095,OK,OK,1
73096,OK,OK,1
73097,OK,OK,1
73098,OK,OK,1
73099,OK,OK,1
73102,OK,OK,1
73103,OK,OK,1
73104,OK,OK,1
73105,OK,OK,1
73106,OK,OK,1
73107,OK,OK,1
73108,OK,OK,1
73109,OK,OK,1
73110,OK,OK,1
73111,OK,OK,1
73112,OK,OK,1
73114,OK,OK,1
73115,OK,OK,1
73116,OK,OK,1
73117,OK,OK,1
73118,OK,OK,1
73119,OK,OK,1
73120,OK,OK,1
73121,OK,OK,1
73122,OK,OK,1
73127,OK,OK,1
73128,OK,OK,1
73129,OK,OK,1
73130,OK,OK,1
73131,OK,OK,1
73132,OK,OK,1
73134,OK,OK,1
73135,OK,OK,1
73139,OK,OK,1
73141,OK,OK,1
73142,OK,OK,1
73145,OK,OK,1
73149,OK,OK,1
73150,OK,OK,1
73151,OK,OK,1
73159,OK,OK,1
73160,OK,OK,1
73162,OK,OK,1
73165,OK,OK,1
73169,OK,OK,1
73170,OK,OK,1
73173,OK,OK,1
73179,OK,OK,1
73401,OK,OK,1
73425,OK,OK,1
73430,OK,OK,1
73432,OK,OK,1
73433,OK,OK,1
73434,OK,OK,1
73435,OK,OK,1
73436,OK,OK,1
73437,OK,OK,1
73438,OK,OK,1
73439,OK,OK,1
73440,OK,OK,1
73441,OK,OK,1
73442,OK,OK,1
73443,OK,OK,1
73444,OK,OK,1
73446,OK,OK,1
73447,OK,OK,1
73448,OK,OK,1
73449,OK,OK,1
73450,OK,OK,1
73453,OK,OK,1
73455,OK,OK,1
73456,OK,OK,1
73458,OK,OK,1
73459,OK,OK,1
73460,OK,OK,1
73461,OK,OK,1
73463,OK,OK,1
73481,OK,OK,1
73487,OK,OK,1
73488,OK,OK,1
73491,OK,OK,1
73501,OK,OK,1
73503,OK,OK,1
73505,OK,OK,1
73507,OK,OK,1
73520,OK,OK,1
73521,OK,OK,1
73523,OK,OK,1
73526,OK,OK,1
73527,OK,OK,1
73528,OK,OK,1
73529,OK,OK,1
73530,OK,OK,1
73531,OK,OK,1
73532,OK,OK,1
73533,OK,OK,1
73537,OK,OK,1
73538,OK,OK,1
73539,OK,OK,1
73540,OK,OK,1
73541,OK,OK,1
73542,OK,OK,1
73543,OK,OK,1
73544,OK,OK,1
73546,OK,OK,1
73547,OK,OK,1
73548,OK,OK,1
73549,OK,OK,1
73550,OK,OK,1
73551,OK,OK,1
73552,OK,OK,1
73553,OK,OK,1
73554,OK,OK,1
73555,OK,OK,1
73556,OK,OK,1
73557,OK,OK,1
73559,OK,OK,1
73560,OK,OK,1
73562,OK,OK,1
73564,OK,OK,1
73565,OK,OK,1
73566,OK,OK,1
73567,OK,OK,1
73568,OK,OK,1
73569,OK,OK,1
73570,OK,OK,1
73571,OK,OK,1
73572,OK,OK,1
73573,OK,OK,1
73601,OK,OK,1
73620,OK,OK,1
73622,OK,OK,1
73624,OK,OK,1
73625,OK,OK,1
73626,OK,OK,1
73627,OK,OK,1
73628,OK,OK,1
73632,OK,OK,1
73638,OK,OK,1
73639,OK,OK,1
73641,OK,OK,1
73642,OK,OK,1
73644,OK,OK,1
73645,OK,OK,1
73646,OK,OK,1
73647,OK,OK,1
73650,OK,OK,1
73651,OK,OK,1
73654,OK,OK,1
73655,OK,OK,1
73658,OK,OK,1
73659,OK,OK,1
73660,OK,OK,1
73661,OK,OK,1
73662,OK,OK,1
73663,OK,OK,1
73664,OK,OK,1
73666,OK,OK,1
73667,OK,OK,1
73668,OK,OK,1
73669,OK,OK,1
73673,OK,OK,1
73701,OK,OK,1
73703,OK,OK,1
73705,OK,OK,1
73716,OK,OK,1
73717,OK,OK,1
73718,OK,OK,1
73719,OK,OK,1
73720,OK,OK,1
73722,OK,OK,1
73724,OK,OK,1
73726,OK,OK,1
73727,OK,OK,1
73728,OK,OK,1
73729,OK,OK,1
73730,OK,OK,1
73731,OK,OK,1
73733,OK,OK,1
73734,OK,OK,1
73735,OK,OK,1
73736,OK,OK,1
73737,OK,OK,1
73738,OK,OK,1
73739,OK,OK,1
73741,OK,OK,1
73742,OK,OK,1
73743,OK,OK,1
73744,OK,OK,1
73746,OK,OK,1
73747,OK,OK,1
73749,OK,OK,1
73750,OK,OK,1
73753,OK,OK,1
73754,OK,OK,1
73755,OK,OK,1
73756,OK,OK,1
73757,OK,OK,1
73758,OK,OK,1
73759,OK,OK,1
73760,OK,OK,1
73761,OK,OK,1
73762,OK,OK,1
73763,OK,OK,1
73764,OK,OK,1
73766,OK,OK,1
73768,OK,OK,1
73770,OK,OK,1
73771,OK,OK,1
73772,OK,OK,1
73773,OK,OK,1
73801,OK,OK,1
73832,OK,OK,1
73834,OK,OK,1
73835,OK,OK,1
73838,OK,OK,1
73840,OK,OK,1
73841,OK,OK,1
73842,OK,OK,1
73843,OK,OK,1
73844,OK,OK,1
73848,OK,OK,1
73851,OK,OK,1
73852,OK,OK,1
73853,OK,OK,1
73855,OK,OK,1
73857,OK,OK,1
73858,OK,OK,1
73859,OK,OK,1
73860,OK,OK,1
73901,OK,OK,1
73931,OK,OK,1
73932,OK,OK,1
73933,OK,OK,1
73937,OK,OK,1
73938,OK,OK,1
73939,OK,OK,1
73942,OK,OK,1
73944,OK,OK,1
73945,OK,OK,1
73946,OK,OK,1
73947,OK,OK,1
73949,OK,OK|TX,2
73950,OK,OK,1
73951,OK,OK,1
73960,TX,TX,1
74001,OK,OK,1
74002,OK,OK,1
74003,OK,OK,1
74006,OK,OK,1
74008,OK,OK,1
74010,OK,OK,1
74011,OK,OK,1
74012,OK,OK,1
74014,OK,OK,1
74015,OK,OK,1
74016,OK,OK,1
74017,OK,OK,1
74019,OK,OK,1
74020,OK,OK,1
74021,OK,OK,1
74022,OK,OK,1
74023,OK,OK,1
74026,OK,OK,1
74027,OK,OK,1
74028,OK,OK,1
74029,OK,OK,1
74030,OK,OK,1
74032,OK,OK,1
74033,OK,OK,1
74034,OK,OK,1
74035,OK,OK,1
74036,OK,OK,1
74037,OK,OK,1
74038,OK,OK,1
74039,OK,OK,1
74041,OK,OK,1
74042,OK,OK,1
74044,OK,OK,1
74045,OK,OK,1
74046,OK,OK,1
74047,OK,OK,1
74048,OK,OK,1
74050,OK,OK,1
74051,OK,OK,1
74052,OK,OK,1
74053,OK,OK,1
74054,OK,OK,1
74055,OK,OK,1
74056,OK,OK,1
74058,OK,OK,1
74059,OK,OK,1
74060,OK,OK,1
74061,OK,OK,1
74062,OK,OK,1
74063,OK,OK,1
74066,OK,OK,1
74068,OK,OK,1
74070,OK,OK,1
74071,OK,OK,1
74072,OK,OK,1
74073,OK,OK,1
74074,OK,OK,1
74075,OK,OK,1
74077,OK,OK,1
74078,OK,OK,1
74079,OK,OK,1
74080,OK,OK,1
74081,OK,OK,1
74082,OK,OK,1
74083,OK,OK,1
74084,OK,OK,1
74085,OK,OK,1
74103,OK,OK,1
74104,OK,OK,1
74105,OK,OK,1
74106,OK,OK,1
74107,OK,OK,1
74108,OK,OK,1
74110,OK,OK,1
74112,OK,OK,1
74114,OK,OK,1
74115,OK,OK,1
74116,OK,OK,1
74117,OK,OK,1
74119,OK,OK,1
74120,OK,OK,1
74126,OK,OK,1
74127,OK,OK,1
74128,OK,OK,1
74129,OK,OK,1
74130,OK,OK,1
74131,OK,OK,1
74132,OK,OK,1
74133,OK,OK,1
74134,OK,OK,1
74135,OK,OK,1
74136,OK,OK,1
74137,OK,OK,1
74145,OK,OK,1
74146,OK,OK,1
74171,OK,OK,1
74301,OK,OK,1
74330,OK,OK,1
74331,OK,OK,1
74332,OK,OK,1
74333,OK,OK,1
74337,OK,OK,1
74338,OK,OK,1
74339,OK,OK,1
74340,OK,OK,1
74342,OK,OK,1
74343,OK,OK,1
74344,OK,OK,1
74346,OK,OK,1
74347,OK,OK,1
74349,OK,OK,1
74350,OK,OK,1
74352,OK,OK,1
74354,OK,OK,1
74358,OK,OK,1
74359,OK,OK,1
74360,OK,OK,1
74361,OK,OK,1
74363,OK,OK,1
74364,OK,OK,1
74365,OK,OK,1
74366,OK,OK,1
74367,OK,OK,1
74368,OK,OK,1
74369,OK,OK,1
74370,OK,OK,1
74401,OK,OK,1
74403,OK,OK,1
74421,OK,OK,1
74422,OK,OK,1
74423,OK,OK,1
74425,OK,OK,1
74426,OK,OK,1
74427,OK,OK,1
74428,OK,OK,1
74429,OK,OK,1
74430,OK,OK,1
74431,OK,OK,1
74432,OK,OK,1
74434,OK,OK,1
74435,OK,OK,1
74436,OK,OK,1
74437,OK,OK,1
74438,OK,OK,1
74441,OK,OK,1
74442,OK,OK,1
74445,OK,OK,1
74446,OK,OK,1
74447,OK,OK,1
74450,OK,OK,1
74451,OK,OK,1
74452,OK,OK,1
74454,OK,OK,1
74455,OK,OK,1
74456,OK,OK,1
74457,OK,OK,1
74458,OK,OK,1
74459,OK,OK,1
74460,OK,OK,1
74462,OK,OK,1
74463,OK,OK,1
74464,OK,OK,1
74467,OK,OK,1
74468,OK,OK,1
74469,OK,OK,1
74470,OK,OK,1
74471,OK,OK,1
74472,OK,OK,1
74477,OK,OK,1
74501,OK,OK,1
74521,OK,OK,1
74522,OK,OK,1
74523,OK,OK,1
74525,OK,OK,1
74528,OK,OK,1
74530,OK,OK,1
74531,OK,OK,1
74533,OK,OK,1
74534,OK,OK,1
74535,OK,OK,1
74536,OK,OK,1
74538,OK,OK,1
74540,OK,OK,1
74543,OK,OK,1
74546,OK,OK,1
74547,OK,OK,1
74549,OK,OK,1
74552,OK,OK,1
74553,OK,OK,1
74554,OK,OK,1
74555,OK,OK,1
74556,OK,OK,1
74557,OK,OK,1
74558,OK,OK,1
74560,OK,OK,1
74561,OK,OK,1
74562,OK,OK,1
74563,OK,OK,1
74565,OK,OK,1
74567,OK,OK,1
74569,OK,OK,1
74570,OK,OK,1
74571,OK,OK,1
74572,OK,OK,1
74574,OK,OK,1
74576,OK,OK,1
74577,OK,OK,1
74578,OK,OK,1
74601,OK,OK,1
74604,OK,OK,1
74630,OK,OK,1
74631,OK,OK,1
74632,OK,OK,1
74633,OK,OK,1
74636,OK,OK,1
74637,OK,OK,1
74640,OK,OK,1
74641,OK,OK,1
74643,OK,OK,1
74644,OK,OK,1
74646,OK,OK,1
74647,OK,OK,1
74650,OK,OK,1
74651,OK,OK,1
74652,OK,OK,1
74653,OK,OK,1
74701,OK,OK,1
74720,OK,OK,1
74721,OK,OK,1
74722,OK,OK,1
74723,OK,OK,1
74724,OK,OK,1
74726,OK,OK,1
74727,OK,OK,1
74728,OK,OK,1
74729,OK,OK,1
74730,OK,OK,1
74731,OK,OK,1
74733,OK,OK,1
74734,OK,OK,1
74735,OK,OK,1
74736,OK,OK,1
74737,OK,OK,1
74738,OK,OK,1
74740,OK,OK,1
74741,OK,OK,1
74743,OK,OK,1
74745,OK,OK,1
74747,OK,OK,1
74748,OK,OK,1
74750,OK,OK,1
74753,OK,OK,1
74754,OK,OK,1
74755,OK,OK,1
74756,OK,OK,1
74759,OK,OK,1
74760,OK,OK,1
74761,OK,OK,1
74764,OK,OK,1
74766,OK,OK,1
74801,OK,OK,1
74804,OK,OK,1
74820,OK,OK,1
74824,OK,OK,1
74825,OK,OK,1
74826,OK,OK,1
74827,OK,OK,1
74829,OK,OK,1
74830,OK,OK,1
74831,OK,OK,1
74832,OK,OK,1
74833,OK,OK,1
74834,OK,OK,1
74836,OK,OK,1
74837,OK,OK,1
74839,OK,OK,1
74840,OK,OK,1
74842,OK,OK,1
74843,OK,OK,1
74844,OK,OK,1
74845,OK,OK,1
74848,OK,OK,1
74849,OK,OK,1
74850,OK,OK,1
74851,OK,OK,1
74852,OK,OK,1
74854,OK,OK,1
74855,OK,OK,1
74856,OK,OK,1
74857,OK,OK,1
74859,OK,OK,1
74860,OK,OK,1
74864,OK,OK,1
74865,OK,OK,1
74866,OK,OK,1
74867,OK,OK,1
74868,OK,OK,1
74869,OK,OK,1
74871,OK,OK,1
74872,OK,OK,1
74873,OK,OK,1
74875,OK,OK,1
74878,OK,OK,1
74880,OK,OK,1
74881,OK,OK,1
74883,OK,OK,1
74884,OK,OK,1
74901,OK,OK,1
74902,OK,OK,1
74930,OK,OK,1
74931,OK,OK,1
74932,OK,OK,1
74935,OK,OK,1
74936,OK,OK,1
74937,OK,OK,1
74939,OK,OK,1
74940,OK,OK,1
74941,OK,OK,1
74942,OK,OK,1
74943,OK,OK,1
74944,OK,OK,1
74945,OK,OK,1
74946,OK,OK,1
74947,OK,OK,1
74948,OK,OK,1
74949,OK,OK,1
74951,OK,OK,1
74953,OK,OK,1
74954,OK,OK,1
74955,OK,OK,1
74956,OK,OK,1
74957,OK,OK,1
74959,OK,OK,1
74960,OK,OK,1
74962,OK,OK,1
74963,OK,OK,1
74964,OK,OK,1
74965,OK,OK,1
74966,OK,OK,1
75001,TX,TX,1
75002,TX,TX,1
75006,TX,TX,1
75007,TX,TX,1
75009,TX,TX,1
75010,TX,TX,1
75013,TX,TX,1
75019,TX,TX,1
75020,TX,TX,1
75021,TX,TX,1
75022,TX,TX,1
75023,TX,TX,1
75024,TX,TX,1
75025,TX,TX,1
75028,TX,TX,1
75032,TX,TX,1
75033,TX,TX,1
75034,TX,TX,1
75035,TX,TX,1
75036,TX,TX,1
75038,TX,TX,1
75039,TX,TX,1
75040,TX,TX,1
75041,TX,TX,1
75042,TX,TX,1
75043,TX,TX,1
75044,TX,TX,1
75048,TX,TX,1
75050,TX,TX,1
75051,TX,TX,1
75052,TX,TX,1
75054,TX,TX,1
75056,TX,TX,1
75057,TX,TX,1
75058,TX,TX,1
75060,TX,TX,1
75061,TX,TX,1
75062,TX,TX,1
75063,TX,TX,1
75065,TX,TX,1
75067,TX,TX,1
75068,TX,TX,1
75069,TX,TX,1
75070,TX,TX,1
75071,TX,TX,1
75072,TX,TX,1
75074,TX,TX,1
75075,TX,TX,1
75076,TX,TX,1
75077,TX,TX,1
75078,TX,TX,1
75080,TX,TX,1
75081,TX,TX,1
75082,TX,TX,1
75087,TX,TX,1
75088,TX,TX,1
75089,TX,TX,1
75090,TX,TX,1
75092,TX,TX,1
75093,TX,TX,1
75094,TX,TX,1
75098,TX,TX,1
75101,TX,TX,1
75102,TX,TX,1
75103,TX,TX,1
75104,TX,TX,1
75105,TX,TX,1
75109,TX,TX,1
75110,TX,TX,1
75114,TX,TX,1
75115,TX,TX,1
75116,TX,TX,1
75117,TX,TX,1
75119,TX,TX,1
75124,TX,TX,1
75125,TX,TX,1
75126,TX,TX,1
75127,TX,TX,1
75132,TX,TX,1
75134,TX,TX,1
75135,TX,TX,1
75137,TX,TX,1
75140,TX,TX,1
75141,TX,TX,1
75142,TX,TX,1
75143,TX,TX,1
75144,TX,TX,1
75146,TX,TX,1
75147,TX,TX,1
75148,TX,TX,1
75149,TX,TX,1
75150,TX,TX,1
75152,TX,TX,1
75153,TX,TX,1
75154,TX,TX,1
75155,TX,TX,1
75156,TX,TX,1
75157,TX,TX,1
75158,TX,TX,1
75159,TX,TX,1
75160,TX,TX,1
75161,TX,TX,1
75163,TX,TX,1
75164,TX,TX,1
75165,TX,TX,1
75166,TX,TX,1
75167,TX,TX,1
75169,TX,TX,1
75172,TX,TX,1
75173,TX,TX,1
75180,TX,TX,1
75181,TX,TX,1
75182,TX,TX,1
75189,TX,TX,1
75201,TX,TX,1
75202,TX,TX,1
75203,TX,TX,1
75204,TX,TX,1
75205,TX,TX,1
75206,TX,TX,1
75207,TX,TX,1
75208,TX,TX,1
75209,TX,TX,1
75210,TX,TX,1
75211,TX,TX,1
75212,TX,TX,1
75214,TX,TX,1
75215,TX,TX,1
75216,TX,TX,1
75217,TX,TX,1
75218,TX,TX,1
75219,TX,TX,1
75220,TX,TX,1
75223,TX,TX,1
75224,TX,TX,1
75225,TX,TX,1
75226,TX,TX,1
75227,TX,TX,1
75228,TX,TX,1
75229,TX,TX,1
75230,TX,TX,1
75231,TX,TX,1
75232,TX,TX,1
75233,TX,TX,1
75234,TX,TX,1
75235,TX,TX,1
75236,TX,TX,1
75237,TX,TX,1
75238,TX,TX,1
75240,TX,TX,1
75241,TX,TX,1
75243,TX,TX,1
75244,TX,TX,1
75246,TX,TX,1
75247,TX,TX,1
75248,TX,TX,1
75249,TX,TX,1
75251,TX,TX,1
75252,TX,TX,1
75253,TX,TX,1
75254,TX,TX,1
75261,TX,TX,1
75270,TX,TX,1
75287,TX,TX,1
75390,TX,TX,1
75401,TX,TX,1
75402,TX,TX,1
75407,TX,TX,1
75409,TX,TX,1
75410,TX,TX,1
75411,TX,TX,1
75412,TX,TX,1
75413,TX,TX,1
75414,TX,TX,1
75415,TX,TX,1
75416,TX,TX,1
75417,TX,TX,1
75418,TX,TX,1
75420,TX,TX,1
75421,TX,TX,1
75422,TX,TX,1
75423,TX,TX,1
75424,TX,TX,1
75426,TX,TX,1
75428,TX,TX,1
75429,TX,TX,1
75431,TX,TX,1
75432,TX,TX,1
75433,TX,TX,1
75434,TX,TX,1
75435,TX,TX,1
75436,TX,TX,1
75437,TX,TX,1
75438,TX,TX,1
75439,TX,TX,1
75440,TX,TX,1
75441,TX,TX,1
75442,TX,TX,1
75446,TX,TX,1
75447,TX,TX,1
75448,TX,TX,1
75449,TX,TX,1
75450,TX,TX,1
75451,TX,TX,1
75452,TX,TX,1
75453,TX,TX,1
75454,TX,TX,1
75455,TX,TX,1
75457,TX,TX,1
75459,TX,TX,1
75460,TX,TX,1
75462,TX,TX,1
75468,TX,TX,1
75469,TX,TX,1
75470,TX,TX,1
75471,TX,TX,1
75472,TX,TX,1
75473,TX,TX,1
75474,TX,TX,1
75475,TX,TX,1
75476,TX,TX,1
75477,TX,TX,1
75478,TX,TX,1
75479,TX,TX,1
75480,TX,TX,1
75481,TX,TX,1
75482,TX,TX,1
75486,TX,TX,1
75487,TX,TX,1
75488,TX,TX,1
75489,TX,TX,1
75490,TX,TX,1
75491,TX,TX,1
75492,TX,TX,1
75493,TX,TX,1
75494,TX,TX,1
75495,TX,TX,1
75496,TX,TX,1
75497,TX,TX,1
75501,TX,TX,1
75503,TX,TX,1
75550,TX,TX,1
75551,TX,TX,1
75554,TX,TX,1
75555,TX,TX,1
75556,TX,AR|TX,2
75558,TX,TX,1
75559,TX,TX,1
75560,TX,TX,1
75561,TX,TX,1
75562,TX,TX,1
75563,TX,TX,1
75564,TX,TX,1
75565,TX,TX,1
75566,TX,TX,1
75567,TX,TX,1
75568,TX,TX,1
75569,TX,TX,1
75570,TX,TX,1
75571,TX,TX,1
75572,TX,TX,1
75573,TX,TX,1
75574,TX,TX,1
75601,TX,TX,1
75602,TX,TX,1
75603,TX,TX,1
75604,TX,TX,1
75605,TX,TX,1
75630,TX,TX,1
75631,TX,TX,1
75633,TX,TX,1
75638,TX,TX,1
75639,TX,TX,1
75640,TX,TX,1
75641,TX,TX,1
75642,TX,TX,1
75643,TX,TX,1
75644,TX,TX,1
75645,TX,TX,1
75647,TX,TX,1
75650,TX,TX,1
75651,TX,TX,1
75652,TX,TX,1
75654,TX,TX,1
75656,TX,TX,1
75657,TX,TX,1
75658,TX,TX,1
75659,TX,TX,1
75661,TX,TX,1
75662,TX,TX,1
75667,TX,TX,1
75668,TX,TX,1
75669,TX,TX,1
75670,TX,TX,1
75671,TX,TX,1
75672,TX,TX,1
75680,TX,TX,1
75681,TX,TX,1
75682,TX,TX,1
75683,TX,TX,1
75684,TX,TX,1
75686,TX,TX,1
75687,TX,TX,1
75689,TX,TX,1
75691,TX,TX,1
75692,TX,TX,1
75693,TX,TX,1
75694,TX,TX,1
75701,TX,TX,1
75702,TX,TX,1
75703,TX,TX,1
75704,TX,TX,1
75705,TX,TX,1
75706,TX,TX,1
75707,TX,TX,1
75708,TX,TX,1
75709,TX,TX,1
75711,TX,TX,1
75750,TX,TX,1
75751,TX,TX,1
75752,TX,TX,1
75754,TX,TX,1
75755,TX,TX,1
75756,TX,TX,1
75757,TX,TX,1
75758,TX,TX,1
75759,TX,TX,1
75760,TX,TX,1
75762,TX,TX,1
75763,TX,TX,1
75764,TX,TX,1
75765,TX,TX,1
75766,TX,TX,1
75770,TX,TX,1
75771,TX,TX,1
75773,TX,TX,1
75778,TX,TX,1
75779,TX,TX,1
75780,TX,TX,1
75782,TX,TX,1
75783,TX,TX,1
75784,TX,TX,1
75785,TX,TX,1
75788,TX,TX,1
75789,TX,TX,1
75790,TX,TX,1
75791,TX,TX,1
75792,TX,TX,1
75801,TX,TX,1
75803,TX,TX,1
75831,TX,TX,1
75833,TX,TX,1
75835,TX,TX,1
75838,TX,TX,1
75839,TX,TX,1
75840,TX,TX,1
75844,TX,TX,1
75845,TX,TX,1
75846,TX,TX,1
75847,TX,TX,1
75848,TX,TX,1
75849,TX,TX,1
75850,TX,TX,1
75851,TX,TX,1
75852,TX,TX,1
75853,TX,TX,1
75855,TX,TX,1
75856,TX,TX,1
75858,TX,TX,1
75859,TX,TX,1
75860,TX,TX,1
75861,TX,TX,1
75862,TX,TX,1
75865,TX,TX,1
75884,TX,TX,1
75886,TX,TX,1
75901,TX,TX,1
75903,TX,TX,1
75904,TX,TX,1
75925,TX,TX,1
75926,TX,TX,1
75928,TX,TX,1
75929,TX,TX,1
75930,TX,TX,1
75931,TX,TX,1
75932,TX,TX,1
75933,TX,TX,1
75934,TX,TX,1
75935,TX,TX,1
75936,TX,TX,1
75937,TX,TX,1
75938,TX,TX,1
75939,TX,TX,1
75941,TX,TX,1
75942,TX,TX,1
75943,TX,TX,1
75944,TX,TX,1
75946,TX,TX,1
75948,TX,TX,1
75949,TX,TX,1
75951,TX,TX,1
75954,TX,TX,1
75956,TX,TX,1
75959,TX,TX,1
75960,TX,TX,1
75961,TX,TX,1
75962,TX,TX,1
75964,TX,TX,1
75965,TX,TX,1
75966,TX,TX,1
75968,TX,TX,1
75969,TX,TX,1
75972,TX,TX,1
75973,TX,TX,1
75974,TX,TX,1
75975,TX,TX,1
75976,TX,TX,1
75977,TX,TX,1
75979,TX,TX,1
75980,TX,TX,1
76001,TX,TX,1
76002,TX,TX,1
76005,TX,TX,1
76006,TX,TX,1
76008,TX,TX,1
76009,TX,TX,1
76010,TX,TX,1
76011,TX,TX,1
76012,TX,TX,1
76013,TX,TX,1
76014,TX,TX,1
76015,TX,TX,1
76016,TX,TX,1
76017,TX,TX,1
76018,TX,TX,1
76020,TX,TX,1
76021,TX,TX,1
76022,TX,TX,1
76023,TX,TX,1
76028,TX,TX,1
76031,TX,TX,1
76033,TX,TX,1
76034,TX,TX,1
76035,TX,TX,1
76036,TX,TX,1
76039,TX,TX,1
76040,TX,TX,1
76041,TX,TX,1
76043,TX,TX,1
76044,TX,TX,1
76048,TX,TX,1
76049,TX,TX,1
76050,TX,TX,1
76051,TX,TX,1
76052,TX,TX,1
76053,TX,TX,1
76054,TX,TX,1
76055,TX,TX,1
76058,TX,TX,1
76059,TX,TX,1
76060,TX,TX,1
76061,TX,TX,1
76063,TX,TX,1
76064,TX,TX,1
76065,TX,TX,1
76066,TX,TX,1
76067,TX,TX,1
76070,TX,TX,1
76071,TX,TX,1
76073,TX,TX,1
76077,TX,TX,1
76078,TX,TX,1
76082,TX,TX,1
76084,TX,TX,1
76085,TX,TX,1
76086,TX,TX,1
76087,TX,TX,1
76088,TX,TX,1
76092,TX,TX,1
76093,TX,TX,1
76102,TX,TX,1
76103,TX,TX,1
76104,TX,TX,1
76105,TX,TX,1
76106,TX,TX,1
76107,TX,TX,1
76108,TX,TX,1
76109,TX,TX,1
76110,TX,TX,1
76111,TX,TX,1
76112,TX,TX,1
76114,TX,TX,1
76115,TX,TX,1
76116,TX,TX,1
76117,TX,TX,1
76118,TX,TX,1
76119,TX,TX,1
76120,TX,TX,1
76123,TX,TX,1
76126,TX,TX,1
76127,TX,TX,1
76129,TX,TX,1
76131,TX,TX,1
76132,TX,TX,1
76133,TX,TX,1
76134,TX,TX,1
76135,TX,TX,1
76137,TX,TX,1
76140,TX,TX,1
76148,TX,TX,1
76155,TX,TX,1
76164,TX,TX,1
76177,TX,TX,1
76179,TX,TX,1
76180,TX,TX,1
76182,TX,TX,1
76201,TX,TX,1
76203,TX,TX,1
76205,TX,TX,1
76207,TX,TX,1
76208,TX,TX,1
76209,TX,TX,1
76210,TX,TX,1
76225,TX,TX,1
76226,TX,TX,1
76227,TX,TX,1
76228,TX,TX,1
76230,TX,TX,1
76233,TX,TX,1
76234,TX,TX,1
76238,TX,TX,1
76239,TX,TX,1
76240,TX,TX,1
76241,TX,TX,1
76244,TX,TX,1
76245,TX,TX,1
76247,TX,TX,1
76248,TX,TX,1
76249,TX,TX,1
76250,TX,TX,1
76251,TX,TX,1
76252,TX,TX,1
76253,TX,TX,1
76255,TX,TX,1
76258,TX,TX,1
76259,TX,TX,1
76261,TX,TX,1
76262,TX,TX,1
76263,TX,TX,1
76264,TX,TX,1
76265,TX,TX,1
76266,TX,TX,1
76267,TX,TX,1
76268,TX,TX,1
76270,TX,TX,1
76271,TX,TX,1
76272,TX,TX,1
76273,TX,TX,1
76301,TX,TX,1
76302,TX,TX,1
76305,TX,TX,1
76306,TX,TX,1
76308,TX,TX,1
76309,TX,TX,1
76310,TX,TX,1
76311,TX,TX,1
76351,TX,TX,1
76354,TX,TX,1
76357,TX,TX,1
76360,TX,TX,1
76363,TX,TX,1
76364,TX,TX,1
76365,TX,TX,1
76366,TX,TX,1
76367,TX,TX,1
76370,TX,TX,1
76371,TX,TX,1
76372,TX,TX,1
76373,TX,TX,1
76374,TX,TX,1
76377,TX,TX,1
76379,TX,TX,1
76380,TX,TX,1
76384,TX,TX,1
76388,TX,TX,1
76389,TX,TX,1
76401,TX,TX,1
76402,TX,TX,1
76424,TX,TX,1
76426,TX,TX,1
76427,TX,TX,1
76429,TX,TX,1
76430,TX,TX,1
76431,TX,TX,1
76432,TX,TX,1
76433,TX,TX,1
76435,TX,TX,1
76436,TX,TX,1
76437,TX,TX,1
76439,TX,TX,1
76442,TX,TX,1
76443,TX,TX,1
76444,TX,TX,1
76445,TX,TX,1
76446,TX,TX,1
76448,TX,TX,1
76449,TX,TX,1
76450,TX,TX,1
76452,TX,TX,1
76453,TX,TX,1
76454,TX,TX,1
76455,TX,TX,1
76457,TX,TX,1
76458,TX,TX,1
76459,TX,TX,1
76460,TX,TX,1
76462,TX,TX,1
76463,TX,TX,1
76464,TX,TX,1
76466,TX,TX,1
76469,TX,TX,1
76470,TX,TX,1
76471,TX,TX,1
76472,TX,TX,1
76474,TX,TX,1
76475,TX,TX,1
76476,TX,TX,1
76481,TX,TX,1
76483,TX,TX,1
76484,TX,TX,1
76486,TX,TX,1
76487,TX,TX,1
76490,TX,TX,1
76491,TX,TX,1
76501,TX,TX,1
76502,TX,TX,1
76504,TX,TX,1
76511,TX,TX,1
76513,TX,TX,1
76518,TX,TX,1
76519,TX,TX,1
76520,TX,TX,1
76522,TX,TX,1
76523,TX,TX,1
76524,TX,TX,1
76525,TX,TX,1
76527,TX,TX,1
76528,TX,TX,1
76530,TX,TX,1
76531,TX,TX,1
76534,TX,TX,1
76537,TX,TX,1
76538,TX,TX,1
76539,TX,TX,1
76541,TX,TX,1
76542,TX,TX,1
76543,TX,TX,1
76544,TX,TX,1
76548,TX,TX,1
76549,TX,TX,1
76550,TX,TX,1
76554,TX,TX,1
76556,TX,TX,1
76557,TX,TX,1
76559,TX,TX,1
76561,TX,TX,1
76565,TX,TX,1
76566,TX,TX,1
76567,TX,TX,1
76569,TX,TX,1
76570,TX,TX,1
76571,TX,TX,1
76573,TX,TX,1
76574,TX,TX,1
76577,TX,TX,1
76578,TX,TX,1
76579,TX,TX,1
76596,TX,TX,1
76597,TX,TX,1
76598,TX,TX,1
76599,TX,TX,1
76621,TX,TX,1
76622,TX,TX,1
76623,TX,TX,1
76624,TX,TX,1
76626,TX,TX,1
76627,TX,TX,1
76628,TX,TX,1
76629,TX,TX,1
76630,TX,TX,1
76631,TX,TX,1
76632,TX,TX,1
76633,TX,TX,1
76634,TX,TX,1
76635,TX,TX,1
76636,TX,TX,1
76637,TX,TX,1
76638,TX,TX,1
76639,TX,TX,1
76640,TX,TX,1
76641,TX,TX,1
76642,TX,TX,1
76643,TX,TX,1
76645,TX,TX,1
76648,TX,TX,1
76649,TX,TX,1
76650,TX,TX,1
76651,TX,TX,1
76652,TX,TX,1
76653,TX,TX,1
76654,TX,TX,1
76655,TX,TX,1
76656,TX,TX,1
76657,TX,TX,1
76660,TX,TX,1
76661,TX,TX,1
76664,TX,TX,1
76665,TX,TX,1
76666,TX,TX,1
76667,TX,TX,1
76670,TX,TX,1
76671,TX,TX,1
76673,TX,TX,1
76676,TX,TX,1
76678,TX,TX,1
76679,TX,TX,1
76680,TX,TX,1
76681,TX,TX,1
76682,TX,TX,1
76685,TX,TX,1
76686,TX,TX,1
76687,TX,TX,1
76689,TX,TX,1
76690,TX,TX,1
76691,TX,TX,1
76692,TX,TX,1
76693,TX,TX,1
76701,TX,TX,1
76704,TX,TX,1
76705,TX,TX,1
76706,TX,TX,1
76707,TX,TX,1
76708,TX,TX,1
76710,TX,TX,1
76711,TX,TX,1
76712,TX,TX,1
76798,TX,TX,1
76801,TX,TX,1
76802,TX,TX,1
76820,TX,TX,1
76821,TX,TX,1
76823,TX,TX,1
76824,TX,TX,1
76825,TX,TX,1
76827,TX,TX,1
76828,TX,TX,1
76831,TX,TX,1
76832,TX,TX,1
76834,TX,TX,1
76836,TX,TX,1
76837,TX,TX,1
76841,TX,TX,1
76842,TX,TX,1
76844,TX,TX,1
76845,TX,TX,1
76848,TX,TX,1
76849,TX,TX,1
76852,TX,TX,1
76853,TX,TX,1
76854,TX,TX,1
76856,TX,TX,1
76857,TX,TX,1
76858,TX,TX,1
76859,TX,TX,1
76861,TX,TX,1
76862,TX,TX,1
76864,TX,TX,1
76865,TX,TX,1
76866,TX,TX,1
76869,TX,TX,1
76870,TX,TX,1
76871,TX,TX,1
76872,TX,TX,1
76873,TX,TX,1
76874,TX,TX,1
76875,TX,TX,1
76877,TX,TX,1
76878,TX,TX,1
76880,TX,TX,1
76882,TX,TX,1
76884,TX,TX,1
76885,TX,TX,1
76887,TX,TX,1
76888,TX,TX,1
76890,TX,TX,1
76901,TX,TX,1
76902,TX,TX,1
76903,TX,TX,1
76904,TX,TX,1
76905,TX,TX,1
76908,TX,TX,1
76909,TX,TX,1
76930,TX,TX,1
76932,TX,TX,1
76933,TX,TX,1
76934,TX,TX,1
76935,TX,TX,1
76936,TX,TX,1
76937,TX,TX,1
76939,TX,TX,1
76940,TX,TX,1
76941,TX,TX,1
76943,TX,TX,1
76945,TX,TX,1
76950,TX,TX,1
76951,TX,TX,1
76953,TX,TX,1
76955,TX,TX,1
76957,TX,TX,1
76958,TX,TX,1
77002,TX,TX,1
77003,TX,TX,1
77004,TX,TX,1
77005,TX,TX,1
77006,TX,TX,1
77007,TX,TX,1
77008,TX,TX,1
77009,TX,TX,1
77010,TX,TX,1
77011,TX,TX,1
77012,TX,TX,1
77013,TX,TX,1
77014,TX,TX,1
77015,TX,TX,1
77016,TX,TX,1
77017,TX,TX,1
77018,TX,TX,1
77019,TX,TX,1
77020,TX,TX,1
77021,TX,TX,1
77022,TX,TX,1
77023,TX,TX,1
77024,TX,TX,1
77025,TX,TX,1
77026,TX,TX,1
77027,TX,TX,1
77028,TX,TX,1
77029,TX,TX,1
77030,TX,TX,1
77031,TX,TX,1
77032,TX,TX,1
77033,TX,TX,1
77034,TX,TX,1
77035,TX,TX,1
77036,TX,TX,1
77037,TX,TX,1
77038,TX,TX,1
77039,TX,TX,1
77040,TX,TX,1
77041,TX,TX,1
77042,TX,TX,1
77043,TX,TX,1
77044,TX,TX,1
77045,TX,TX,1
77046,TX,TX,1
77047,TX,TX,1
77048,TX,TX,1
77049,TX,TX,1
77050,TX,TX,1
77051,TX,TX,1
77053,TX,TX,1
77054,TX,TX,1
77055,TX,TX,1
77056,TX,TX,1
77057,TX,TX,1
77058,TX,TX,1
77059,TX,TX,1
77060,TX,TX,1
77061,TX,TX,1
77062,TX,TX,1
77063,TX,TX,1
77064,TX,TX,1
77065,TX,TX,1
77066,TX,TX,1
77067,TX,TX,1
77068,TX,TX,1
77069,TX,TX,1
77070,TX,TX,1
77071,TX,TX,1
77072,TX,TX,1
77073,TX,TX,1
77074,TX,TX,1
77075,TX,TX,1
77076,TX,TX,1
77077,TX,TX,1
77078,TX,TX,1
77079,TX,TX,1
77080,TX,TX,1
77081,TX,TX,1
77082,TX,TX,1
77083,TX,TX,1
77084,TX,TX,1
77085,TX,TX,1
77086,TX,TX,1
77087,TX,TX,1
77088,TX,TX,1
77089,TX,TX,1
77090,TX,TX,1
77091,TX,TX,1
77092,TX,TX,1
77093,TX,TX,1
77094,TX,TX,1
77095,TX,TX,1
77096,TX,TX,1
77098,TX,TX,1
77099,TX,TX,1
77204,TX,TX,1
77301,TX,TX,1
77302,TX,TX,1
77303,TX,TX,1
77304,TX,TX,1
77306,TX,TX,1
77316,TX,TX,1
77318,TX,TX,1
77320,TX,TX,1
77326,TX,TX,1
77327,TX,TX,1
77328,TX,TX,1
77331,TX,TX,1
77334,TX,TX,1
77335,TX,TX,1
77336,TX,TX,1
77338,TX,TX,1
77339,TX,TX,1
77340,TX,TX,1
77341,TX,TX,1
77342,TX,TX,1
77345,TX,TX,1
77346,TX,TX,1
77350,TX,TX,1
77351,TX,TX,1
77354,TX,TX,1
77355,TX,TX,1
77356,TX,TX,1
77357,TX,TX,1
77358,TX,TX,1
77359,TX,TX,1
77360,TX,TX,1
77362,TX,TX,1
77363,TX,TX,1
77364,TX,TX,1
77365,TX,TX,1
77367,TX,TX,1
77368,TX,TX,1
77369,TX,TX,1
77371,TX,TX,1
77372,TX,TX,1
77373,TX,TX,1
77374,TX,TX,1
77375,TX,TX,1
77376,TX,TX,1
77377,TX,TX,1
77378,TX,TX,1
77379,TX,TX,1
77380,TX,TX,1
77381,TX,TX,1
77382,TX,TX,1
77384,TX,TX,1
77385,TX,TX,1
77386,TX,TX,1
77388,TX,TX,1
77389,TX,TX,1
77396,TX,TX,1
77401,TX,TX,1
77406,TX,TX,1
77407,TX,TX,1
77412,TX,TX,1
77414,TX,TX,1
77415,TX,TX,1
77417,TX,TX,1
77418,TX,TX,1
77419,TX,TX,1
77420,TX,TX,1
77422,TX,TX,1
77423,TX,TX,1
77426,TX,TX,1
77428,TX,TX,1
77429,TX,TX,1
77430,TX,TX,1
77431,TX,TX,1
77432,TX,TX,1
77433,TX,TX,1
77434,TX,TX,1
77435,TX,TX,1
77436,TX,TX,1
77437,TX,TX,1
77440,TX,TX,1
77441,TX,TX,1
77442,TX,TX,1
77443,TX,TX,1
77444,TX,TX,1
77445,TX,TX,1
77446,TX,TX,1
77447,TX,TX,1
77448,TX,TX,1
77449,TX,TX,1
77450,TX,TX,1
77451,TX,TX,1
77453,TX,TX,1
77454,TX,TX,1
77455,TX,TX,1
77456,TX,TX,1
77457,TX,TX,1
77458,TX,TX,1
77459,TX,TX,1
77460,TX,TX,1
77461,TX,TX,1
77464,TX,TX,1
77465,TX,TX,1
77466,TX,TX,1
77467,TX,TX,1
77468,TX,TX,1
77469,TX,TX,1
77470,TX,TX,1
77471,TX,TX,1
77473,TX,TX,1
77474,TX,TX,1
77475,TX,TX,1
77476,TX,TX,1
77477,TX,TX,1
77478,TX,TX,1
77479,TX,TX,1
77480,TX,TX,1
77481,TX,TX,1
77482,TX,TX,1
77483,TX,TX,1
77484,TX,TX,1
77485,TX,TX,1
77486,TX,TX,1
77488,TX,TX,1
77489,TX,TX,1
77493,TX,TX,1
77494,TX,TX,1
77498,TX,TX,1
77502,TX,TX,1
77503,TX,TX,1
77504,TX,TX,1
77505,TX,TX,1
77506,TX,TX,1
77507,TX,TX,1
77510,TX,TX,1
77511,TX,TX,1
77514,TX,TX,1
77515,TX,TX,1
77517,TX,TX,1
77518,TX,TX,1
77519,TX,TX,1
77520,TX,TX,1
77521,TX,TX,1
77523,TX,TX,1
77530,TX,TX,1
77531,TX,TX,1
77532,TX,TX,1
77533,TX,TX,1
77534,TX,TX,1
77535,TX,TX,1
77536,TX,TX,1
77538,TX,TX,1
77539,TX,TX,1
77541,TX,TX,1
77545,TX,TX,1
77546,TX,TX,1
77547,TX,TX,1
77550,TX,TX,1
77551,TX,TX,1
77554,TX,TX,1
77555,TX,TX,1
77560,TX,TX,1
77561,TX,TX,1
77562,TX,TX,1
77563,TX,TX,1
77564,TX,TX,1
77565,TX,TX,1
77566,TX,TX,1
77568,TX,TX,1
77571,TX,TX,1
77573,TX,TX,1
77575,TX,TX,1
77577,TX,TX,1
77578,TX,TX,1
77580,TX,TX,1
77581,TX,TX,1
77582,TX,TX,1
77583,TX,TX,1
77584,TX,TX,1
77585,TX,TX,1
77586,TX,TX,1
77587,TX,TX,1
77590,TX,TX,1
77591,TX,TX,1
77597,TX,TX,1
77598,TX,TX,1
77611,TX,TX,1
77612,TX,TX,1
77613,TX,TX,1
77614,TX,TX,1
77615,TX,TX,1
77616,TX,TX,1
77617,TX,TX,1
77619,TX,TX,1
77622,TX,TX,1
77623,TX,TX,1
77624,TX,TX,1
77625,TX,TX,1
77627,TX,TX,1
77629,TX,TX,1
77630,TX,TX,1
77632,TX,TX,1
77640,TX,TX,1
77642,TX,TX,1
77650,TX,TX,1
77651,TX,TX,1
77655,TX,TX,1
77656,TX,TX,1
77657,TX,TX,1
77659,TX,TX,1
77660,TX,TX,1
77661,TX,TX,1
77662,TX,TX,1
77663,TX,TX,1
77664,TX,TX,1
77665,TX,TX,1
77701,TX,TX,1
77702,TX,TX,1
77703,TX,TX,1
77705,TX,TX,1
77706,TX,TX,1
77707,TX,TX,1
77708,TX,TX,1
77713,TX,TX,1
77801,TX,TX,1
77802,TX,TX,1
77803,TX,TX,1
77807,TX,TX,1
77808,TX,TX,1
77830,TX,TX,1
77831,TX,TX,1
77833,TX,TX,1
77835,TX,TX,1
77836,TX,TX,1
77837,TX,TX,1
77840,TX,TX,1
77843,TX,TX,1
77845,TX,TX,1
77852,TX,TX,1
77853,TX,TX,1
77855,TX,TX,1
77856,TX,TX,1
77857,TX,TX,1
77859,TX,TX,1
77861,TX,TX,1
77863,TX,TX,1
77864,TX,TX,1
77865,TX,TX,1
77866,TX,TX,1
77867,TX,TX,1
77868,TX,TX,1
77871,TX,TX,1
77872,TX,TX,1
77873,TX,TX,1
77875,TX,TX,1
77876,TX,TX,1
77878,TX,TX,1
77879,TX,TX,1
77880,TX,TX,1
77882,TX,TX,1
77901,TX,TX,1
77904,TX,TX,1
77905,TX,TX,1
77950,TX,TX,1
77951,TX,TX,1
77954,TX,TX,1
77957,TX,TX,1
77960,TX,TX,1
77961,TX,TX,1
77962,TX,TX,1
77963,TX,TX,1
77964,TX,TX,1
77968,TX,TX,1
77969,TX,TX,1
77970,TX,TX,1
77971,TX,TX,1
77973,TX,TX,1
77974,TX,TX,1
77975,TX,TX,1
77976,TX,TX,1
77977,TX,TX,1
77978,TX,TX,1
77979,TX,TX,1
77982,TX,TX,1
77983,TX,TX,1
77984,TX,TX,1
77986,TX,TX,1
77987,TX,TX,1
77988,TX,TX,1
77990,TX,TX,1
77991,TX,TX,1
77993,TX,TX,1
77994,TX,TX,1
77995,TX,TX,1
78001,TX,TX,1
78002,TX,TX,1
78003,TX,TX,1
78004,TX,TX,1
78005,TX,TX,1
78006,TX,TX,1
78007,TX,TX,1
78008,TX,TX,1
78009,TX,TX,1
78010,TX,TX,1
78011,TX,TX,1
78012,TX,TX,1
78013,TX,TX,1
78014,TX,TX,1
78015,TX,TX,1
78016,TX,TX,1
78017,TX,TX,1
78019,TX,TX,1
78021,TX,TX,1
78022,TX,TX,1
78023,TX,TX,1
78024,TX,TX,1
78025,TX,TX,1
78026,TX,TX,1
78027,TX,TX,1
78028,TX,TX,1
78029,TX,TX,1
78039,TX,TX,1
78040,TX,TX,1
78041,TX,TX,1
78043,TX,TX,1
78044,TX,TX,1
78045,TX,TX,1
78046,TX,TX,1
78050,TX,TX,1
78052,TX,TX,1
78055,TX,TX,1
78056,TX,TX,1
78057,TX,TX,1
78058,TX,TX,1
78059,TX,TX,1
78061,TX,TX,1
78062,TX,TX,1
78063,TX,TX,1
78064,TX,TX,1
78065,TX,TX,1
78066,TX,TX,1
78067,TX,TX,1
78069,TX,TX,1
78070,TX,TX,1
78071,TX,TX,1
78072,TX,TX,1
78073,TX,TX,1
78074,TX,TX,1
78075,TX,TX,1
78076,TX,TX,1
78101,TX,TX,1
78102,TX,TX,1
78104,TX,TX,1
78107,TX,TX,1
78108,TX,TX,1
78109,TX,TX,1
78111,TX,TX,1
78112,TX,TX,1
78113,TX,TX,1
78114,TX,TX,1
78116,TX,TX,1
78117,TX,TX,1
78118,TX,TX,1
78119,TX,TX,1
78121,TX,TX,1
78122,TX,TX,1
78123,TX,TX,1
78124,TX,TX,1
78125,TX,TX,1
78130,TX,TX,1
78132,TX,TX,1
78133,TX,TX,1
78140,TX,TX,1
78141,TX,TX,1
78142,TX,TX,1
78143,TX,TX,1
78144,TX,TX,1
78145,TX,TX,1
78146,TX,TX,1
78147,TX,TX,1
78148,TX,TX,1
78150,TX,TX,1
78151,TX,TX,1
78152,TX,TX,1
78154,TX,TX,1
78155,TX,TX,1
78159,TX,TX,1
78160,TX,TX,1
78161,TX,TX,1
78162,TX,TX,1
78163,TX,TX,1
78164,TX,TX,1
78201,TX,TX,1
78202,TX,TX,1
78203,TX,TX,1
78204,TX,TX,1
78205,TX,TX,1
78207,TX,TX,1
78208,TX,TX,1
78209,TX,TX,1
78210,TX,TX,1
78211,TX,TX,1
78212,TX,TX,1
78213,TX,TX,1
78214,TX,TX,1
78215,TX,TX,1
78216,TX,TX,1
78217,TX,TX,1
78218,TX,TX,1
78219,TX,TX,1
78220,TX,TX,1
78221,TX,TX,1
78222,TX,TX,1
78223,TX,TX,1
78224,TX,TX,1
78225,TX,TX,1
78226,TX,TX,1
78227,TX,TX,1
78228,TX,TX,1
78229,TX,TX,1
78230,TX,TX,1
78231,TX,TX,1
78232,TX,TX,1
78233,TX,TX,1
78234,TX,TX,1
78235,TX,TX,1
78236,TX,TX,1
78237,TX,TX,1
78238,TX,TX,1
78239,TX,TX,1
78240,TX,TX,1
78242,TX,TX,1
78243,TX,TX,1
78244,TX,TX,1
78245,TX,TX,1
78247,TX,TX,1
78248,TX,TX,1
78249,TX,TX,1
78250,TX,TX,1
78251,TX,TX,1
78252,TX,TX,1
78253,TX,TX,1
78254,TX,TX,1
78255,TX,TX,1
78256,TX,TX,1
78257,TX,TX,1
78258,TX,TX,1
78259,TX,TX,1
78260,TX,TX,1
78261,TX,TX,1
78263,TX,TX,1
78264,TX,TX,1
78266,TX,TX,1
78330,TX,TX,1
78332,TX,TX,1
78336,TX,TX,1
78338,TX,TX,1
78339,TX,TX,1
78340,TX,TX,1
78341,TX,TX,1
78342,TX,TX,1
78343,TX,TX,1
78344,TX,TX,1
78347,TX,TX,1
78349,TX,TX,1
78351,TX,TX,1
78352,TX,TX,1
78353,TX,TX,1
78355,TX,TX,1
78357,TX,TX,1
78358,TX,TX,1
78359,TX,TX,1
78360,TX,TX,1
78361,TX,TX,1
78362,TX,TX,1
78363,TX,TX,1
78368,TX,TX,1
78369,TX,TX,1
78370,TX,TX,1
78371,TX,TX,1
78372,TX,TX,1
78373,TX,TX,1
78374,TX,TX,1
78375,TX,TX,1
78376,TX,TX,1
78377,TX,TX,1
78379,TX,TX,1
78380,TX,TX,1
78382,TX,TX,1
78383,TX,TX,1
78384,TX,TX,1
78385,TX,TX,1
78387,TX,TX,1
78389,TX,TX,1
78390,TX,TX,1
78391,TX,TX,1
78393,TX,TX,1
78401,TX,TX,1
78402,TX,TX,1
78404,TX,TX,1
78405,TX,TX,1
78406,TX,TX,1
78407,TX,TX,1
78408,TX,TX,1
78409,TX,TX,1
78410,TX,TX,1
78411,TX,TX,1
78412,TX,TX,1
78413,TX,TX,1
78414,TX,TX,1
78415,TX,TX,1
78416,TX,TX,1
78417,TX,TX,1
78418,TX,TX,1
78419,TX,TX,1
78501,TX,TX,1
78503,TX,TX,1
78504,TX,TX,1
78516,TX,TX,1
78520,TX,TX,1
78521,TX,TX,1
78526,TX,TX,1
78535,TX,TX,1
78536,TX,TX,1
78537,TX,TX,1
78538,TX,TX,1
78539,TX,TX,1
78540,TX,TX,1
78541,TX,TX,1
78542,TX,TX,1
78543,TX,TX,1
78545,TX,TX,1
78547,TX,TX,1
78548,TX,TX,1
78549,TX,TX,1
78550,TX,TX,1
78552,TX,TX,1
78557,TX,TX,1
78558,TX,TX,1
78559,TX,TX,1
78560,TX,TX,1
78561,TX,TX,1
78562,TX,TX,1
78563,TX,TX,1
78564,TX,TX,1
78565,TX,TX,1
78566,TX,TX,1
78567,TX,TX,1
78569,TX,TX,1
78570,TX,TX,1
78572,TX,TX,1
78573,TX,TX,1
78574,TX,TX,1
78575,TX,TX,1
78576,TX,TX,1
78577,TX,TX,1
78578,TX,TX,1
78579,TX,TX,1
78580,TX,TX,1
78582,TX,TX,1
78583,TX,TX,1
78584,TX,TX,1
78585,TX,TX,1
78586,TX,TX,1
78588,TX,TX,1
78589,TX,TX,1
78590,TX,TX,1
78591,TX,TX,1
78592,TX,TX,1
78593,TX,TX,1
78594,TX,TX,1
78595,TX,TX,1
78596,TX,TX,1
78597,TX,TX,1
78598,TX,TX,1
78599,TX,TX,1
78602,TX,TX,1
78605,TX,TX,1
78606,TX,TX,1
78607,TX,TX,1
78608,TX,TX,1
78609,TX,TX,1
78610,TX,TX,1
78611,TX,TX,1
78612,TX,TX,1
78613,TX,TX,1
78614,TX,TX,1
78615,TX,TX,1
78616,TX,TX,1
78617,TX,TX,1
78618,TX,TX,1
78619,TX,TX,1
78620,TX,TX,1
78621,TX,TX,1
78622,TX,TX,1
78623,TX,TX,1
78624,TX,TX,1
78626,TX,TX,1
78628,TX,TX,1
78629,TX,TX,1
78631,TX,TX,1
78632,TX,TX,1
78633,TX,TX,1
78634,TX,TX,1
78635,TX,TX,1
78636,TX,TX,1
78638,TX,TX,1
78639,TX,TX,1
78640,TX,TX,1
78641,TX,TX,1
78642,TX,TX,1
78643,TX,TX,1
78644,TX,TX,1
78645,TX,TX,1
78648,TX,TX,1
78650,TX,TX,1
78652,TX,TX,1
78653,TX,TX,1
78654,TX,TX,1
78655,TX,TX,1
78656,TX,TX,1
78657,TX,TX,1
78658,TX,TX,1
78659,TX,TX,1
78660,TX,TX,1
78661,TX,TX,1
78662,TX,TX,1
78663,TX,TX,1
78664,TX,TX,1
78665,TX,TX,1
78666,TX,TX,1
78669,TX,TX,1
78670,TX,TX,1
78671,TX,TX,1
78672,TX,TX,1
78674,TX,TX,1
78675,TX,TX,1
78676,TX,TX,1
78677,TX,TX,1
78681,TX,TX,1
78701,TX,TX,1
78702,TX,TX,1
78703,TX,TX,1
78704,TX,TX,1
78705,TX,TX,1
78712,TX,TX,1
78717,TX,TX,1
78719,TX,TX,1
78721,TX,TX,1
78722,TX,TX,1
78723,TX,TX,1
78724,TX,TX,1
78725,TX,TX,1
78726,TX,TX,1
78727,TX,TX,1
78728,TX,TX,1
78729,TX,TX,1
78730,TX,TX,1
78731,TX,TX,1
78732,TX,TX,1
78733,TX,TX,1
78734,TX,TX,1
78735,TX,TX,1
78736,TX,TX,1
78737,TX,TX,1
78738,TX,TX,1
78739,TX,TX,1
78741,TX,TX,1
78742,TX,TX,1
78744,TX,TX,1
78745,TX,TX,1
78746,TX,TX,1
78747,TX,TX,1
78748,TX,TX,1
78749,TX,TX,1
78750,TX,TX,1
78751,TX,TX,1
78752,TX,TX,1
78753,TX,TX,1
78754,TX,TX,1
78756,TX,TX,1
78757,TX,TX,1
78758,TX,TX,1
78759,TX,TX,1
78801,TX,TX,1
78802,TX,TX,1
78827,TX,TX,1
78828,TX,TX,1
78829,TX,TX,1
78830,TX,TX,1
78832,TX,TX,1
78833,TX,TX,1
78834,TX,TX,1
78836,TX,TX,1
78837,TX,TX,1
78838,TX,TX,1
78839,TX,TX,1
78840,TX,TX,1
78841,TX,TX,1
78842,TX,TX,1
78843,TX,TX,1
78850,TX,TX,1
78851,TX,TX,1
78852,TX,TX,1
78860,TX,TX,1
78861,TX,TX,1
78870,TX,TX,1
78871,TX,TX,1
78872,TX,TX,1
78873,TX,TX,1
78877,TX,TX,1
78879,TX,TX,1
78880,TX,TX,1
78881,TX,TX,1
78883,TX,TX,1
78884,TX,TX,1
78885,TX,TX,1
78886,TX,TX,1
78931,TX,TX,1
78932,TX,TX,1
78933,TX,TX,1
78934,TX,TX,1
78935,TX,TX,1
78938,TX,TX,1
78940,TX,TX,1
78941,TX,TX,1
78942,TX,TX,1
78943,TX,TX,1
78944,TX,TX,1
78945,TX,TX,1
78946,TX,TX,1
78947,TX,TX,1
78948,TX,TX,1
78949,TX,TX,1
78950,TX,TX,1
78951,TX,TX,1
78953,TX,TX,1
78954,TX,TX,1
78956,TX,TX,1
78957,TX,TX,1
78959,TX,TX,1
78962,TX,TX,1
78963,TX,TX,1
79001,TX,TX,1
79002,TX,TX,1
79003,TX,TX,1
79005,TX,TX,1
79007,TX,TX,1
79008,TX,TX,1
79009,TX,TX,1
79010,TX,TX,1
79011,TX,TX,1
79012,TX,TX,1
79013,TX,TX,1
79014,TX,TX,1
79015,TX,TX,1
79016,TX,TX,1
79018,TX,TX,1
79019,TX,TX,1
79021,TX,TX,1
79022,TX,TX,1
79024,TX,TX,1
79025,TX,TX,1
79027,TX,TX,1
79029,TX,TX,1
79031,TX,TX,1
79032,TX,TX,1
79033,TX,TX,1
79034,TX,TX,1
79035,TX,TX,1
79036,TX,TX,1
79039,TX,TX,1
79040,TX,TX,1
79041,TX,TX,1
79042,TX,TX,1
79043,TX,TX,1
79044,TX,TX,1
79045,TX,TX,1
79046,TX,TX,1
79051,TX,TX,1
79052,TX,TX,1
79053,TX,TX,1
79054,TX,TX,1
79056,TX,TX,1
79057,TX,TX,1
79058,TX,TX,1
79059,TX,TX,1
79061,TX,TX,1
79062,TX,TX,1
79063,TX,TX,1
79064,TX,TX,1
79065,TX,TX,1
79066,TX,TX,1
79068,TX,TX,1
79070,TX,TX,1
79072,TX,TX,1
79073,TX,TX,1
79078,TX,TX,1
79079,TX,TX,1
79080,TX,TX,1
79081,TX,TX,1
79082,TX,TX,1
79083,TX,TX,1
79084,TX,TX,1
79085,TX,TX,1
79086,TX,TX,1
79087,TX,TX,1
79088,TX,TX,1
79091,TX,TX,1
79092,TX,TX,1
79093,TX,TX,1
79094,TX,TX,1
79095,TX,TX,1
79096,TX,TX,1
79097,TX,TX,1
79098,TX,TX,1
79101,TX,TX,1
79102,TX,TX,1
79103,TX,TX,1
79104,TX,TX,1
79106,TX,TX,1
79107,TX,TX,1
79108,TX,TX,1
79109,TX,TX,1
79110,TX,TX,1
79111,TX,TX,1
79118,TX,TX,1
79119,TX,TX,1
79121,TX,TX,1
79124,TX,TX,1
79201,TX,TX,1
79220,TX,TX,1
79223,TX,TX,1
79225,TX,TX,1
79226,TX,TX,1
79227,TX,TX,1
79229,TX,TX,1
79230,TX,TX,1
79231,TX,TX,1
79233,TX,TX,1
79234,TX,TX,1
79235,TX,TX,1
79236,TX,TX,1
79237,TX,TX,1
79239,TX,TX,1
79240,TX,TX,1
79241,TX,TX,1
79243,TX,TX,1
79244,TX,TX,1
79245,TX,TX,1
79247,TX,TX,1
79248,TX,TX,1
79250,TX,TX,1
79251,TX,TX,1
79252,TX,TX,1
79255,TX,TX,1
79256,TX,TX,1
79257,TX,TX,1
79258,TX,TX,1
79259,TX,TX,1
79261,TX,TX,1
79311,TX,TX,1
79312,TX,TX,1
79313,TX,TX,1
79314,TX,TX,1
79316,TX,TX,1
79322,TX,TX,1
79323,TX,TX,1
79324,TX,TX,1
79325,TX,TX,1
79326,TX,TX,1
79329,TX,TX,1
79330,TX,TX,1
79331,TX,TX,1
79336,TX,TX,1
79339,TX,TX,1
79342,TX,TX,1
79343,TX,TX,1
79344,TX,TX,1
79345,TX,TX,1
79346,TX,TX,1
79347,TX,TX,1
79350,TX,TX,1
79351,TX,TX,1
79353,TX,TX,1
79355,TX,TX,1
79356,TX,TX,1
79357,TX,TX,1
79358,TX,TX,1
79359,TX,TX,1
79360,TX,TX,1
79363,TX,TX,1
79364,TX,TX,1
79366,TX,TX,1
79367,TX,TX,1
79369,TX,TX,1
79370,TX,TX,1
79371,TX,TX,1
79372,TX,TX,1
79373,TX,TX,1
79376,TX,TX,1
79377,TX,TX,1
79378,TX,TX,1
79379,TX,TX,1
79380,TX,TX,1
79381,TX,TX,1
79382,TX,TX,1
79383,TX,TX,1
79401,TX,TX,1
79402,TX,TX,1
79403,TX,TX,1
79404,TX,TX,1
79406,TX,TX,1
79407,TX,TX,1
79410,TX,TX,1
79411,TX,TX,1
79412,TX,TX,1
79413,TX,TX,1
79414,TX,TX,1
79415,TX,TX,1
79416,TX,TX,1
79423,TX,TX,1
79424,TX,TX,1
79501,TX,TX,1
79502,TX,TX,1
79503,TX,TX,1
79504,TX,TX,1
79505,TX,TX,1
79506,TX,TX,1
79508,TX,TX,1
79510,TX,TX,1
79511,TX,TX,1
79512,TX,TX,1
79517,TX,TX,1
79518,TX,TX,1
79519,TX,TX,1
79520,TX,TX,1
79521,TX,TX,1
79525,TX,TX,1
79526,TX,TX,1
79527,TX,TX,1
79528,TX,TX,1
79529,TX,TX,1
79530,TX,TX,1
79532,TX,TX,1
79533,TX,TX,1
79534,TX,TX,1
79535,TX,TX,1
79536,TX,TX,1
79537,TX,TX,1
79538,TX,TX,1
79539,TX,TX,1
79540,TX,TX,1
79541,TX,TX,1
79543,TX,TX,1
79544,TX,TX,1
79545,TX,TX,1
79546,TX,TX,1
79547,TX,TX,1
79548,TX,TX,1
79549,TX,TX,1
79553,TX,TX,1
79556,TX,TX,1
79560,TX,TX,1
79561,TX,TX,1
79562,TX,TX,1
79563,TX,TX,1
79565,TX,TX,1
79566,TX,TX,1
79567,TX,TX,1
79601,TX,TX,1
79602,TX,TX,1
79603,TX,TX,1
79605,TX,TX,1
79606,TX,TX,1
79607,TX,TX,1
79699,TX,TX,1
79701,TX,TX,1
79703,TX,TX,1
79705,TX,TX,1
79706,TX,TX,1
79707,TX,TX,1
79713,TX,TX,1
79714,TX,TX,1
79718,TX,TX,1
79719,TX,TX,1
79720,TX,TX,1
79721,TX,TX,1
79730,TX,TX,1
79731,TX,TX,1
79733,TX,TX,1
79734,TX,TX,1
79735,TX,TX,1
79738,TX,TX,1
79739,TX,TX,1
79741,TX,TX,1
79742,TX,TX,1
79743,TX,TX,1
79744,TX,TX,1
79745,TX,TX,1
79748,TX,TX,1
79749,TX,TX,1
79752,TX,TX,1
79754,TX,TX,1
79755,TX,TX,1
79756,TX,TX,1
79758,TX,TX,1
79759,TX,TX,1
79761,TX,TX,1
79762,TX,TX,1
79763,TX,TX,1
79764,TX,TX,1
79765,TX,TX,1
79766,TX,TX,1
79769,TX,TX,1
79770,TX,TX,1
79772,TX,TX,1
79776,TX,TX,1
79777,TX,TX,1
79778,TX,TX,1
79780,TX,TX,1
79781,TX,TX,1
79782,TX,TX,1
79783,TX,TX,1
79785,TX,TX,1
79788,TX,TX,1
79789,TX,TX,1
79821,TX,TX,1
79830,TX,TX,1
79832,TX,TX,1
79834,TX,TX,1
79835,TX,NM|TX,2
79836,TX,TX,1
79837,NM,NM|TX,2
79838,TX,TX,1
79839,TX,TX,1
79842,TX,TX,1
79843,TX,TX,1
79845,TX,TX,1
79846,TX,TX,1
79847,TX,TX,1
79848,TX,TX,1
79849,TX,TX,1
79851,TX,TX,1
79852,TX,TX,1
79853,TX,TX,1
79854,TX,TX,1
79855,TX,TX,1
79901,TX,TX,1
79902,TX,TX,1
79903,TX,TX,1
79904,TX,TX,1
79905,TX,TX,1
79906,TX,TX,1
79907,TX,TX,1
79908,TX,TX,1
79911,TX,TX,1
79912,TX,TX,1
79915,TX,TX,1
79916,TX,TX,1
79918,TX,TX,1
79920,TX,TX,1
79922,TX,NM|TX,2
79924,TX,TX,1
79925,TX,TX,1
79927,TX,TX,1
79928,TX,TX,1
79930,TX,TX,1
79932,TX,TX,1
79934,TX,TX,1
79935,TX,TX,1
79936,TX,TX,1
79938,TX,TX,1
80002,CO,CO,1
80003,CO,CO,1
80004,CO,CO,1
80005,CO,CO,1
80007,CO,CO,1
80010,CO,CO,1
80011,CO,CO,1
80012,CO,CO,1
80013,CO,CO,1
80014,CO,CO,1
80015,CO,CO,1
80016,CO,CO,1
80017,CO,CO,1
80018,CO,CO,1
80019,CO,CO,1
80020,CO,CO,1
80021,CO,CO,1
80022,CO,CO,1
80023,CO,CO,1
80024,CO,CO,1
80025,CO,CO,1
80026,CO,CO,1
80027,CO,CO,1
80030,CO,CO,1
80031,CO,CO,1
80033,CO,CO,1
80045,CO,CO,1
80101,CO,CO,1
80102,CO,CO,1
80103,CO,CO,1
80104,CO,CO,1
80105,CO,CO,1
80106,CO,CO,1
80107,CO,CO,1
80108,CO,CO,1
80109,CO,CO,1
80110,CO,CO,1
80111,CO,CO,1
80112,CO,CO,1
80113,CO,CO,1
80116,CO,CO,1
80117,CO,CO,1
80118,CO,CO,1
80120,CO,CO,1
80121,CO,CO,1
80122,CO,CO,1
80123,CO,CO,1
80124,CO,CO,1
80125,CO,CO,1
80126,CO,CO,1
80127,CO,CO,1
80128,CO,CO,1
80129,CO,CO,1
80130,CO,CO,1
80131,CO,CO,1
80132,CO,CO,1
80133,CO,CO,1
80134,CO,CO,1
80135,CO,CO,1
80136,CO,CO,1
80137,CO,CO,1
80138,CO,CO,1
80202,CO,CO,1
80203,CO,CO,1
80204,CO,CO,1
80205,CO,CO,1
80206,CO,CO,1
80207,CO,CO,1
80209,CO,CO,1
80210,CO,CO,1
80211,CO,CO,1
80212,CO,CO,1
80214,CO,CO,1
80215,CO,CO,1
80216,CO,CO,1
80218,CO,CO,1
80219,CO,CO,1
80220,CO,CO,1
80221,CO,CO,1
80222,CO,CO,1
80223,CO,CO,1
80224,CO,CO,1
80226,CO,CO,1
80227,CO,CO,1
80228,CO,CO,1
80229,CO,CO,1
80230,CO,CO,1
80231,CO,CO,1
80232,CO,CO,1
80233,CO,CO,1
80234,CO,CO,1
80235,CO,CO,1
80236,CO,CO,1
80237,CO,CO,1
80238,CO,CO,1
80239,CO,CO,1
80241,CO,CO,1
80246,CO,CO,1
80247,CO,CO,1
80249,CO,CO,1
80260,CO,CO,1
80264,CO,CO,1
80266,CO,CO,1
80290,CO,CO,1
80293,CO,CO,1
80294,CO,CO,1
80301,CO,CO,1
80302,CO,CO,1
80303,CO,CO,1
80304,CO,CO,1
80305,CO,CO,1
80310,CO,CO,1
80401,CO,CO,1
80403,CO,CO,1
80419,CO,CO,1
80420,CO,CO,1
80421,CO,CO,1
80422,CO,CO,1
80423,CO,CO,1
80424,CO,CO,1
80425,CO,CO,1
80426,CO,CO,1
80427,CO,CO,1
80428,CO,CO,1
80430,CO,CO,1
80432,CO,CO,1
80433,CO,CO,1
80434,CO,CO,1
80435,CO,CO,1
80436,CO,CO,1
80438,CO,CO,1
80439,CO,CO,1
80440,CO,CO,1
80442,CO,CO,1
80443,CO,CO,1
80444,CO,CO,1
80446,CO,CO,1
80447,CO,CO,1
80448,CO,CO,1
80449,CO,CO,1
80451,CO,CO,1
80452,CO,CO,1
80453,CO,CO,1
80454,CO,CO,1
80455,CO,CO,1
80456,CO,CO,1
80457,CO,CO,1
80459,CO,CO,1
80461,CO,CO,1
80463,CO,CO,1
80465,CO,CO,1
80466,CO,CO,1
80467,CO,CO,1
80468,CO,CO,1
80469,CO,CO,1
80470,CO,CO,1
80471,CO,CO,1
80473,CO,CO,1
80474,CO,CO,1
80475,CO,CO,1
80476,CO,CO,1
80478,CO,CO,1
80479,CO,CO,1
80480,CO,CO,1
80481,CO,CO,1
80482,CO,CO,1
80483,CO,CO,1
80487,CO,CO,1
80498,CO,CO,1
80501,CO,CO,1
80503,CO,CO,1
80504,CO,CO,1
80510,CO,CO,1
80512,CO,CO,1
80513,CO,CO,1
80514,CO,CO,1
80515,CO,CO,1
80516,CO,CO,1
80517,CO,CO,1
80520,CO,CO,1
80521,CO,CO,1
80524,CO,CO,1
80525,CO,CO,1
80526,CO,CO,1
80528,CO,CO,1
80530,CO,CO,1
80532,CO,CO,1
80534,CO,CO,1
80535,CO,CO,1
80536,CO,CO,1
80537,CO,CO,1
80538,CO,CO,1
80540,CO,CO,1
80542,CO,CO,1
80543,CO,CO,1
80544,CO,CO,1
80545,CO,CO,1
80546,CO,CO,1
80547,CO,CO,1
80549,CO,CO,1
80550,CO,CO,1
80601,CO,CO,1
80602,CO,CO,1
80603,CO,CO,1
80610,CO,CO,1
80611,CO,CO,1
80612,CO,CO,1
80615,CO,CO,1
80620,CO,CO,1
80621,CO,CO,1
80622,CO,CO,1
80623,CO,CO,1
80624,CO,CO,1
80631,CO,CO,1
80634,CO,CO,1
80640,CO,CO,1
80642,CO,CO,1
80643,CO,CO,1
80644,CO,CO,1
80645,CO,CO,1
80646,CO,CO,1
80648,CO,CO,1
80649,CO,CO,1
80650,CO,CO,1
80651,CO,CO,1
80652,CO,CO,1
80653,CO,CO,1
80654,CO,CO,1
80701,CO,CO,1
80705,CO,CO,1
80720,CO,CO,1
80721,CO,CO,1
80722,CO,CO,1
80723,CO,CO,1
80726,CO,CO,1
80727,CO,CO,1
80728,CO,CO,1
80729,CO,CO,1
80731,CO,CO,1
80732,CO,CO,1
80733,CO,CO,1
80734,CO,CO,1
80735,CO,CO,1
80736,CO,CO,1
80737,CO,CO|NE,2
80740,CO,CO,1
80741,CO,CO,1
80742,CO,CO,1
80743,CO,CO,1
80744,CO,CO,1
80745,CO,CO,1
80746,CO,CO,1
80747,CO,CO,1
80749,CO,CO,1
80750,CO,CO,1
80751,CO,CO,1
80754,CO,CO,1
80755,CO,CO,1
80757,CO,CO,1
80758,CO,CO,1
80759,CO,CO,1
80801,CO,CO,1
80802,CO,CO,1
80804,CO,CO,1
80805,CO,CO,1
80807,CO,CO,1
80808,CO,CO,1
80809,CO,CO,1
80810,CO,CO,1
80812,CO,CO,1
80813,CO,CO,1
80814,CO,CO,1
80815,CO,CO,1
80816,CO,CO,1
80817,CO,CO,1
80818,CO,CO,1
80819,CO,CO,1
80820,CO,CO,1
80821,CO,CO,1
80822,CO,CO,1
80823,CO,CO,1
80824,CO,CO,1
80825,CO,CO,1
80826,CO,CO,1
80827,CO,CO,1
80828,CO,CO,1
80829,CO,CO,1
80830,CO,CO,1
80831,CO,CO,1
80832,CO,CO,1
80833,CO,CO,1
80834,CO,CO,1
80835,CO,CO,1
80836,CO,CO,1
80840,CO,CO,1
80860,CO,CO,1
80861,CO,CO,1
80862,CO,CO,1
80863,CO,CO,1
80864,CO,CO,1
80902,CO,CO,1
80903,CO,CO,1
80904,CO,CO,1
80905,CO,CO,1
80906,CO,CO,1
80907,CO,CO,1
80908,CO,CO,1
80909,CO,CO,1
80910,CO,CO,1
80911,CO,CO,1
80913,CO,CO,1
80914,CO,CO,1
80915,CO,CO,1
80916,CO,CO,1
80917,CO,CO,1
80918,CO,CO,1
80919,CO,CO,1
80920,CO,CO,1
80921,CO,CO,1
80922,CO,CO,1
80923,CO,CO,1
80924,CO,CO,1
80925,CO,CO,1
80926,CO,CO,1
80927,CO,CO,1
80928,CO,CO,1
80929,CO,CO,1
80930,CO,CO,1
80938,CO,CO,1
80939,CO,CO,1
80951,CO,CO,1
81001,CO,CO,1
81003,CO,CO,1
81004,CO,CO,1
81005,CO,CO,1
81006,CO,CO,1
81007,CO,CO,1
81008,CO,CO,1
81019,CO,CO,1
81020,CO,CO,1
81021,CO,CO,1
81022,CO,CO,1
81023,CO,CO,1
81024,CO,CO,1
81025,CO,CO,1
81027,CO,CO,1
81029,CO,CO,1
81030,CO,CO,1
81033,CO,CO,1
81036,CO,CO,1
81039,CO,CO,1
81040,CO,CO,1
81041,CO,CO,1
81043,CO,CO,1
81044,CO,CO,1
81045,CO,CO,1
81046,CO,CO,1
81047,CO,CO,1
81049,CO,CO,1
81050,CO,CO,1
81052,CO,CO,1
81054,CO,CO,1
81055,CO,CO,1
81057,CO,CO,1
81058,CO,CO,1
81059,CO,CO,1
81062,CO,CO,1
81063,CO,CO,1
81064,CO,CO,1
81067,CO,CO,1
81069,CO,CO,1
81071,CO,CO,1
81073,CO,CO,1
81076,CO,CO,1
81077,CO,CO,1
81081,CO,CO,1
81082,CO,CO,1
81084,CO,CO,1
81087,CO,CO,1
81089,CO,CO,1
81090,CO,CO,1
81091,CO,CO,1
81092,CO,CO,1
81101,CO,CO,1
81120,CO,CO|NM,2
81121,CO,CO,1
81122,CO,CO,1
81123,CO,CO,1
81124,CO,CO,1
81125,CO,CO,1
81126,CO,CO,1
81128,CO,CO,1
81129,CO,CO,1
81130,CO,CO,1
81131,CO,CO,1
81132,CO,CO,1
81133,CO,CO,1
81136,CO,CO,1
81137,CO,CO|NM,2
81138,CO,CO,1
81140,CO,CO,1
81141,CO,CO,1
81143,CO,CO,1
81144,CO,CO,1
81146,CO,CO,1
81147,CO,CO,1
81148,CO,CO,1
81149,CO,CO,1
81151,CO,CO,1
81152,CO,CO,1
81154,CO,CO,1
81155,CO,CO,1
81201,CO,CO,1
81210,CO,CO,1
81211,CO,CO,1
81212,CO,CO,1
81220,CO,CO,1
81221,CO,CO,1
81222,CO,CO,1
81223,CO,CO,1
81224,CO,CO,1
81225,CO,CO,1
81226,CO,CO,1
81227,CO,CO,1
81228,CO,CO,1
81230,CO,CO,1
81232,CO,CO,1
81233,CO,CO,1
81235,CO,CO,1
81236,CO,CO,1
81237,CO,CO,1
81239,CO,CO,1
81240,CO,CO,1
81241,CO,CO,1
81242,CO,CO,1
81243,CO,CO,1
81244,CO,CO,1
81248,CO,CO,1
81251,CO,CO,1
81252,CO,CO,1
81253,CO,CO,1
81301,CO,CO,1
81303,CO,CO,1
81320,CO,CO,1
81321,CO,CO,1
81323,CO,CO,1
81324,CO,CO|UT,2
81325,CO,CO,1
81326,CO,CO,1
81327,CO,CO,1
81328,CO,CO,1
81330,CO,CO,1
81331,CO,CO,1
81332,CO,CO,1
81334,CO,CO,1
81335,CO,CO,1
81401,CO,CO,1
81403,CO,CO,1
81410,CO,CO,1
81411,CO,CO,1
81413,CO,CO,1
81415,CO,CO,1
81416,CO,CO,1
81418,CO,CO,1
81419,CO,CO,1
81422,CO,CO,1
81423,CO,CO,1
81424,CO,CO,1
81425,CO,CO,1
81426,CO,CO,1
81427,CO,CO,1
81428,CO,CO,1
81429,CO,CO,1
81430,CO,CO,1
81431,CO,CO,1
81432,CO,CO,1
81433,CO,CO,1
81434,CO,CO,1
81435,CO,CO,1
81501,CO,CO,1
81503,CO,CO,1
81504,CO,CO,1
81505,CO,CO,1
81506,CO,CO,1
81507,CO,CO,1
81520,CO,CO,1
81521,CO,CO,1
81522,CO,CO,1
81523,CO,CO,1
81524,CO,CO,1
81525,CO,CO,1
81526,CO,CO,1
81527,CO,CO,1
81601,CO,CO,1
81610,CO,CO,1
81611,CO,CO,1
81612,CO,CO,1
81615,CO,CO,1
81620,CO,CO,1
81621,CO,CO,1
81623,CO,CO,1
81624,CO,CO,1
81625,CO,CO,1
81630,CO,CO,1
81631,CO,CO,1
81632,CO,CO,1
81633,CO,CO,1
81635,CO,CO,1
81637,CO,CO,1
81638,CO,CO,1
81639,CO,CO,1
81640,CO,CO,1
81641,CO,CO,1
81642,CO,CO,1
81643,CO,CO,1
81645,CO,CO,1
81646,CO,CO,1
81647,CO,CO,1
81648,CO,CO,1
81649,CO,CO,1
81650,CO,CO,1
81652,CO,CO,1
81653,CO,CO,1
81654,CO,CO,1
81655,CO,CO,1
81656,CO,CO,1
81657,CO,CO,1
82001,WY,WY,1
82005,WY,WY,1
82007,WY,WY,1
82009,WY,WY,1
82050,WY,WY,1
82051,WY,WY,1
82052,WY,WY,1
82053,WY,WY,1
82054,WY,WY,1
82055,WY,WY,1
82058,WY,WY,1
82059,WY,WY,1
82060,WY,WY,1
82061,WY,WY,1
82063,CO,CO|WY,2
82070,WY,WY,1
82072,WY,WY,1
82073,WY,WY,1
82081,WY,WY,1
82082,WY,CO|NE|WY,3
82083,WY,WY,1
82084,WY,WY,1
82190,WY,WY,1
82201,WY,WY,1
82210,WY,WY,1
82212,WY,WY,1
82213,WY,WY,1
82214,WY,WY,1
82215,WY,WY,1
82217,WY,WY,1
82218,WY,WY,1
82219,WY,WY,1
82221,WY,WY,1
82222,WY,WY,1
82223,WY,WY,1
82224,WY,WY,1
82225,WY,WY,1
82227,WY,WY,1
82229,WY,WY,1
82240,WY,WY,1
82242,WY,WY,1
82243,WY,WY,1
82244,WY,WY,1
82301,WY,WY,1
82310,WY,WY,1
82321,WY,WY,1
82322,WY,WY,1
82323,WY,WY,1
82324,WY,WY,1
82325,WY,WY,1
82327,WY,WY,1
82329,WY,WY,1
82331,WY,WY,1
82332,WY,WY,1
82334,WY,WY,1
82335,WY,WY,1
82336,WY,WY,1
82401,WY,WY,1
82410,WY,WY,1
82411,WY,WY,1
82412,WY,WY,1
82414,WY,WY,1
82420,WY,WY,1
82421,WY,WY,1
82422,WY,WY,1
82423,WY,WY,1
82426,WY,WY,1
82428,WY,WY,1
82430,WY,WY,1
82431,WY,WY,1
82432,WY,WY,1
82433,WY,WY,1
82434,WY,WY,1
82435,WY,WY,1
82440,WY,WY,1
82441,WY,WY,1
82442,WY,WY,1
82443,WY,WY,1
82450,WY,WY,1
82501,WY,WY,1
82510,WY,WY,1
82512,WY,WY,1
82513,WY,WY,1
82514,WY,WY,1
82515,WY,WY,1
82516,WY,WY,1
82520,WY,WY,1
82523,WY,WY,1
82601,WY,WY,1
82604,WY,WY,1
82609,WY,WY,1
82620,WY,WY,1
82630,WY,WY,1
82633,WY,WY,1
82635,WY,WY,1
82636,WY,WY,1
82637,WY,WY,1
82638,WY,WY,1
82639,WY,WY,1
82640,WY,WY,1
82642,WY,WY,1
82643,WY,WY,1
82644,WY,WY,1
82646,WY,WY,1
82648,WY,WY,1
82649,WY,WY,1
82701,WY,SD|WY,2
82710,WY,WY,1
82711,WY,WY,1
82712,WY,WY,1
82714,WY,WY,1
82716,WY,WY,1
82718,WY,WY,1
82720,WY,WY,1
82721,WY,WY,1
82723,WY,WY,1
82725,WY,WY,1
82727,WY,WY,1
82729,WY,WY,1
82730,WY,WY,1
82731,WY,WY,1
82732,WY,WY,1
82801,WY,MT|WY,2
82831,WY,WY,1
82832,WY,WY,1
82833,WY,WY,1
82834,WY,WY,1
82835,WY,WY,1
82836,WY,WY,1
82837,WY,WY,1
82838,WY,WY,1
82839,WY,WY,1
82842,WY,WY,1
82844,WY,WY,1
82845,WY,WY,1
82901,WY,WY,1
82922,WY,WY,1
82923,WY,WY,1
82925,WY,WY,1
82929,WY,WY,1
82930,UT,UT|WY,2
82932,WY,WY,1
82933,WY,WY,1
82934,WY,WY,1
82935,WY,WY,1
82936,WY,WY,1
82937,WY,WY,1
82938,WY,WY,1
82939,WY,WY,1
82941,WY,WY,1
82942,WY,WY,1
82943,WY,WY,1
82944,WY,WY,1
82945,WY,WY,1
83001,WY,WY,1
83011,WY,WY,1
83012,WY,WY,1
83013,WY,WY,1
83014,WY,WY,1
83025,WY,WY,1
83101,WY,WY,1
83110,WY,WY,1
83111,WY,WY,1
83112,WY,WY,1
83113,WY,WY,1
83114,WY,WY,1
83115,WY,WY,1
83116,WY,WY,1
83118,WY,WY,1
83119,WY,WY,1
83120,ID,ID|WY,2
83121,WY,WY,1
83122,WY,WY,1
83123,WY,WY,1
83124,WY,WY,1
83126,WY,WY,1
83127,WY,ID|WY,2
83128,WY,WY,1
83201,ID,ID,1
83202,ID,ID,1
83203,ID,ID,1
83204,ID,ID,1
83209,ID,ID,1
83210,ID,ID,1
83211,ID,ID,1
83212,ID,ID,1
83213,ID,ID,1
83214,ID,ID,1
83215,ID,ID,1
83217,ID,ID,1
83218,ID,ID,1
83220,ID,ID,1
83221,ID,ID,1
83223,ID,ID,1
83226,ID,ID,1
83227,ID,ID,1
83228,ID,ID,1
83232,ID,ID,1
83233,ID,ID,1
83234,ID,ID,1
83235,ID,ID,1
83236,ID,ID,1
83237,ID,ID,1
83238,ID,ID,1
83239,ID,ID,1
83241,ID,ID,1
83243,ID,ID,1
83244,ID,ID,1
83245,ID,ID,1
83246,ID,ID,1
83250,ID,ID,1
83251,ID,ID,1
83252,ID,ID,1
83253,ID,ID,1
83254,ID,ID,1
83255,ID,ID,1
83261,ID,ID,1
83262,ID,ID,1
83263,ID,ID,1
83271,ID,ID,1
83272,ID,ID,1
83274,ID,ID,1
83276,ID,ID,1
83277,ID,ID,1
83278,ID,ID,1
83281,ID,ID,1
83283,ID,ID,1
83285,ID,ID,1
83286,ID,ID,1
83287,ID,ID,1
83301,ID,ID,1
83302,ID,ID,1
83311,ID,ID,1
83312,ID,ID,1
83313,ID,ID,1
83314,ID,ID,1
83316,ID,ID,1
83318,ID,ID,1
83320,ID,ID,1
83321,ID,ID,1
83322,ID,ID,1
83323,ID,ID,1
83324,ID,ID,1
83325,ID,ID,1
83327,ID,ID,1
83328,ID,ID,1
83330,ID,ID,1
83332,ID,ID,1
83333,ID,ID,1
83334,ID,ID,1
83335,ID,ID,1
83336,ID,ID,1
83337,ID,ID,1
83338,ID,ID,1
83340,ID,ID,1
83341,ID,ID,1
83342,ID,ID|UT,2
83344,ID,ID,1
83346,ID,ID,1
83347,ID,ID,1
83348,ID,ID,1
83349,ID,ID,1
83350,ID,ID,1
83352,ID,ID,1
83353,ID,ID,1
83354,ID,ID,1
83355,ID,ID,1
83401,ID,ID,1
83402,ID,ID,1
83404,ID,ID,1
83406,ID,ID,1
83414,WY,WY,1
83420,ID,ID,1
83421,ID,ID,1
83422,ID,ID,1
83423,ID,ID,1
83424,ID,ID,1
83425,ID,ID,1
83427,ID,ID,1
83428,ID,ID,1
83429,ID,ID,1
83431,ID,ID,1
83433,ID,ID,1
83434,ID,ID,1
83435,ID,ID,1
83436,ID,ID,1
83438,ID,ID,1
83440,ID,ID,1
83442,ID,ID,1
83443,ID,ID,1
83444,ID,ID,1
83445,ID,ID,1
83446,ID,ID,1
83448,ID,ID,1
83449,ID,ID,1
83450,ID,ID,1
83451,ID,ID,1
83452,ID,ID,1
83454,ID,ID,1
83455,ID,ID,1
83460,ID,ID,1
83462,ID,ID,1
83463,ID,ID,1
83464,ID,ID,1
83465,ID,ID,1
83466,ID,ID,1
83467,ID,ID,1
83468,ID,ID,1
83469,ID,ID,1
83501,ID,ID,1
83520,ID,ID,1
83522,ID,ID,1
83523,ID,ID,1
83524,ID,ID,1
83525,ID,ID,1
83526,ID,ID,1
83530,ID,ID,1
83533,ID,ID,1
83535,ID,ID,1
83536,ID,ID,1
83537,ID,ID,1
83539,ID,ID,1
83540,ID,ID,1
83541,ID,ID,1
83542,ID,ID,1
83543,ID,ID,1
83544,ID,ID,1
83545,ID,ID,1
83546,ID,ID,1
83547,ID,ID,1
83548,ID,ID,1
83549,ID,ID,1
83552,ID,ID,1
83553,ID,ID,1
83554,ID,ID,1
83555,ID,ID,1
83602,ID,ID,1
83604,ID,ID,1
83605,ID,ID,1
83607,ID,ID,1
83610,ID,ID,1
83611,ID,ID,1
83612,ID,ID,1
83615,ID,ID,1
83616,ID,ID,1
83617,ID,ID,1
83619,ID,ID,1
83622,ID,ID,1
83623,ID,ID,1
83624,ID,ID,1
83626,ID,ID,1
83627,ID,ID,1
83628,ID,ID,1
83629,ID,ID,1
83631,ID,ID,1
83632,ID,ID,1
83633,ID,ID,1
83634,ID,ID,1
83636,ID,ID,1
83637,ID,ID,1
83638,ID,ID,1
83639,ID,ID,1
83641,ID,ID,1
83642,ID,ID,1
83643,ID,ID,1
83644,ID,ID,1
83645,ID,ID,1
83646,ID,ID,1
83647,ID,ID,1
83648,ID,ID,1
83650,ID,ID,1
83651,ID,ID,1
83654,ID,ID,1
83655,ID,ID,1
83656,ID,ID,1
83657,ID,ID,1
83660,ID,ID,1
83661,ID,ID,1
83666,ID,ID,1
83669,ID,ID,1
83670,ID,ID,1
83672,ID,ID,1
83676,ID,ID,1
83677,ID,ID,1
83686,ID,ID,1
83687,ID,ID,1
83702,ID,ID,1
83703,ID,ID,1
83704,ID,ID,1
83705,ID,ID,1
83706,ID,ID,1
83709,ID,ID,1
83712,ID,ID,1
83713,ID,ID,1
83714,ID,ID,1
83716,ID,ID,1
83720,ID,ID,1
83725,ID,ID,1
83801,ID,ID,1
83802,ID,ID,1
83803,ID,ID,1
83804,ID,ID,1
83805,ID,ID,1
83806,ID,ID,1
83808,ID,ID,1
83809,ID,ID,1
83810,ID,ID,1
83811,ID,ID,1
83812,ID,ID,1
83813,ID,ID,1
83814,ID,ID,1
83815,ID,ID,1
83821,ID,ID,1
83822,ID,ID,1
83823,ID,ID,1
83824,ID,ID,1
83825,ID,ID,1
83826,ID,ID,1
83827,ID,ID,1
83830,ID,ID,1
83832,ID,ID,1
83833,ID,ID,1
83834,ID,ID,1
83835,ID,ID,1
83836,ID,ID,1
83837,ID,ID,1
83839,ID,ID,1
83840,ID,ID,1
83841,ID,ID,1
83842,ID,ID,1
83843,ID,ID,1
83844,ID,ID,1
83845,ID,ID,1
83846,ID,ID,1
83847,ID,ID,1
83848,ID,ID,1
83849,ID,ID,1
83850,ID,ID,1
83851,ID,ID,1
83852,ID,ID,1
83854,ID,ID,1
83855,ID,ID,1
83856,ID,ID|WA,2
83857,ID,ID,1
83858,ID,ID,1
83860,ID,ID,1
83861,ID,ID,1
83864,ID,ID,1
83866,ID,ID,1
83867,ID,ID,1
83868,ID,ID,1
83869,ID,ID,1
83870,ID,ID,1
83871,ID,ID,1
83872,ID,ID,1
83873,ID,ID,1
83874,ID,ID,1
83876,ID,ID,1
84001,UT,UT,1
84002,UT,UT,1
84003,UT,UT,1
84004,UT,UT,1
84005,UT,UT,1
84006,UT,UT,1
84007,UT,UT,1
84008,UT,UT,1
84009,UT,UT,1
84010,UT,UT,1
84013,UT,UT,1
84014,UT,UT,1
84015,UT,UT,1
84017,UT,UT,1
84018,UT,UT,1
84020,UT,UT,1
84021,UT,UT,1
84022,UT,UT,1
84023,UT,UT,1
84024,UT,UT,1
84025,UT,UT,1
84026,UT,UT,1
84027,UT,UT,1
84028,UT,UT,1
84029,UT,UT,1
84031,UT,UT,1
84032,UT,UT,1
84033,UT,UT,1
84034,UT,NV|UT,2
84035,UT,UT,1
84036,UT,UT,1
84037,UT,UT,1
84038,UT,UT,1
84039,UT,UT,1
84040,UT,UT,1
84041,UT,UT,1
84042,UT,UT,1
84043,UT,UT,1
84044,UT,UT,1
84045,UT,UT,1
84046,UT,UT,1
84047,UT,UT,1
84049,UT,UT,1
84050,UT,UT,1
84051,UT,UT,1
84052,UT,UT,1
84053,UT,UT,1
84054,UT,UT,1
84055,UT,UT,1
84056,UT,UT,1
84057,UT,UT,1
84058,UT,UT,1
84059,UT,UT,1
84060,UT,UT,1
84061,UT,UT,1
84062,UT,UT,1
84063,UT,UT,1
84064,UT,UT,1
84065,UT,UT,1
84066,UT,UT,1
84067,UT,UT,1
84069,UT,UT,1
84070,UT,UT,1
84071,UT,UT,1
84072,UT,UT,1
84073,UT,UT,1
84074,UT,UT,1
84075,UT,UT,1
84076,UT,UT,1
84078,UT,UT,1
84080,UT,UT,1
84081,UT,UT,1
84082,UT,UT,1
84083,UT,UT,1
84084,UT,UT,1
84085,UT,UT,1
84086,UT,UT,1
84087,UT,UT,1
84088,UT,UT,1
84092,UT,UT,1
84093,UT,UT,1
84094,UT,UT,1
84095,UT,UT,1
84096,UT,UT,1
84097,UT,UT,1
84098,UT,UT,1
84101,UT,UT,1
84102,UT,UT,1
84103,UT,UT,1
84104,UT,UT,1
84105,UT,UT,1
84106,UT,UT,1
84107,UT,UT,1
84108,UT,UT,1
84109,UT,UT,1
84111,UT,UT,1
84112,UT,UT,1
84113,UT,UT,1
84114,UT,UT,1
84115,UT,UT,1
84116,UT,UT,1
84117,UT,UT,1
84118,UT,UT,1
84119,UT,UT,1
84120,UT,UT,1
84121,UT,UT,1
84123,UT,UT,1
84124,UT,UT,1
84128,UT,UT,1
84129,UT,UT,1
84138,UT,UT,1
84150,UT,UT,1
84180,UT,UT,1
84301,UT,UT,1
84302,UT,UT,1
84304,UT,UT,1
84305,UT,UT,1
84306,UT,UT,1
84307,UT,UT,1
84308,UT,UT,1
84309,UT,UT,1
84310,UT,UT,1
84311,UT,UT,1
84312,UT,UT,1
84313,UT,UT,1
84314,UT,UT,1
84315,UT,UT,1
84316,UT,UT,1
84317,UT,UT,1
84318,UT,UT,1
84319,UT,UT,1
84320,UT,UT,1
84321,UT,UT,1
84322,UT,UT,1
84324,UT,UT,1
84325,UT,UT,1
84326,UT,UT,1
84327,UT,UT,1
84328,UT,UT,1
84329,UT,UT,1
84330,UT,UT,1
84331,UT,UT,1
84332,UT,UT,1
84333,UT,UT,1
84334,UT,UT,1
84335,UT,UT,1
84336,UT,UT,1
84337,UT,UT,1
84338,UT,UT,1
84339,UT,UT,1
84340,UT,UT,1
84341,UT,UT,1
84401,UT,UT,1
84403,UT,UT,1
84404,UT,UT,1
84405,UT,UT,1
84408,UT,UT,1
84414,UT,UT,1
84501,UT,UT,1
84511,UT,UT,1
84512,UT,UT,1
84513,UT,UT,1
84515,UT,UT,1
84516,UT,UT,1
84518,UT,UT,1
84520,UT,UT,1
84521,UT,UT,1
84522,UT,UT,1
84523,UT,UT,1
84525,UT,UT,1
84526,UT,UT,1
84528,UT,UT,1
84529,UT,UT,1
84530,UT,UT,1
84531,UT,AZ|UT,2
84532,UT,UT,1
84533,UT,UT,1
84534,UT,UT,1
84535,UT,UT,1
84536,UT,AZ|UT,2
84537,UT,UT,1
84539,UT,UT,1
84540,UT,UT,1
84542,UT,UT,1
84601,UT,UT,1
84602,UT,UT,1
84604,UT,UT,1
84606,UT,UT,1
84620,UT,UT,1
84621,UT,UT,1
84622,UT,UT,1
84623,UT,UT,1
84624,UT,UT,1
84626,UT,UT,1
84627,UT,UT,1
84628,UT,UT,1
84629,UT,UT,1
84630,UT,UT,1
84631,UT,UT,1
84632,UT,UT,1
84633,UT,UT,1
84634,UT,UT,1
84635,UT,UT,1
84636,UT,UT,1
84637,UT,UT,1
84638,UT,UT,1
84639,UT,UT,1
84640,UT,UT,1
84642,UT,UT,1
84643,UT,UT,1
84644,UT,UT,1
84645,UT,UT,1
84646,UT,UT,1
84647,UT,UT,1
84648,UT,UT,1
84649,UT,UT,1
84651,UT,UT,1
84652,UT,UT,1
84653,UT,UT,1
84654,UT,UT,1
84655,UT,UT,1
84656,UT,UT,1
84657,UT,UT,1
84660,UT,UT,1
84662,UT,UT,1
84663,UT,UT,1
84664,UT,UT,1
84665,UT,UT,1
84667,UT,UT,1
84701,UT,UT,1
84710,UT,UT,1
84711,UT,UT,1
84712,UT,UT,1
84713,UT,UT,1
84714,UT,UT,1
84715,UT,UT,1
84716,UT,UT,1
84718,UT,UT,1
84719,UT,UT,1
84720,UT,UT,1
84721,UT,UT,1
84722,UT,UT,1
84723,UT,UT,1
84724,UT,UT,1
84725,UT,UT,1
84726,UT,UT,1
84728,UT,UT,1
84729,UT,UT,1
84730,UT,UT,1
84731,UT,UT,1
84732,UT,UT,1
84733,UT,UT,1
84734,UT,UT,1
84735,UT,UT,1
84736,UT,UT,1
84737,UT,UT,1
84738,UT,UT,1
84739,UT,UT,1
84740,UT,UT,1
84741,UT,UT,1
84742,UT,UT,1
84743,UT,UT,1
84744,UT,UT,1
84745,UT,UT,1
84746,UT,UT,1
84747,UT,UT,1
84749,UT,UT,1
84750,UT,UT,1
84751,UT,UT,1
84752,UT,UT,1
84753,UT,UT,1
84754,UT,UT,1
84755,UT,UT,1
84756,UT,UT,1
84757,UT,UT,1
84758,UT,UT,1
84759,UT,UT,1
84760,UT,UT,1
84761,UT,UT,1
84762,UT,UT,1
84763,UT,UT,1
84764,UT,UT,1
84765,UT,UT,1
84766,UT,UT,1
84767,UT,UT,1
84770,UT,UT,1
84772,UT,UT,1
84773,UT,UT,1
84774,UT,UT,1
84775,UT,UT,1
84776,UT,UT,1
84779,UT,UT,1
84780,UT,UT,1
84781,UT,UT,1
84782,UT,UT,1
84783,UT,UT,1
84784,UT,UT,1
84790,UT,UT,1
85003,AZ,AZ,1
85004,AZ,AZ,1
85006,AZ,AZ,1
85007,AZ,AZ,1
85008,AZ,AZ,1
85009,AZ,AZ,1
85012,AZ,AZ,1
85013,AZ,AZ,1
85014,AZ,AZ,1
85015,AZ,AZ,1
85016,AZ,AZ,1
85017,AZ,AZ,1
85018,AZ,AZ,1
85019,AZ,AZ,1
85020,AZ,AZ,1
85021,AZ,AZ,1
85022,AZ,AZ,1
85023,AZ,AZ,1
85024,AZ,AZ,1
85026,AZ,AZ,1
85027,AZ,AZ,1
85028,AZ,AZ,1
85029,AZ,AZ,1
85031,AZ,AZ,1
85032,AZ,AZ,1
85033,AZ,AZ,1
85034,AZ,AZ,1
85035,AZ,AZ,1
85037,AZ,AZ,1
85040,AZ,AZ,1
85041,AZ,AZ,1
85042,AZ,AZ,1
85043,AZ,AZ,1
85044,AZ,AZ,1
85045,AZ,AZ,1
85048,AZ,AZ,1
85050,AZ,AZ,1
85051,AZ,AZ,1
85053,AZ,AZ,1
85054,AZ,AZ,1
85083,AZ,AZ,1
85085,AZ,AZ,1
85086,AZ,AZ,1
85087,AZ,AZ,1
85118,AZ,AZ,1
85119,AZ,AZ,1
85120,AZ,AZ,1
85121,AZ,AZ,1
85122,AZ,AZ,1
85123,AZ,AZ,1
85128,AZ,AZ,1
85131,AZ,AZ,1
85132,AZ,AZ,1
85135,AZ,AZ,1
85137,AZ,AZ,1
85138,AZ,AZ,1
85139,AZ,AZ,1
85140,AZ,AZ,1
85141,AZ,AZ,1
85142,AZ,AZ,1
85143,AZ,AZ,1
85145,AZ,AZ,1
85147,AZ,AZ,1
85172,AZ,AZ,1
85173,AZ,AZ,1
85191,AZ,AZ,1
85192,AZ,AZ,1
85193,AZ,AZ,1
85194,AZ,AZ,1
85201,AZ,AZ,1
85202,AZ,AZ,1
85203,AZ,AZ,1
85204,AZ,AZ,1
85205,AZ,AZ,1
85206,AZ,AZ,1
85207,AZ,AZ,1
85208,AZ,AZ,1
85209,AZ,AZ,1
85210,AZ,AZ,1
85212,AZ,AZ,1
85213,AZ,AZ,1
85215,AZ,AZ,1
85224,AZ,AZ,1
85225,AZ,AZ,1
85226,AZ,AZ,1
85233,AZ,AZ,1
85234,AZ,AZ,1
85236,AZ,AZ,1
85248,AZ,AZ,1
85249,AZ,AZ,1
85250,AZ,AZ,1
85251,AZ,AZ,1
85253,AZ,AZ,1
85254,AZ,AZ,1
85255,AZ,AZ,1
85256,AZ,AZ,1
85257,AZ,AZ,1
85258,AZ,AZ,1
85259,AZ,AZ,1
85260,AZ,AZ,1
85262,AZ,AZ,1
85263,AZ,AZ,1
85264,AZ,AZ,1
85266,AZ,AZ,1
85268,AZ,AZ,1
85281,AZ,AZ,1
85282,AZ,AZ,1
85283,AZ,AZ,1
85284,AZ,AZ,1
85286,AZ,AZ,1
85295,AZ,AZ,1
85296,AZ,AZ,1
85297,AZ,AZ,1
85298,AZ,AZ,1
85301,AZ,AZ,1
85302,AZ,AZ,1
85303,AZ,AZ,1
85304,AZ,AZ,1
85305,AZ,AZ,1
85306,AZ,AZ,1
85307,AZ,AZ,1
85308,AZ,AZ,1
85309,AZ,AZ,1
85310,AZ,AZ,1
85320,AZ,AZ,1
85321,AZ,AZ,1
85322,AZ,AZ,1
85323,AZ,AZ,1
85324,AZ,AZ,1
85325,AZ,AZ,1
85326,AZ,AZ,1
85328,AZ,AZ,1
85329,AZ,AZ,1
85331,AZ,AZ,1
85332,AZ,AZ,1
85333,AZ,AZ,1
85334,AZ,AZ,1
85335,AZ,AZ,1
85336,AZ,AZ,1
85337,AZ,AZ,1
85338,AZ,AZ,1
85339,AZ,AZ,1
85340,AZ,AZ,1
85341,AZ,AZ,1
85342,AZ,AZ,1
85343,AZ,AZ,1
85344,AZ,AZ,1
85345,AZ,AZ,1
85346,AZ,AZ,1
85347,AZ,AZ,1
85348,AZ,AZ,1
85349,AZ,AZ,1
85350,AZ,AZ,1
85351,AZ,AZ,1
85352,AZ,AZ,1
85353,AZ,AZ,1
85354,AZ,AZ,1
85355,AZ,AZ,1
85356,AZ,AZ,1
85357,AZ,AZ,1
85360,AZ,AZ,1
85361,AZ,AZ,1
85362,AZ,AZ,1
85363,AZ,AZ,1
85364,AZ,AZ,1
85365,AZ,AZ,1
85367,AZ,AZ,1
85371,AZ,AZ,1
85373,AZ,AZ,1
85374,AZ,AZ,1
85375,AZ,AZ,1
85377,AZ,AZ,1
85378,AZ,AZ,1
85379,AZ,AZ,1
85381,AZ,AZ,1
85382,AZ,AZ,1
85383,AZ,AZ,1
85387,AZ,AZ,1
85388,AZ,AZ,1
85390,AZ,AZ,1
85392,AZ,AZ,1
85395,AZ,AZ,1
85396,AZ,AZ,1
85501,AZ,AZ,1
85530,AZ,AZ,1
85531,AZ,AZ,1
85532,AZ,AZ,1
85533,AZ,AZ,1
85534,AZ,AZ,1
85535,AZ,AZ,1
85536,AZ,AZ,1
85539,AZ,AZ,1
85540,AZ,AZ,1
85541,AZ,AZ,1
85542,AZ,AZ,1
85543,AZ,AZ,1
85544,AZ,AZ,1
85545,AZ,AZ,1
85546,AZ,AZ,1
85550,AZ,AZ,1
85551,AZ,AZ,1
85552,AZ,AZ,1
85553,AZ,AZ,1
85554,AZ,AZ,1
85601,AZ,AZ,1
85602,AZ,AZ,1
85603,AZ,AZ,1
85605,AZ,AZ,1
85606,AZ,AZ,1
85607,AZ,AZ,1
85608,AZ,AZ,1
85609,AZ,AZ,1
85610,AZ,AZ,1
85611,AZ,AZ,1
85613,AZ,AZ,1
85614,AZ,AZ,1
85615,AZ,AZ,1
85616,AZ,AZ,1
85617,AZ,AZ,1
85618,AZ,AZ,1
85619,AZ,AZ,1
85620,AZ,AZ,1
85621,AZ,AZ,1
85622,AZ,AZ,1
85623,AZ,AZ,1
85624,AZ,AZ,1
85625,AZ,AZ,1
85626,AZ,AZ,1
85627,AZ,AZ,1
85629,AZ,AZ,1
85630,AZ,AZ,1
85631,AZ,AZ,1
85632,AZ,AZ,1
85633,AZ,AZ,1
85634,AZ,AZ,1
85635,AZ,AZ,1
85637,AZ,AZ,1
85638,AZ,AZ,1
85639,AZ,AZ,1
85640,AZ,AZ,1
85641,AZ,AZ,1
85643,AZ,AZ,1
85645,AZ,AZ,1
85646,AZ,AZ,1
85648,AZ,AZ,1
85650,AZ,AZ,1
85653,AZ,AZ,1
85654,AZ,AZ,1
85658,AZ,AZ,1
85701,AZ,AZ,1
85704,AZ,AZ,1
85705,AZ,AZ,1
85706,AZ,AZ,1
85707,AZ,AZ,1
85708,AZ,AZ,1
85709,AZ,AZ,1
85710,AZ,AZ,1
85711,AZ,AZ,1
85712,AZ,AZ,1
85713,AZ,AZ,1
85714,AZ,AZ,1
85715,AZ,AZ,1
85716,AZ,AZ,1
85718,AZ,AZ,1
85719,AZ,AZ,1
85721,AZ,AZ,1
85723,AZ,AZ,1
85724,AZ,AZ,1
85726,AZ,AZ,1
85730,AZ,AZ,1
85734,AZ,AZ,1
85735,AZ,AZ,1
85736,AZ,AZ,1
85737,AZ,AZ,1
85739,AZ,AZ,1
85741,AZ,AZ,1
85742,AZ,AZ,1
85743,AZ,AZ,1
85745,AZ,AZ,1
85746,AZ,AZ,1
85747,AZ,AZ,1
85748,AZ,AZ,1
85749,AZ,AZ,1
85750,AZ,AZ,1
85755,AZ,AZ,1
85756,AZ,AZ,1
85757,AZ,AZ,1
85901,AZ,AZ,1
85902,AZ,AZ,1
85911,AZ,AZ,1
85912,AZ,AZ,1
85920,AZ,AZ,1
85922,AZ,AZ,1
85923,AZ,AZ,1
85924,AZ,AZ,1
85925,AZ,AZ,1
85926,AZ,AZ,1
85927,AZ,AZ,1
85928,AZ,AZ,1
85929,AZ,AZ,1
85930,AZ,AZ,1
85931,AZ,AZ,1
85932,AZ,AZ,1
85933,AZ,AZ,1
85934,AZ,AZ,1
85935,AZ,AZ,1
85936,AZ,AZ,1
85937,AZ,AZ,1
85938,AZ,AZ,1
85939,AZ,AZ,1
85940,AZ,AZ,1
85941,AZ,AZ,1
85942,AZ,AZ,1
86001,AZ,AZ,1
86003,AZ,AZ,1
86004,AZ,AZ,1
86005,AZ,AZ,1
86011,AZ,AZ,1
86015,AZ,AZ,1
86016,AZ,AZ,1
86017,AZ,AZ,1
86018,AZ,AZ,1
86020,AZ,AZ,1
86021,AZ,AZ,1
86022,AZ,AZ,1
86023,AZ,AZ,1
86024,AZ,AZ,1
86025,AZ,AZ,1
86028,AZ,AZ,1
86029,AZ,AZ,1
86030,AZ,AZ,1
86031,AZ,AZ,1
86032,AZ,AZ,1
86033,AZ,AZ,1
86034,AZ,AZ,1
86035,AZ,AZ,1
86036,AZ,AZ,1
86038,AZ,AZ,1
86039,AZ,AZ,1
86040,AZ,AZ,1
86042,AZ,AZ,1
86043,AZ,AZ,1
86044,AZ,AZ|UT,2
86045,AZ,AZ,1
86046,AZ,AZ,1
86047,AZ,AZ,1
86052,AZ,AZ,1
86053,AZ,AZ,1
86054,AZ,AZ,1
86301,AZ,AZ,1
86303,AZ,AZ,1
86305,AZ,AZ,1
86313,AZ,AZ,1
86314,AZ,AZ,1
86315,AZ,AZ,1
86320,AZ,AZ,1
86321,AZ,AZ,1
86322,AZ,AZ,1
86323,AZ,AZ,1
86324,AZ,AZ,1
86325,AZ,AZ,1
86326,AZ,AZ,1
86327,AZ,AZ,1
86329,AZ,AZ,1
86331,AZ,AZ,1
86332,AZ,AZ,1
86333,AZ,AZ,1
86334,AZ,AZ,1
86335,AZ,AZ,1
86336,AZ,AZ,1
86337,AZ,AZ,1
86338,AZ,AZ,1
86343,AZ,AZ,1
86351,AZ,AZ,1
86401,AZ,AZ,1
86403,AZ,AZ,1
86404,AZ,AZ,1
86406,AZ,AZ,1
86409,AZ,AZ,1
86411,AZ,AZ,1
86413,AZ,AZ,1
86426,AZ,AZ,1
86429,AZ,AZ,1
86431,AZ,AZ,1
86432,AZ,AZ,1
86433,AZ,AZ,1
86434,AZ,AZ,1
86435,AZ,AZ,1
86436,AZ,AZ,1
86437,AZ,AZ,1
86438,AZ,AZ,1
86440,AZ,AZ,1
86441,AZ,AZ,1
86442,AZ,AZ,1
86443,AZ,AZ,1
86444,AZ,AZ,1
86445,AZ,AZ,1
86502,AZ,AZ,1
86503,AZ,AZ,1
86504,AZ,AZ|NM,2
86505,AZ,AZ,1
86506,AZ,AZ,1
86507,AZ,AZ,1
86508,AZ,AZ,1
86510,AZ,AZ,1
86511,AZ,AZ,1
86512,AZ,AZ,1
86514,AZ,AZ|NM|UT,3
86515,NM,AZ|NM,2
86520,AZ,AZ,1
86535,AZ,AZ,1
86538,AZ,AZ,1
86540,AZ,AZ,1
86544,AZ,AZ,1
86545,AZ,AZ,1
86547,AZ,AZ,1
86556,AZ,AZ,1
87001,NM,NM,1
87002,NM,NM,1
87004,NM,NM,1
87005,NM,NM,1
87006,NM,NM,1
87007,NM,NM,1
87008,NM,NM,1
87010,NM,NM,1
87011,NM,NM,1
87012,NM,NM,1
87013,NM,NM,1
87014,NM,NM,1
87015,NM,NM,1
87016,NM,NM,1
87017,NM,NM,1
87018,NM,NM,1
87020,NM,NM,1
87021,NM,NM,1
87022,NM,NM,1
87023,NM,NM,1
87024,NM,NM,1
87025,NM,NM,1
87026,NM,NM,1
87027,NM,NM,1
87028,NM,NM,1
87029,NM,NM,1
87031,NM,NM,1
87032,NM,NM,1
87034,NM,NM,1
87035,NM,NM,1
87036,NM,NM,1
87037,NM,NM,1
87038,NM,NM,1
87040,NM,NM,1
87041,NM,NM,1
87042,NM,NM,1
87043,NM,NM,1
87044,NM,NM,1
87045,NM,NM,1
87046,NM,NM,1
87047,NM,NM,1
87048,NM,NM,1
87049,NM,NM,1
87051,NM,NM,1
87052,NM,NM,1
87053,NM,NM,1
87056,NM,NM,1
87059,NM,NM,1
87060,NM,NM,1
87061,NM,NM,1
87062,NM,NM,1
87063,NM,NM,1
87064,NM,NM,1
87068,NM,NM,1
87070,NM,NM,1
87072,NM,NM,1
87083,NM,NM,1
87101,NM,NM,1
87102,NM,NM,1
87104,NM,NM,1
87105,NM,NM,1
87106,NM,NM,1
87107,NM,NM,1
87108,NM,NM,1
87109,NM,NM,1
87110,NM,NM,1
87111,NM,NM,1
87112,NM,NM,1
87113,NM,NM,1
87114,NM,NM,1
87116,NM,NM,1
87117,NM,NM,1
87120,NM,NM,1
87121,NM,NM,1
87122,NM,NM,1
87123,NM,NM,1
87124,NM,NM,1
87144,NM,NM,1
87151,NM,NM,1
87301,NM,NM,1
87305,NM,NM,1
87310,NM,NM,1
87311,NM,NM,1
87312,NM,NM,1
87313,NM,NM,1
87315,NM,NM,1
87316,NM,NM,1
87317,NM,NM,1
87319,NM,NM,1
87320,NM,NM,1
87321,NM,NM,1
87322,NM,NM,1
87323,NM,NM,1
87325,NM,NM,1
87326,NM,NM,1
87327,NM,NM,1
87328,NM,AZ|NM,2
87347,NM,NM,1
87357,NM,NM,1
87364,NM,NM,1
87365,NM,NM,1
87375,NM,NM,1
87401,NM,NM,1
87402,NM,NM,1
87410,NM,NM,1
87412,NM,NM,1
87413,NM,NM,1
87415,NM,NM,1
87416,NM,NM,1
87417,NM,NM,1
87418,NM,NM,1
87419,NM,NM,1
87420,NM,NM,1
87421,NM,NM,1
87455,NM,NM,1
87461,NM,NM,1
87499,NM,NM,1
87501,NM,NM,1
87505,NM,NM,1
87506,NM,NM,1
87507,NM,NM,1
87508,NM,NM,1
87510,NM,NM,1
87511,NM,NM,1
87512,NM,NM,1
87513,NM,NM,1
87514,NM,NM,1
87515,NM,NM,1
87516,NM,NM,1
87517,NM,NM,1
87518,NM,NM,1
87519,NM,NM,1
87520,NM,NM,1
87521,NM,NM,1
87522,NM,NM,1
87523,NM,NM,1
87524,NM,NM,1
87525,NM,NM,1
87527,NM,NM,1
87528,NM,NM,1
87529,NM,NM,1
87530,NM,NM,1
87531,NM,NM,1
87532,NM,NM,1
87535,NM,NM,1
87537,NM,NM,1
87538,NM,NM,1
87539,NM,NM,1
87540,NM,NM,1
87543,NM,NM,1
87544,NM,NM,1
87547,NM,NM,1
87548,NM,NM,1
87549,NM,NM,1
87551,NM,NM,1
87552,NM,NM,1
87553,NM,NM,1
87554,NM,NM,1
87556,NM,NM,1
87557,NM,NM,1
87558,NM,NM,1
87560,NM,NM,1
87562,NM,NM,1
87564,NM,NM,1
87565,NM,NM,1
87566,NM,NM,1
87567,NM,NM,1
87569,NM,NM,1
87571,NM,NM,1
87573,NM,NM,1
87575,NM,NM,1
87577,NM,NM,1
87578,NM,NM,1
87579,NM,NM,1
87580,NM,NM,1
87581,NM,NM,1
87582,NM,NM,1
87583,NM,NM,1
87701,NM,NM,1
87710,NM,NM,1
87711,NM,NM,1
87712,NM,NM,1
87713,NM,NM,1
87714,NM,NM,1
87715,NM,NM,1
87718,NM,NM,1
87722,NM,NM,1
87723,NM,NM,1
87724,NM,NM,1
87728,NM,NM,1
87729,NM,NM,1
87730,NM,NM,1
87731,NM,NM,1
87732,NM,NM,1
87733,NM,NM,1
87734,NM,NM,1
87735,NM,NM,1
87736,NM,NM,1
87740,NM,NM,1
87742,NM,NM,1
87743,NM,NM,1
87745,NM,NM,1
87746,NM,NM,1
87747,NM,NM,1
87749,NM,NM,1
87750,NM,NM,1
87752,NM,NM,1
87753,NM,NM,1
87801,NM,NM,1
87820,NM,NM,1
87821,NM,NM,1
87823,NM,NM,1
87824,NM,NM,1
87825,NM,NM,1
87827,NM,NM,1
87828,NM,NM,1
87829,NM,NM,1
87830,NM,NM,1
87831,NM,NM,1
87832,NM,NM,1
87901,NM,NM,1
87930,NM,NM,1
87931,NM,NM,1
87933,NM,NM,1
87935,NM,NM,1
87936,NM,NM,1
87937,NM,NM,1
87939,NM,NM,1
87940,NM,NM,1
87941,NM,NM,1
87942,NM,NM,1
87943,NM,NM,1
88001,NM,NM,1
88002,NM,NM,1
88003,NM,NM,1
88004,NM,NM,1
88005,NM,NM,1
88007,NM,NM,1
88008,NM,NM,1
88009,NM,NM,1
88011,NM,NM,1
88012,NM,NM,1
88020,NM,NM,1
88021,NM,NM,1
88022,NM,NM,1
88023,NM,NM,1
88024,NM,NM,1
88025,NM,NM,1
88026,NM,NM,1
88027,NM,NM,1
88028,NM,NM,1
88029,NM,NM,1
88030,NM,NM,1
88034,NM,NM,1
88038,NM,NM,1
88039,NM,NM,1
88040,NM,NM,1
88041,NM,NM,1
88042,NM,NM,1
88043,NM,NM,1
88044,NM,NM,1
88045,NM,NM,1
88046,NM,NM,1
88047,NM,NM,1
88048,NM,NM,1
88049,NM,NM,1
88051,NM,NM,1
88052,NM,NM,1
88053,NM,NM,1
88055,NM,NM,1
88056,NM,NM,1
88061,NM,NM,1
88063,NM,NM,1
88065,NM,NM,1
88072,NM,NM,1
88081,NM,NM,1
88101,NM,NM,1
88103,NM,NM,1
88112,NM,NM,1
88113,NM,NM,1
88114,NM,NM,1
88115,NM,NM,1
88116,NM,NM,1
88118,NM,NM,1
88119,NM,NM,1
88120,NM,NM,1
88121,NM,NM,1
88124,NM,NM,1
88125,NM,NM,1
88126,NM,NM,1
88130,NM,NM,1
88132,NM,NM,1
88134,NM,NM,1
88135,NM,NM,1
88136,NM,NM,1
88201,NM,NM,1
88203,NM,NM,1
88210,NM,NM,1
88220,NM,NM,1
88230,NM,NM,1
88231,NM,NM,1
88232,NM,NM,1
88240,NM,NM,1
88242,NM,NM,1
88244,NM,NM,1
88250,NM,NM,1
88252,NM,NM,1
88253,NM,NM,1
88254,NM,NM,1
88255,NM,NM,1
88256,NM,NM,1
88260,NM,NM,1
88262,NM,NM,1
88263,NM,NM,1
88264,NM,NM,1
88265,NM,NM,1
88267,NM,NM,1
88268,NM,NM,1
88301,NM,NM,1
88310,NM,NM,1
88311,NM,NM,1
88312,NM,NM,1
88314,NM,NM,1
88316,NM,NM,1
88317,NM,NM,1
88318,NM,NM,1
88321,NM,NM,1
88323,NM,NM,1
88324,NM,NM,1
88325,NM,NM,1
88330,NM,NM,1
88336,NM,NM,1
88337,NM,NM,1
88338,NM,NM,1
88339,NM,NM,1
88340,NM,NM,1
88341,NM,NM,1
88342,NM,NM,1
88343,NM,NM,1
88344,NM,NM,1
88345,NM,NM,1
88346,NM,NM,1
88347,NM,NM,1
88348,NM,NM,1
88349,NM,NM,1
88350,NM,NM,1
88351,NM,NM,1
88352,NM,NM,1
88353,NM,NM,1
88354,NM,NM,1
88355,NM,NM,1
88401,NM,NM,1
88410,NM,NM,1
88411,NM,NM,1
88414,NM,NM,1
88415,NM,NM,1
88416,NM,NM,1
88417,NM,NM,1
88418,NM,NM,1
88419,NM,NM,1
88421,NM,NM,1
88422,NM,NM,1
88424,NM,NM,1
88426,NM,NM,1
88427,NM,NM,1
88430,NM,NM|TX,2
88431,NM,NM,1
88434,NM,NM,1
88435,NM,NM,1
88436,NM,NM,1
88439,NM,NM,1
89001,NV,NV,1
89002,NV,NV,1
89003,NV,NV,1
89004,NV,NV,1
89005,NV,NV,1
89007,NV,NV,1
89008,NV,NV,1
89010,NV,CA|NV,2
89011,NV,NV,1
89012,NV,NV,1
89013,NV,NV,1
89014,NV,NV,1
89015,NV,NV,1
89017,NV,NV,1
89018,NV,NV,1
89019,NV,CA|NV,2
89020,NV,NV,1
89021,NV,NV,1
89022,NV,NV,1
89025,NV,NV,1
89026,NV,NV,1
89027,NV,NV,1
89029,NV,NV,1
89030,NV,NV,1
89031,NV,NV,1
89032,NV,NV,1
89034,NV,NV,1
89039,NV,NV,1
89040,NV,NV,1
89042,NV,NV,1
89043,NV,NV,1
89044,NV,NV,1
89045,NV,NV,1
89046,NV,NV,1
89047,NV,NV,1
89048,NV,NV,1
89049,NV,NV,1
89052,NV,NV,1
89054,NV,NV,1
89060,NV,CA|NV,2
89061,NV,CA|NV,2
89070,NV,NV,1
89074,NV,NV,1
89081,NV,NV,1
89084,NV,NV,1
89085,NV,NV,1
89086,NV,NV,1
89101,NV,NV,1
89102,NV,NV,1
89103,NV,NV,1
89104,NV,NV,1
89106,NV,NV,1
89107,NV,NV,1
89108,NV,NV,1
89109,NV,NV,1
89110,NV,NV,1
89113,NV,NV,1
89115,NV,NV,1
89117,NV,NV,1
89118,NV,NV,1
89119,NV,NV,1
89120,NV,NV,1
89121,NV,NV,1
89122,NV,NV,1
89123,NV,NV,1
89124,NV,NV,1
89128,NV,NV,1
89129,NV,NV,1
89130,NV,NV,1
89131,NV,NV,1
89134,NV,NV,1
89135,NV,NV,1
89138,NV,NV,1
89139,NV,NV,1
89141,NV,NV,1
89142,NV,NV,1
89143,NV,NV,1
89144,NV,NV,1
89145,NV,NV,1
89146,NV,NV,1
89147,NV,NV,1
89148,NV,NV,1
89149,NV,NV,1
89156,NV,NV,1
89158,NV,NV,1
89161,NV,NV,1
89166,NV,NV,1
89169,NV,NV,1
89178,NV,NV,1
89179,NV,NV,1
89183,NV,NV,1
89191,NV,NV,1
89301,NV,NV,1
89310,NV,NV,1
89311,NV,NV,1
89314,NV,NV,1
89315,NV,NV,1
89316,NV,NV,1
89317,NV,NV,1
89318,NV,NV,1
89319,NV,NV,1
89402,NV,NV,1
89403,NV,NV,1
89404,NV,NV,1
89405,NV,NV,1
89406,NV,NV,1
89408,NV,NV,1
89409,NV,NV,1
89410,NV,NV,1
89411,NV,NV,1
89412,NV,NV,1
89413,NV,NV,1
89414,NV,NV,1
89415,NV,NV,1
89418,NV,NV,1
89419,NV,NV,1
89420,NV,NV,1
89421,OR,NV|OR,2
89422,NV,NV,1
89423,NV,NV,1
89424,NV,NV,1
89425,NV,NV,1
89426,NV,NV,1
89427,NV,NV,1
89428,NV,NV,1
89429,NV,NV,1
89430,NV,NV,1
89431,NV,NV,1
89433,NV,NV,1
89434,NV,NV,1
89436,NV,NV,1
89437,NV,NV,1
89438,NV,NV,1
89439,NV,CA|NV,2
89440,NV,NV,1
89441,NV,NV,1
89442,NV,NV,1
89444,NV,NV,1
89445,NV,NV,1
89446,NV,NV,1
89447,NV,NV,1
89448,NV,NV,1
89449,NV,NV,1
89450,NV,NV,1
89451,NV,NV,1
89460,NV,NV,1
89496,NV,NV,1
89501,NV,NV,1
89502,NV,NV,1
89503,NV,NV,1
89506,NV,NV,1
89508,NV,NV,1
89509,NV,NV,1
89510,NV,NV,1
89511,NV,NV,1
89512,NV,NV,1
89519,NV,NV,1
89521,NV,NV,1
89523,NV,NV,1
89557,NV,NV,1
89701,NV,NV,1
89703,NV,NV,1
89704,NV,NV,1
89705,NV,NV,1
89706,NV,NV,1
89801,NV,NV,1
89815,NV,NV,1
89820,NV,NV,1
89821,NV,NV,1
89822,NV,NV,1
89823,NV,NV,1
89825,NV,NV,1
89826,NV,NV,1
89828,NV,NV,1
89830,NV,NV,1
89831,NV,NV,1
89832,NV,ID|NV,2
89833,NV,NV,1
89834,NV,NV,1
89835,NV,NV,1
89883,NV,NV,1
90001,CA,CA,1
90002,CA,CA,1
90003,CA,CA,1
90004,CA,CA,1
90005,CA,CA,1
90006,CA,CA,1
90007,CA,CA,1
90008,CA,CA,1
90010,CA,CA,1
90011,CA,CA,1
90012,CA,CA,1
90013,CA,CA,1
90014,CA,CA,1
90015,CA,CA,1
90016,CA,CA,1
90017,CA,CA,1
90018,CA,CA,1
90019,CA,CA,1
90020,CA,CA,1
90021,CA,CA,1
90022,CA,CA,1
90023,CA,CA,1
90024,CA,CA,1
90025,CA,CA,1
90026,CA,CA,1
90027,CA,CA,1
90028,CA,CA,1
90029,CA,CA,1
90031,CA,CA,1
90032,CA,CA,1
90033,CA,CA,1
90034,CA,CA,1
90035,CA,CA,1
90036,CA,CA,1
90037,CA,CA,1
90038,CA,CA,1
90039,CA,CA,1
90040,CA,CA,1
90041,CA,CA,1
90042,CA,CA,1
90043,CA,CA,1
90044,CA,CA,1
90045,CA,CA,1
90046,CA,CA,1
90047,CA,CA,1
90048,CA,CA,1
90049,CA,CA,1
90052,CA,CA,1
90056,CA,CA,1
90057,CA,CA,1
90058,CA,CA,1
90059,CA,CA,1
90061,CA,CA,1
90062,CA,CA,1
90063,CA,CA,1
90064,CA,CA,1
90065,CA,CA,1
90066,CA,CA,1
90067,CA,CA,1
90068,CA,CA,1
90069,CA,CA,1
90071,CA,CA,1
90073,CA,CA,1
90077,CA,CA,1
90079,CA,CA,1
90089,CA,CA,1
90094,CA,CA,1
90095,CA,CA,1
90201,CA,CA,1
90210,CA,CA,1
90211,CA,CA,1
90212,CA,CA,1
90220,CA,CA,1
90221,CA,CA,1
90222,CA,CA,1
90230,CA,CA,1
90232,CA,CA,1
90240,CA,CA,1
90241,CA,CA,1
90242,CA,CA,1
90245,CA,CA,1
90247,CA,CA,1
90248,CA,CA,1
90249,CA,CA,1
90250,CA,CA,1
90254,CA,CA,1
90255,CA,CA,1
90260,CA,CA,1
90262,CA,CA,1
90263,CA,CA,1
90265,CA,CA,1
90266,CA,CA,1
90270,CA,CA,1
90272,CA,CA,1
90274,CA,CA,1
90275,CA,CA,1
90277,CA,CA,1
90278,CA,CA,1
90280,CA,CA,1
90290,CA,CA,1
90291,CA,CA,1
90292,CA,CA,1
90293,CA,CA,1
90301,CA,CA,1
90302,CA,CA,1
90303,CA,CA,1
90304,CA,CA,1
90305,CA,CA,1
90401,CA,CA,1
90402,CA,CA,1
90403,CA,CA,1
90404,CA,CA,1
90405,CA,CA,1
90501,CA,CA,1
90502,CA,CA,1
90503,CA,CA,1
90504,CA,CA,1
90505,CA,CA,1
90506,CA,CA,1
90601,CA,CA,1
90602,CA,CA,1
90603,CA,CA,1
90604,CA,CA,1
90605,CA,CA,1
90606,CA,CA,1
90620,CA,CA,1
90621,CA,CA,1
90623,CA,CA,1
90630,CA,CA,1
90631,CA,CA,1
90638,CA,CA,1
90639,CA,CA,1
90640,CA,CA,1
90650,CA,CA,1
90660,CA,CA,1
90670,CA,CA,1
90680,CA,CA,1
90701,CA,CA,1
90703,CA,CA,1
90704,CA,CA,1
90706,CA,CA,1
90710,CA,CA,1
90712,CA,CA,1
90713,CA,CA,1
90715,CA,CA,1
90716,CA,CA,1
90717,CA,CA,1
90720,CA,CA,1
90723,CA,CA,1
90731,CA,CA,1
90732,CA,CA,1
90740,CA,CA,1
90742,CA,CA,1
90743,CA,CA,1
90744,CA,CA,1
90745,CA,CA,1
90746,CA,CA,1
90747,CA,CA,1
90755,CA,CA,1
90802,CA,CA,1
90803,CA,CA,1
90804,CA,CA,1
90805,CA,CA,1
90806,CA,CA,1
90807,CA,CA,1
90808,CA,CA,1
90810,CA,CA,1
90813,CA,CA,1
90814,CA,CA,1
90815,CA,CA,1
90822,CA,CA,1
90831,CA,CA,1
90840,CA,CA,1
91001,CA,CA,1
91006,CA,CA,1
91007,CA,CA,1
91008,CA,CA,1
91010,CA,CA,1
91011,CA,CA,1
91016,CA,CA,1
91020,CA,CA,1
91024,CA,CA,1
91030,CA,CA,1
91040,CA,CA,1
91042,CA,CA,1
91046,CA,CA,1
91101,CA,CA,1
91103,CA,CA,1
91104,CA,CA,1
91105,CA,CA,1
91106,CA,CA,1
91107,CA,CA,1
91108,CA,CA,1
91125,CA,CA,1
91201,CA,CA,1
91202,CA,CA,1
91203,CA,CA,1
91204,CA,CA,1
91205,CA,CA,1
91206,CA,CA,1
91207,CA,CA,1
91208,CA,CA,1
91210,CA,CA,1
91214,CA,CA,1
91301,CA,CA,1
91302,CA,CA,1
91303,CA,CA,1
91304,CA,CA,1
91306,CA,CA,1
91307,CA,CA,1
91311,CA,CA,1
91316,CA,CA,1
91320,CA,CA,1
91321,CA,CA,1
91324,CA,CA,1
91325,CA,CA,1
91326,CA,CA,1
91330,CA,CA,1
91331,CA,CA,1
91335,CA,CA,1
91340,CA,CA,1
91342,CA,CA,1
91343,CA,CA,1
91344,CA,CA,1
91345,CA,CA,1
91350,CA,CA,1
91351,CA,CA,1
91352,CA,CA,1
91354,CA,CA,1
91355,CA,CA,1
91356,CA,CA,1
91360,CA,CA,1
91361,CA,CA,1
91362,CA,CA,1
91364,CA,CA,1
91367,CA,CA,1
91371,CA,CA,1
91377,CA,CA,1
91381,CA,CA,1
91384,CA,CA,1
91387,CA,CA,1
91390,CA,CA,1
91401,CA,CA,1
91402,CA,CA,1
91403,CA,CA,1
91405,CA,CA,1
91406,CA,CA,1
91411,CA,CA,1
91423,CA,CA,1
91436,CA,CA,1
91501,CA,CA,1
91502,CA,CA,1
91504,CA,CA,1
91505,CA,CA,1
91506,CA,CA,1
91601,CA,CA,1
91602,CA,CA,1
91604,CA,CA,1
91605,CA,CA,1
91606,CA,CA,1
91607,CA,CA,1
91608,CA,CA,1
91701,CA,CA,1
91702,CA,CA,1
91706,CA,CA,1
91708,CA,CA,1
91709,CA,CA,1
91710,CA,CA,1
91711,CA,CA,1
91722,CA,CA,1
91723,CA,CA,1
91724,CA,CA,1
91730,CA,CA,1
91731,CA,CA,1
91732,CA,CA,1
91733,CA,CA,1
91737,CA,CA,1
91739,CA,CA,1
91740,CA,CA,1
91741,CA,CA,1
91744,CA,CA,1
91745,CA,CA,1
91746,CA,CA,1
91748,CA,CA,1
91750,CA,CA,1
91752,CA,CA,1
91754,CA,CA,1
91755,CA,CA,1
91759,CA,CA,1
91761,CA,CA,1
91762,CA,CA,1
91763,CA,CA,1
91764,CA,CA,1
91765,CA,CA,1
91766,CA,CA,1
91767,CA,CA,1
91768,CA,CA,1
91770,CA,CA,1
91773,CA,CA,1
91775,CA,CA,1
91776,CA,CA,1
91780,CA,CA,1
91784,CA,CA,1
91786,CA,CA,1
91789,CA,CA,1
91790,CA,CA,1
91791,CA,CA,1
91792,CA,CA,1
91801,CA,CA,1
91803,CA,CA,1
91901,CA,CA,1
91902,CA,CA,1
91905,CA,CA,1
91906,CA,CA,1
91910,CA,CA,1
91911,CA,CA,1
91913,CA,CA,1
91914,CA,CA,1
91915,CA,CA,1
91916,CA,CA,1
91917,CA,CA,1
91931,CA,CA,1
91932,CA,CA,1
91934,CA,CA,1
91935,CA,CA,1
91941,CA,CA,1
91942,CA,CA,1
91945,CA,CA,1
91948,CA,CA,1
91950,CA,CA,1
91962,CA,CA,1
91963,CA,CA,1
91977,CA,CA,1
91978,CA,CA,1
91980,CA,CA,1
92003,CA,CA,1
92004,CA,CA,1
92007,CA,CA,1
92008,CA,CA,1
92009,CA,CA,1
92010,CA,CA,1
92011,CA,CA,1
92014,CA,CA,1
92019,CA,CA,1
92020,CA,CA,1
92021,CA,CA,1
92024,CA,CA,1
92025,CA,CA,1
92026,CA,CA,1
92027,CA,CA,1
92028,CA,CA,1
92029,CA,CA,1
92036,CA,CA,1
92037,CA,CA,1
92040,CA,CA,1
92054,CA,CA,1
92055,CA,CA,1
92056,CA,CA,1
92057,CA,CA,1
92058,CA,CA,1
92059,CA,CA,1
92060,CA,CA,1
92061,CA,CA,1
92064,CA,CA,1
92065,CA,CA,1
92066,CA,CA,1
92067,CA,CA,1
92069,CA,CA,1
92070,CA,CA,1
92071,CA,CA,1
92075,CA,CA,1
92078,CA,CA,1
92081,CA,CA,1
92082,CA,CA,1
92083,CA,CA,1
92084,CA,CA,1
92086,CA,CA,1
92091,CA,CA,1
92092,CA,CA,1
92093,CA,CA,1
92096,CA,CA,1
92101,CA,CA,1
92102,CA,CA,1
92103,CA,CA,1
92104,CA,CA,1
92105,CA,CA,1
92106,CA,CA,1
92107,CA,CA,1
92108,CA,CA,1
92109,CA,CA,1
92110,CA,CA,1
92111,CA,CA,1
92113,CA,CA,1
92114,CA,CA,1
92115,CA,CA,1
92116,CA,CA,1
92117,CA,CA,1
92118,CA,CA,1
92119,CA,CA,1
92120,CA,CA,1
92121,CA,CA,1
92122,CA,CA,1
92123,CA,CA,1
92124,CA,CA,1
92126,CA,CA,1
92127,CA,CA,1
92128,CA,CA,1
92129,CA,CA,1
92130,CA,CA,1
92131,CA,CA,1
92132,CA,CA,1
92134,CA,CA,1
92135,CA,CA,1
92136,CA,CA,1
92139,CA,CA,1
92140,CA,CA,1
92145,CA,CA,1
92147,CA,CA,1
92154,CA,CA,1
92155,CA,CA,1
92161,CA,CA,1
92173,CA,CA,1
92179,CA,CA,1
92182,CA,CA,1
92201,CA,CA,1
92203,CA,CA,1
92210,CA,CA,1
92211,CA,CA,1
92220,CA,CA,1
92222,CA,CA,1
92223,CA,CA,1
92225,CA,CA,1
92227,CA,CA,1
92230,CA,CA,1
92231,CA,CA,1
92233,CA,CA,1
92234,CA,CA,1
92236,CA,CA,1
92239,CA,CA,1
92240,CA,CA,1
92241,CA,CA,1
92242,CA,CA,1
92243,CA,CA,1
92249,CA,CA,1
92250,CA,CA,1
92251,CA,CA,1
92252,CA,CA,1
92253,CA,CA,1
92254,CA,CA,1
92256,CA,CA,1
92257,CA,CA,1
92258,CA,CA,1
92259,CA,CA,1
92260,CA,CA,1
92262,CA,CA,1
92264,CA,CA,1
92266,CA,CA,1
92267,CA,CA,1
92268,CA,CA,1
92270,CA,CA,1
92273,CA,CA,1
92274,CA,CA,1
92275,CA,CA,1
92276,CA,CA,1
92277,CA,CA,1
92278,CA,CA,1
92280,CA,CA,1
92281,CA,CA,1
92282,CA,CA,1
92283,CA,CA,1
92284,CA,CA,1
92285,CA,CA,1
92301,CA,CA,1
92304,CA,CA,1
92305,CA,CA,1
92307,CA,CA,1
92308,CA,CA,1
92309,CA,CA,1
92310,CA,CA,1
92311,CA,CA,1
92313,CA,CA,1
92314,CA,CA,1
92315,CA,CA,1
92316,CA,CA,1
92317,CA,CA,1
92320,CA,CA,1
92321,CA,CA,1
92322,CA,CA,1
92324,CA,CA,1
92325,CA,CA,1
92327,CA,CA,1
92328,CA,CA,1
92332,CA,CA,1
92333,CA,CA,1
92335,CA,CA,1
92336,CA,CA,1
92337,CA,CA,1
92338,CA,CA,1
92339,CA,CA,1
92341,CA,CA,1
92342,CA,CA,1
92344,CA,CA,1
92345,CA,CA,1
92346,CA,CA,1
92347,CA,CA,1
92350,CA,CA,1
92352,CA,CA,1
92354,CA,CA,1
92356,CA,CA,1
92358,CA,CA,1
92359,CA,CA,1
92363,CA,CA,1
92364,CA,CA,1
92365,CA,CA,1
92368,CA,CA,1
92369,CA,CA,1
92371,CA,CA,1
92372,CA,CA,1
92373,CA,CA,1
92374,CA,CA,1
92376,CA,CA,1
92377,CA,CA,1
92378,CA,CA,1
92382,CA,CA,1
92384,CA,CA,1
92385,CA,CA,1
92386,CA,CA,1
92389,CA,CA,1
92391,CA,CA,1
92392,CA,CA,1
92394,CA,CA,1
92395,CA,CA,1
92397,CA,CA,1
92398,CA,CA,1
92399,CA,CA,1
92401,CA,CA,1
92404,CA,CA,1
92405,CA,CA,1
92407,CA,CA,1
92408,CA,CA,1
92410,CA,CA,1
92411,CA,CA,1
92415,CA,CA,1
92501,CA,CA,1
92503,CA,CA,1
92504,CA,CA,1
92505,CA,CA,1
92506,CA,CA,1
92507,CA,CA,1
92508,CA,CA,1
92509,CA,CA,1
92518,CA,CA,1
92521,CA,CA,1
92530,CA,CA,1
92532,CA,CA,1
92536,CA,CA,1
92539,CA,CA,1
92543,CA,CA,1
92544,CA,CA,1
92545,CA,CA,1
92548,CA,CA,1
92549,CA,CA,1
92551,CA,CA,1
92553,CA,CA,1
92555,CA,CA,1
92557,CA,CA,1
92561,CA,CA,1
92562,CA,CA,1
92563,CA,CA,1
92567,CA,CA,1
92570,CA,CA,1
92571,CA,CA,1
92582,CA,CA,1
92583,CA,CA,1
92584,CA,CA,1
92585,CA,CA,1
92586,CA,CA,1
92587,CA,CA,1
92590,CA,CA,1
92591,CA,CA,1
92592,CA,CA,1
92595,CA,CA,1
92596,CA,CA,1
92602,CA,CA,1
92603,CA,CA,1
92604,CA,CA,1
92606,CA,CA,1
92610,CA,CA,1
92612,CA,CA,1
92614,CA,CA,1
92617,CA,CA,1
92618,CA,CA,1
92620,CA,CA,1
92624,CA,CA,1
92625,CA,CA,1
92626,CA,CA,1
92627,CA,CA,1
92629,CA,CA,1
92630,CA,CA,1
92637,CA,CA,1
92646,CA,CA,1
92647,CA,CA,1
92648,CA,CA,1
92649,CA,CA,1
92651,CA,CA,1
92653,CA,CA,1
92655,CA,CA,1
92656,CA,CA,1
92657,CA,CA,1
92660,CA,CA,1
92661,CA,CA,1
92662,CA,CA,1
92663,CA,CA,1
92672,CA,CA,1
92673,CA,CA,1
92675,CA,CA,1
92676,CA,CA,1
92677,CA,CA,1
92678,CA,CA,1
92679,CA,CA,1
92683,CA,CA,1
92688,CA,CA,1
92691,CA,CA,1
92692,CA,CA,1
92694,CA,CA,1
92697,CA,CA,1
92701,CA,CA,1
92703,CA,CA,1
92704,CA,CA,1
92705,CA,CA,1
92706,CA,CA,1
92707,CA,CA,1
92708,CA,CA,1
92780,CA,CA,1
92782,CA,CA,1
92801,CA,CA,1
92802,CA,CA,1
92804,CA,CA,1
92805,CA,CA,1
92806,CA,CA,1
92807,CA,CA,1
92808,CA,CA,1
92821,CA,CA,1
92823,CA,CA,1
92831,CA,CA,1
92832,CA,CA,1
92833,CA,CA,1
92835,CA,CA,1
92840,CA,CA,1
92841,CA,CA,1
92843,CA,CA,1
92844,CA,CA,1
92845,CA,CA,1
92860,CA,CA,1
92861,CA,CA,1
92865,CA,CA,1
92866,CA,CA,1
92867,CA,CA,1
92868,CA,CA,1
92869,CA,CA,1
92870,CA,CA,1
92879,CA,CA,1
92880,CA,CA,1
92881,CA,CA,1
92882,CA,CA,1
92883,CA,CA,1
92886,CA,CA,1
92887,CA,CA,1
93001,CA,CA,1
93003,CA,CA,1
93004,CA,CA,1
93010,CA,CA,1
93012,CA,CA,1
93013,CA,CA,1
93015,CA,CA,1
93021,CA,CA,1
93022,CA,CA,1
93023,CA,CA,1
93030,CA,CA,1
93033,CA,CA,1
93035,CA,CA,1
93036,CA,CA,1
93040,CA,CA,1
93041,CA,CA,1
93042,CA,CA,1
93043,CA,CA,1
93060,CA,CA,1
93063,CA,CA,1
93064,CA,CA,1
93065,CA,CA,1
93066,CA,CA,1
93067,CA,CA,1
93101,CA,CA,1
93103,CA,CA,1
93105,CA,CA,1
93106,CA,CA,1
93108,CA,CA,1
93109,CA,CA,1
93110,CA,CA,1
93111,CA,CA,1
93117,CA,CA,1
93201,CA,CA,1
93202,CA,CA,1
93203,CA,CA,1
93204,CA,CA,1
93205,CA,CA,1
93206,CA,CA,1
93207,CA,CA,1
93208,CA,CA,1
93210,CA,CA,1
93212,CA,CA,1
93215,CA,CA,1
93218,CA,CA,1
93219,CA,CA,1
93220,CA,CA,1
93221,CA,CA,1
93222,CA,CA,1
93223,CA,CA,1
93224,CA,CA,1
93225,CA,CA,1
93226,CA,CA,1
93227,CA,CA,1
93230,CA,CA,1
93234,CA,CA,1
93235,CA,CA,1
93237,CA,CA,1
93238,CA,CA,1
93239,CA,CA,1
93240,CA,CA,1
93241,CA,CA,1
93242,CA,CA,1
93243,CA,CA,1
93244,CA,CA,1
93245,CA,CA,1
93246,CA,CA,1
93247,CA,CA,1
93249,CA,CA,1
93250,CA,CA,1
93251,CA,CA,1
93252,CA,CA,1
93254,CA,CA,1
93255,CA,CA,1
93256,CA,CA,1
93257,CA,CA,1
93258,CA,CA,1
93260,CA,CA,1
93261,CA,CA,1
93262,CA,CA,1
93263,CA,CA,1
93265,CA,CA,1
93266,CA,CA,1
93267,CA,CA,1
93268,CA,CA,1
93270,CA,CA,1
93271,CA,CA,1
93272,CA,CA,1
93274,CA,CA,1
93276,CA,CA,1
93277,CA,CA,1
93280,CA,CA,1
93283,CA,CA,1
93285,CA,CA,1
93286,CA,CA,1
93287,CA,CA,1
93291,CA,CA,1
93292,CA,CA,1
93301,CA,CA,1
93304,CA,CA,1
93305,CA,CA,1
93306,CA,CA,1
93307,CA,CA,1
93308,CA,CA,1
93309,CA,CA,1
93311,CA,CA,1
93312,CA,CA,1
93313,CA,CA,1
93314,CA,CA,1
93401,CA,CA,1
93402,CA,CA,1
93405,CA,CA,1
93407,CA,CA,1
93408,CA,CA,1
93409,CA,CA,1
93410,CA,CA,1
93420,CA,CA,1
93422,CA,CA,1
93424,CA,CA,1
93426,CA,CA,1
93427,CA,CA,1
93428,CA,CA,1
93429,CA,CA,1
93430,CA,CA,1
93432,CA,CA,1
93433,CA,CA,1
93434,CA,CA,1
93436,CA,CA,1
93437,CA,CA,1
93440,CA,CA,1
93441,CA,CA,1
93442,CA,CA,1
93444,CA,CA,1
93445,CA,CA,1
93446,CA,CA,1
93449,CA,CA,1
93450,CA,CA,1
93451,CA,CA,1
93452,CA,CA,1
93453,CA,CA,1
93454,CA,CA,1
93455,CA,CA,1
93458,CA,CA,1
93460,CA,CA,1
93461,CA,CA,1
93463,CA,CA,1
93465,CA,CA,1
93501,CA,CA,1
93505,CA,CA,1
93510,CA,CA,1
93512,CA,CA,1
93513,CA,CA,1
93514,CA,CA,1
93516,CA,CA,1
93517,CA,CA,1
93518,CA,CA,1
93519,CA,CA,1
93522,CA,CA,1
93523,CA,CA,1
93524,CA,CA,1
93526,CA,CA,1
93527,CA,CA,1
93528,CA,CA,1
93529,CA,CA,1
93530,CA,CA,1
93531,CA,CA,1
93532,CA,CA,1
93534,CA,CA,1
93535,CA,CA,1
93536,CA,CA,1
93541,CA,CA,1
93543,CA,CA,1
93544,CA,CA,1
93545,CA,CA,1
93546,CA,CA,1
93549,CA,CA,1
93550,CA,CA,1
93551,CA,CA,1
93552,CA,CA,1
93553,CA,CA,1
93554,CA,CA,1
93555,CA,CA,1
93558,CA,CA,1
93560,CA,CA,1
93561,CA,CA,1
93562,CA,CA,1
93563,CA,CA,1
93581,CA,CA,1
93591,CA,CA,1
93601,CA,CA,1
93602,CA,CA,1
93603,CA,CA,1
93604,CA,CA,1
93605,CA,CA,1
93606,CA,CA,1
93608,CA,CA,1
93609,CA,CA,1
93610,CA,CA,1
93611,CA,CA,1
93612,CA,CA,1
93614,CA,CA,1
93615,CA,CA,1
93616,CA,CA,1
93618,CA,CA,1
93619,CA,CA,1
93620,CA,CA,1
93621,CA,CA,1
93622,CA,CA,1
93623,CA,CA,1
93624,CA,CA,1
93625,CA,CA,1
93626,CA,CA,1
93627,CA,CA,1
93628,CA,CA,1
93630,CA,CA,1
93631,CA,CA,1
93633,CA,CA,1
93634,CA,CA,1
93635,CA,CA,1
93636,CA,CA,1
93637,CA,CA,1
93638,CA,CA,1
93640,CA,CA,1
93641,CA,CA,1
93643,CA,CA,1
93644,CA,CA,1
93645,CA,CA,1
93646,CA,CA,1
93647,CA,CA,1
93648,CA,CA,1
93650,CA,CA,1
93651,CA,CA,1
93652,CA,CA,1
93653,CA,CA,1
93654,CA,CA,1
93656,CA,CA,1
93657,CA,CA,1
93660,CA,CA,1
93662,CA,CA,1
93664,CA,CA,1
93665,CA,CA,1
93666,CA,CA,1
93667,CA,CA,1
93668,CA,CA,1
93669,CA,CA,1
93670,CA,CA,1
93673,CA,CA,1
93675,CA,CA,1
93701,CA,CA,1
93702,CA,CA,1
93703,CA,CA,1
93704,CA,CA,1
93705,CA,CA,1
93706,CA,CA,1
93710,CA,CA,1
93711,CA,CA,1
93720,CA,CA,1
93721,CA,CA,1
93722,CA,CA,1
93723,CA,CA,1
93725,CA,CA,1
93726,CA,CA,1
93727,CA,CA,1
93728,CA,CA,1
93730,CA,CA,1
93737,CA,CA,1
93740,CA,CA,1
93741,CA,CA,1
93901,CA,CA,1
93905,CA,CA,1
93906,CA,CA,1
93907,CA,CA,1
93908,CA,CA,1
93920,CA,CA,1
93921,CA,CA,1
93923,CA,CA,1
93924,CA,CA,1
93925,CA,CA,1
93926,CA,CA,1
93927,CA,CA,1
93928,CA,CA,1
93930,CA,CA,1
93932,CA,CA,1
93933,CA,CA,1
93940,CA,CA,1
93943,CA,CA,1
93944,CA,CA,1
93950,CA,CA,1
93953,CA,CA,1
93954,CA,CA,1
93955,CA,CA,1
93960,CA,CA,1
93962,CA,CA,1
94002,CA,CA,1
94005,CA,CA,1
94010,CA,CA,1
94014,CA,CA,1
94015,CA,CA,1
94018,CA,CA,1
94019,CA,CA,1
94020,CA,CA,1
94021,CA,CA,1
94022,CA,CA,1
94024,CA,CA,1
94025,CA,CA,1
94027,CA,CA,1
94028,CA,CA,1
94030,CA,CA,1
94037,CA,CA,1
94038,CA,CA,1
94040,CA,CA,1
94041,CA,CA,1
94043,CA,CA,1
94044,CA,CA,1
94060,CA,CA,1
94061,CA,CA,1
94062,CA,CA,1
94063,CA,CA,1
94065,CA,CA,1
94066,CA,CA,1
94070,CA,CA,1
94074,CA,CA,1
94080,CA,CA,1
94085,CA,CA,1
94086,CA,CA,1
94087,CA,CA,1
94089,CA,CA,1
94102,CA,CA,1
94103,CA,CA,1
94104,CA,CA,1
94105,CA,CA,1
94107,CA,CA,1
94108,CA,CA,1
94109,CA,CA,1
94110,CA,CA,1
94111,CA,CA,1
94112,CA,CA,1
94114,CA,CA,1
94115,CA,CA,1
94116,CA,CA,1
94117,CA,CA,1
94118,CA,CA,1
94121,CA,CA,1
94122,CA,CA,1
94123,CA,CA,1
94124,CA,CA,1
94127,CA,CA,1
94128,CA,CA,1
94129,CA,CA,1
94130,CA,CA,1
94131,CA,CA,1
94132,CA,CA,1
94133,CA,CA,1
94134,CA,CA,1
94158,CA,CA,1
94188,CA,CA,1
94301,CA,CA,1
94303,CA,CA,1
94304,CA,CA,1
94305,CA,CA,1
94306,CA,CA,1
94401,CA,CA,1
94402,CA,CA,1
94403,CA,CA,1
94404,CA,CA,1
94501,CA,CA,1
94502,CA,CA,1
94503,CA,CA,1
94505,CA,CA,1
94506,CA,CA,1
94507,CA,CA,1
94508,CA,CA,1
94509,CA,CA,1
94510,CA,CA,1
94511,CA,CA,1
94512,CA,CA,1
94513,CA,CA,1
94514,CA,CA,1
94515,CA,CA,1
94516,CA,CA,1
94517,CA,CA,1
94518,CA,CA,1
94519,CA,CA,1
94520,CA,CA,1
94521,CA,CA,1
94523,CA,CA,1
94525,CA,CA,1
94526,CA,CA,1
94528,CA,CA,1
94530,CA,CA,1
94531,CA,CA,1
94533,CA,CA,1
94534,CA,CA,1
94535,CA,CA,1
94536,CA,CA,1
94538,CA,CA,1
94539,CA,CA,1
94541,CA,CA,1
94542,CA,CA,1
94544,CA,CA,1
94545,CA,CA,1
94546,CA,CA,1
94547,CA,CA,1
94548,CA,CA,1
94549,CA,CA,1
94550,CA,CA,1
94551,CA,CA,1
94552,CA,CA,1
94553,CA,CA,1
94555,CA,CA,1
94556,CA,CA,1
94558,CA,CA,1
94559,CA,CA,1
94560,CA,CA,1
94561,CA,CA,1
94562,CA,CA,1
94563,CA,CA,1
94564,CA,CA,1
94565,CA,CA,1
94566,CA,CA,1
94567,CA,CA,1
94568,CA,CA,1
94569,CA,CA,1
94571,CA,CA,1
94572,CA,CA,1
94573,CA,CA,1
94574,CA,CA,1
94575,CA,CA,1
94576,CA,CA,1
94577,CA,CA,1
94578,CA,CA,1
94579,CA,CA,1
94580,CA,CA,1
94582,CA,CA,1
94583,CA,CA,1
94585,CA,CA,1
94586,CA,CA,1
94587,CA,CA,1
94588,CA,CA,1
94589,CA,CA,1
94590,CA,CA,1
94591,CA,CA,1
94592,CA,CA,1
94595,CA,CA,1
94596,CA,CA,1
94597,CA,CA,1
94598,CA,CA,1
94599,CA,CA,1
94601,CA,CA,1
94602,CA,CA,1
94603,CA,CA,1
94605,CA,CA,1
94606,CA,CA,1
94607,CA,CA,1
94608,CA,CA,1
94609,CA,CA,1
94610,CA,CA,1
94611,CA,CA,1
94612,CA,CA,1
94613,CA,CA,1
94618,CA,CA,1
94619,CA,CA,1
94621,CA,CA,1
94702,CA,CA,1
94703,CA,CA,1
94704,CA,CA,1
94705,CA,CA,1
94706,CA,CA,1
94707,CA,CA,1
94708,CA,CA,1
94709,CA,CA,1
94710,CA,CA,1
94720,CA,CA,1
94801,CA,CA,1
94803,CA,CA,1
94804,CA,CA,1
94805,CA,CA,1
94806,CA,CA,1
94901,CA,CA,1
94903,CA,CA,1
94904,CA,CA,1
94920,CA,CA,1
94922,CA,CA,1
94923,CA,CA,1
94924,CA,CA,1
94925,CA,CA,1
94928,CA,CA,1
94929,CA,CA,1
94930,CA,CA,1
94931,CA,CA,1
94933,CA,CA,1
94937,CA,CA,1
94938,CA,CA,1
94939,CA,CA,1
94940,CA,CA,1
94941,CA,CA,1
94945,CA,CA,1
94946,CA,CA,1
94947,CA,CA,1
94949,CA,CA,1
94950,CA,CA,1
94951,CA,CA,1
94952,CA,CA,1
94954,CA,CA,1
94956,CA,CA,1
94957,CA,CA,1
94960,CA,CA,1
94963,CA,CA,1
94964,CA,CA,1
94965,CA,CA,1
94970,CA,CA,1
94971,CA,CA,1
94972,CA,CA,1
94973,CA,CA,1
95002,CA,CA,1
95003,CA,CA,1
95004,CA,CA,1
95005,CA,CA,1
95006,CA,CA,1
95007,CA,CA,1
95008,CA,CA,1
95010,CA,CA,1
95012,CA,CA,1
95013,CA,CA,1
95014,CA,CA,1
95017,CA,CA,1
95018,CA,CA,1
95019,CA,CA,1
95020,CA,CA,1
95023,CA,CA,1
95030,CA,CA,1
95032,CA,CA,1
95033,CA,CA,1
95035,CA,CA,1
95037,CA,CA,1
95039,CA,CA,1
95041,CA,CA,1
95043,CA,CA,1
95045,CA,CA,1
95046,CA,CA,1
95050,CA,CA,1
95051,CA,CA,1
95053,CA,CA,1
95054,CA,CA,1
95060,CA,CA,1
95062,CA,CA,1
95064,CA,CA,1
95065,CA,CA,1
95066,CA,CA,1
95070,CA,CA,1
95073,CA,CA,1
95075,CA,CA,1
95076,CA,CA,1
95110,CA,CA,1
95111,CA,CA,1
95112,CA,CA,1
95113,CA,CA,1
95116,CA,CA,1
95117,CA,CA,1
95118,CA,CA,1
95119,CA,CA,1
95120,CA,CA,1
95121,CA,CA,1
95122,CA,CA,1
95123,CA,CA,1
95124,CA,CA,1
95125,CA,CA,1
95126,CA,CA,1
95127,CA,CA,1
95128,CA,CA,1
95129,CA,CA,1
95130,CA,CA,1
95131,CA,CA,1
95132,CA,CA,1
95133,CA,CA,1
95134,CA,CA,1
95135,CA,CA,1
95136,CA,CA,1
95138,CA,CA,1
95139,CA,CA,1
95140,CA,CA,1
95148,CA,CA,1
95202,CA,CA,1
95203,CA,CA,1
95204,CA,CA,1
95205,CA,CA,1
95206,CA,CA,1
95207,CA,CA,1
95209,CA,CA,1
95210,CA,CA,1
95211,CA,CA,1
95212,CA,CA,1
95215,CA,CA,1
95219,CA,CA,1
95220,CA,CA,1
95221,CA,CA,1
95222,CA,CA,1
95223,CA,CA,1
95224,CA,CA,1
95225,CA,CA,1
95226,CA,CA,1
95227,CA,CA,1
95228,CA,CA,1
95230,CA,CA,1
95231,CA,CA,1
95232,CA,CA,1
95233,CA,CA,1
95236,CA,CA,1
95237,CA,CA,1
95240,CA,CA,1
95242,CA,CA,1
95245,CA,CA,1
95246,CA,CA,1
95247,CA,CA,1
95248,CA,CA,1
95249,CA,CA,1
95251,CA,CA,1
95252,CA,CA,1
95253,CA,CA,1
95254,CA,CA,1
95255,CA,CA,1
95257,CA,CA,1
95258,CA,CA,1
95301,CA,CA,1
95303,CA,CA,1
95304,CA,CA,1
95305,CA,CA,1
95306,CA,CA,1
95307,CA,CA,1
95309,CA,CA,1
95310,CA,CA,1
95311,CA,CA,1
95312,CA,CA,1
95313,CA,CA,1
95315,CA,CA,1
95316,CA,CA,1
95317,CA,CA,1
95318,CA,CA,1
95319,CA,CA,1
95320,CA,CA,1
95321,CA,CA,1
95322,CA,CA,1
95323,CA,CA,1
95324,CA,CA,1
95325,CA,CA,1
95326,CA,CA,1
95327,CA,CA,1
95328,CA,CA,1
95329,CA,CA,1
95330,CA,CA,1
95333,CA,CA,1
95334,CA,CA,1
95335,CA,CA,1
95336,CA,CA,1
95337,CA,CA,1
95338,CA,CA,1
95340,CA,CA,1
95341,CA,CA,1
95345,CA,CA,1
95346,CA,CA,1
95348,CA,CA,1
95350,CA,CA,1
95351,CA,CA,1
95354,CA,CA,1
95355,CA,CA,1
95356,CA,CA,1
95357,CA,CA,1
95358,CA,CA,1
95360,CA,CA,1
95361,CA,CA,1
95363,CA,CA,1
95364,CA,CA,1
95365,CA,CA,1
95366,CA,CA,1
95367,CA,CA,1
95368,CA,CA,1
95369,CA,CA,1
95370,CA,CA,1
95372,CA,CA,1
95374,CA,CA,1
95375,CA,CA,1
95376,CA,CA,1
95377,CA,CA,1
95379,CA,CA,1
95380,CA,CA,1
95382,CA,CA,1
95383,CA,CA,1
95385,CA,CA,1
95386,CA,CA,1
95387,CA,CA,1
95388,CA,CA,1
95389,CA,CA,1
95391,CA,CA,1
95401,CA,CA,1
95403,CA,CA,1
95404,CA,CA,1
95405,CA,CA,1
95407,CA,CA,1
95409,CA,CA,1
95410,CA,CA,1
95412,CA,CA,1
95415,CA,CA,1
95417,CA,CA,1
95419,CA,CA,1
95420,CA,CA,1
95421,CA,CA,1
95422,CA,CA,1
95423,CA,CA,1
95425,CA,CA,1
95426,CA,CA,1
95427,CA,CA,1
95428,CA,CA,1
95429,CA,CA,1
95430,CA,CA,1
95431,CA,CA,1
95432,CA,CA,1
95435,CA,CA,1
95436,CA,CA,1
95437,CA,CA,1
95439,CA,CA,1
95441,CA,CA,1
95442,CA,CA,1
95443,CA,CA,1
95444,CA,CA,1
95445,CA,CA,1
95446,CA,CA,1
95448,CA,CA,1
95449,CA,CA,1
95450,CA,CA,1
95451,CA,CA,1
95452,CA,CA,1
95453,CA,CA,1
95454,CA,CA,1
95456,CA,CA,1
95457,CA,CA,1
95458,CA,CA,1
95459,CA,CA,1
95460,CA,CA,1
95461,CA,CA,1
95462,CA,CA,1
95463,CA,CA,1
95464,CA,CA,1
95465,CA,CA,1
95466,CA,CA,1
95467,CA,CA,1
95468,CA,CA,1
95469,CA,CA,1
95470,CA,CA,1
95471,CA,CA,1
95472,CA,CA,1
95476,CA,CA,1
95480,CA,CA,1
95482,CA,CA,1
95485,CA,CA,1
95486,CA,CA,1
95488,CA,CA,1
95490,CA,CA,1
95492,CA,CA,1
95493,CA,CA,1
95494,CA,CA,1
95497,CA,CA,1
95501,CA,CA,1
95503,CA,CA,1
95511,CA,CA,1
95514,CA,CA,1
95519,CA,CA,1
95521,CA,CA,1
95524,CA,CA,1
95525,CA,CA,1
95526,CA,CA,1
95527,CA,CA,1
95528,CA,CA,1
95531,CA,CA,1
95536,CA,CA,1
95537,CA,CA,1
95538,CA,CA,1
95540,CA,CA,1
95542,CA,CA,1
95543,CA,CA,1
95545,CA,CA,1
95546,CA,CA,1
95547,CA,CA,1
95548,CA,CA,1
95549,CA,CA,1
95550,CA,CA,1
95551,CA,CA,1
95552,CA,CA,1
95553,CA,CA,1
95554,CA,CA,1
95555,CA,CA,1
95556,CA,CA,1
95558,CA,CA,1
95559,CA,CA,1
95560,CA,CA,1
95562,CA,CA,1
95563,CA,CA,1
95564,CA,CA,1
95565,CA,CA,1
95567,CA,CA,1
95568,CA,CA,1
95569,CA,CA,1
95570,CA,CA,1
95571,CA,CA,1
95573,CA,CA,1
95585,CA,CA,1
95587,CA,CA,1
95589,CA,CA,1
95595,CA,CA,1
95601,CA,CA,1
95602,CA,CA,1
95603,CA,CA,1
95604,CA,CA,1
95605,CA,CA,1
95606,CA,CA,1
95607,CA,CA,1
95608,CA,CA,1
95610,CA,CA,1
95612,CA,CA,1
95613,CA,CA,1
95614,CA,CA,1
95615,CA,CA,1
95616,CA,CA,1
95618,CA,CA,1
95619,CA,CA,1
95620,CA,CA,1
95621,CA,CA,1
95623,CA,CA,1
95624,CA,CA,1
95625,CA,CA,1
95626,CA,CA,1
95627,CA,CA,1
95628,CA,CA,1
95629,CA,CA,1
95630,CA,CA,1
95631,CA,CA,1
95632,CA,CA,1
95633,CA,CA,1
95634,CA,CA,1
95635,CA,CA,1
95636,CA,CA,1
95637,CA,CA,1
95638,CA,CA,1
95639,CA,CA,1
95640,CA,CA,1
95641,CA,CA,1
95642,CA,CA,1
95645,CA,CA,1
95646,CA,CA,1
95648,CA,CA,1
95650,CA,CA,1
95651,CA,CA,1
95652,CA,CA,1
95653,CA,CA,1
95655,CA,CA,1
95658,CA,CA,1
95659,CA,CA,1
95660,CA,CA,1
95661,CA,CA,1
95662,CA,CA,1
95663,CA,CA,1
95664,CA,CA,1
95665,CA,CA,1
95666,CA,CA,1
95667,CA,CA,1
95668,CA,CA,1
95669,CA,CA,1
95670,CA,CA,1
95671,CA,CA,1
95672,CA,CA,1
95673,CA,CA,1
95674,CA,CA,1
95675,CA,CA,1
95676,CA,CA,1
95677,CA,CA,1
95678,CA,CA,1
95679,CA,CA,1
95680,CA,CA,1
95681,CA,CA,1
95682,CA,CA,1
95683,CA,CA,1
95684,CA,CA,1
95685,CA,CA,1
95686,CA,CA,1
95687,CA,CA,1
95688,CA,CA,1
95689,CA,CA,1
95690,CA,CA,1
95691,CA,CA,1
95692,CA,CA,1
95693,CA,CA,1
95694,CA,CA,1
95695,CA,CA,1
95697,CA,CA,1
95698,CA,CA,1
95699,CA,CA,1
95701,CA,CA,1
95703,CA,CA,1
95709,CA,CA,1
95713,CA,CA,1
95714,CA,CA,1
95715,CA,CA,1
95717,CA,CA,1
95720,CA,CA,1
95721,CA,CA,1
95722,CA,CA,1
95726,CA,CA,1
95728,CA,CA,1
95735,CA,CA,1
95736,CA,CA,1
95742,CA,CA,1
95746,CA,CA,1
95747,CA,CA,1
95757,CA,CA,1
95758,CA,CA,1
95762,CA,CA,1
95765,CA,CA,1
95776,CA,CA,1
95811,CA,CA,1
95814,CA,CA,1
95815,CA,CA,1
95816,CA,CA,1
95817,CA,CA,1
95818,CA,CA,1
95819,CA,CA,1
95820,CA,CA,1
95821,CA,CA,1
95822,CA,CA,1
95823,CA,CA,1
95824,CA,CA,1
95825,CA,CA,1
95826,CA,CA,1
95827,CA,CA,1
95828,CA,CA,1
95829,CA,CA,1
95830,CA,CA,1
95831,CA,CA,1
95832,CA,CA,1
95833,CA,CA,1
95834,CA,CA,1
95835,CA,CA,1
95837,CA,CA,1
95838,CA,CA,1
95841,CA,CA,1
95842,CA,CA,1
95843,CA,CA,1
95864,CA,CA,1
95901,CA,CA,1
95903,CA,CA,1
95910,CA,CA,1
95912,CA,CA,1
95913,CA,CA,1
95914,CA,CA,1
95915,CA,CA,1
95916,CA,CA,1
95917,CA,CA,1
95918,CA,CA,1
95919,CA,CA,1
95920,CA,CA,1
95922,CA,CA,1
95923,CA,CA,1
95925,CA,CA,1
95926,CA,CA,1
95928,CA,CA,1
95929,CA,CA,1
95930,CA,CA,1
95932,CA,CA,1
95934,CA,CA,1
95935,CA,CA,1
95936,CA,CA,1
95937,CA,CA,1
95938,CA,CA,1
95939,CA,CA,1
95941,CA,CA,1
95942,CA,CA,1
95943,CA,CA,1
95944,CA,CA,1
95945,CA,CA,1
95946,CA,CA,1
95947,CA,CA,1
95948,CA,CA,1
95949,CA,CA,1
95950,CA,CA,1
95951,CA,CA,1
95953,CA,CA,1
95954,CA,CA,1
95955,CA,CA,1
95956,CA,CA,1
95957,CA,CA,1
95958,CA,CA,1
95959,CA,CA,1
95960,CA,CA,1
95961,CA,CA,1
95962,CA,CA,1
95963,CA,CA,1
95965,CA,CA,1
95966,CA,CA,1
95968,CA,CA,1
95969,CA,CA,1
95970,CA,CA,1
95971,CA,CA,1
95972,CA,CA,1
95973,CA,CA,1
95974,CA,CA,1
95975,CA,CA,1
95977,CA,CA,1
95978,CA,CA,1
95979,CA,CA,1
95981,CA,CA,1
95982,CA,CA,1
95983,CA,CA,1
95984,CA,CA,1
95986,CA,CA,1
95987,CA,CA,1
95988,CA,CA,1
95991,CA,CA,1
95993,CA,CA,1
96001,CA,CA,1
96002,CA,CA,1
96003,CA,CA,1
96006,CA,CA,1
96007,CA,CA,1
96008,CA,CA,1
96009,CA,CA,1
96010,CA,CA,1
96011,CA,CA,1
96013,CA,CA,1
96014,CA,CA,1
96015,CA,CA,1
96016,CA,CA,1
96017,CA,CA,1
96019,CA,CA,1
96020,CA,CA,1
96021,CA,CA,1
96022,CA,CA,1
96023,CA,CA,1
96024,CA,CA,1
96025,CA,CA,1
96027,CA,CA,1
96028,CA,CA,1
96029,CA,CA,1
96031,CA,CA,1
96032,CA,CA,1
96033,CA,CA,1
96034,CA,CA,1
96035,CA,CA,1
96037,CA,CA,1
96038,CA,CA,1
96039,CA,CA,1
96040,CA,CA,1
96041,CA,CA,1
96044,CA,CA,1
96046,CA,CA,1
96047,CA,CA,1
96048,CA,CA,1
96050,CA,CA,1
96051,CA,CA,1
96052,CA,CA,1
96054,CA,CA,1
96055,CA,CA,1
96056,CA,CA,1
96057,CA,CA,1
96058,CA,CA,1
96059,CA,CA,1
96061,CA,CA,1
96062,CA,CA,1
96063,CA,CA,1
96064,CA,CA,1
96065,CA,CA,1
96067,CA,CA,1
96068,CA,CA,1
96069,CA,CA,1
96071,CA,CA,1
96073,CA,CA,1
96074,CA,CA,1
96075,CA,CA,1
96076,CA,CA,1
96078,CA,CA,1
96080,CA,CA,1
96084,CA,CA,1
96085,CA,CA,1
96086,CA,CA,1
96087,CA,CA,1
96088,CA,CA,1
96090,CA,CA,1
96091,CA,CA,1
96092,CA,CA,1
96093,CA,CA,1
96094,CA,CA,1
96096,CA,CA,1
96097,CA,CA,1
96101,CA,CA,1
96103,CA,CA,1
96104,CA,CA,1
96105,CA,CA,1
96106,CA,CA,1
96107,CA,CA,1
96108,CA,CA,1
96109,CA,CA,1
96110,CA,CA,1
96111,CA,CA,1
96112,CA,CA,1
96113,CA,CA,1
96114,CA,CA,1
96115,CA,CA,1
96116,CA,CA,1
96117,CA,CA,1
96118,CA,CA,1
96119,CA,CA,1
96120,CA,CA,1
96121,CA,CA,1
96122,CA,CA,1
96123,CA,CA,1
96124,CA,CA,1
96125,CA,CA,1
96126,CA,CA,1
96128,CA,CA,1
96129,CA,CA,1
96130,CA,CA,1
96132,CA,CA,1
96133,CA,CA,1
96134,CA,CA,1
96135,CA,CA,1
96136,CA,CA,1
96137,CA,CA,1
96140,CA,CA,1
96141,CA,CA,1
96142,CA,CA,1
96143,CA,CA,1
96145,CA,CA,1
96146,CA,CA,1
96148,CA,CA,1
96150,CA,CA,1
96155,CA,CA,1
96161,CA,CA,1
96701,HI,HI,1
96703,HI,HI,1
96704,HI,HI,1
96705,HI,HI,1
96706,HI,HI,1
96707,HI,HI,1
96708,HI,HI,1
96710,HI,HI,1
96712,HI,HI,1
96713,HI,HI,1
96714,HI,HI,1
96716,HI,HI,1
96717,HI,HI,1
96719,HI,HI,1
96720,HI,HI,1
96722,HI,HI,1
96725,HI,HI,1
96726,HI,HI,1
96727,HI,HI,1
96728,HI,HI,1
96729,HI,HI,1
96730,HI,HI,1
96731,HI,HI,1
96732,HI,HI,1
96734,HI,HI,1
96737,HI,HI,1
96738,HI,HI,1
96740,HI,HI,1
96741,HI,HI,1
96742,HI,HI,1
96743,HI,HI,1
96744,HI,HI,1
96746,HI,HI,1
96747,HI,HI,1
96748,HI,HI,1
96749,HI,HI,1
96750,HI,HI,1
96751,HI,HI,1
96752,HI,HI,1
96753,HI,HI,1
96754,HI,HI,1
96755,HI,HI,1
96756,HI,HI,1
96757,HI,HI,1
96759,HI,HI,1
96760,HI,HI,1
96761,HI,HI,1
96762,HI,HI,1
96763,HI,HI,1
96764,HI,HI,1
96765,HI,HI,1
96766,HI,HI,1
96768,HI,HI,1
96769,HI,HI,1
96770,HI,HI,1
96771,HI,HI,1
96772,HI,HI,1
96773,HI,HI,1
96774,HI,HI,1
96776,HI,HI,1
96777,HI,HI,1
96778,HI,HI,1
96779,HI,HI,1
96780,HI,HI,1
96781,HI,HI,1
96782,HI,HI,1
96783,HI,HI,1
96785,HI,HI,1
96786,HI,HI,1
96789,HI,HI,1
96790,HI,HI,1
96791,HI,HI,1
96792,HI,HI,1
96793,HI,HI,1
96795,HI,HI,1
96796,HI,HI,1
96797,HI,HI,1
96799,AS,AS,1
96813,HI,HI,1
96814,HI,HI,1
96815,HI,HI,1
96816,HI,HI,1
96817,HI,HI,1
96818,HI,HI,1
96819,HI,HI,1
96820,HI,HI,1
96821,HI,HI,1
96822,HI,HI,1
96825,HI,HI,1
96826,HI,HI,1
96848,HI,HI,1
96850,HI,HI,1
96853,HI,HI,1
96857,HI,HI,1
96858,HI,HI,1
96859,HI,HI,1
96860,HI,HI,1
96863,HI,HI,1
96910,GU,GU,1
96913,GU,GU,1
96915,GU,GU,1
96916,GU,GU,1
96917,GU,GU,1
96928,GU,GU,1
96929,GU,GU,1
96950,MP,MP,1
96951,MP,MP,1
96952,MP,MP,1
97001,OR,OR,1
97002,OR,OR,1
97003,OR,OR,1
97004,OR,OR,1
97005,OR,OR,1
97006,OR,OR,1
97007,OR,OR,1
97008,OR,OR,1
97009,OR,OR,1
97011,OR,OR,1
97013,OR,OR,1
97014,OR,OR,1
97015,OR,OR,1
97016,OR,OR,1
97017,OR,OR,1
97018,OR,OR,1
97019,OR,OR,1
97020,OR,OR,1
97021,OR,OR,1
97022,OR,OR,1
97023,OR,OR,1
97024,OR,OR,1
97026,OR,OR,1
97027,OR,OR,1
97028,OR,OR,1
97029,OR,OR,1
97030,OR,OR,1
97031,OR,OR,1
97032,OR,OR,1
97033,OR,OR,1
97034,OR,OR,1
97035,OR,OR,1
97037,OR,OR,1
97038,OR,OR,1
97039,OR,OR,1
97040,OR,OR,1
97041,OR,OR,1
97042,OR,OR,1
97045,OR,OR,1
97048,OR,OR,1
97049,OR,OR,1
97050,OR,OR,1
97051,OR,OR,1
97053,OR,OR,1
97054,OR,OR,1
97055,OR,OR,1
97056,OR,OR,1
97057,OR,OR,1
97058,OR,OR,1
97060,OR,OR,1
97062,OR,OR,1
97063,OR,OR,1
97064,OR,OR,1
97065,OR,OR,1
97067,OR,OR,1
97068,OR,OR,1
97070,OR,OR,1
97071,OR,OR,1
97078,OR,OR,1
97080,OR,OR,1
97086,OR,OR,1
97089,OR,OR,1
97101,OR,OR,1
97102,OR,OR,1
97103,OR,OR,1
97106,OR,OR,1
97107,OR,OR,1
97108,OR,OR,1
97109,OR,OR,1
97110,OR,OR,1
97111,OR,OR,1
97112,OR,OR,1
97113,OR,OR,1
97114,OR,OR,1
97115,OR,OR,1
97116,OR,OR,1
97117,OR,OR,1
97118,OR,OR,1
97119,OR,OR,1
97121,OR,OR,1
97122,OR,OR,1
97123,OR,OR,1
97124,OR,OR,1
97125,OR,OR,1
97127,OR,OR,1
97128,OR,OR,1
97130,OR,OR,1
97131,OR,OR,1
97132,OR,OR,1
97133,OR,OR,1
97134,OR,OR,1
97135,OR,OR,1
97136,OR,OR,1
97137,OR,OR,1
97138,OR,OR,1
97140,OR,OR,1
97141,OR,OR,1
97144,OR,OR,1
97145,OR,OR,1
97146,OR,OR,1
97147,OR,OR,1
97148,OR,OR,1
97149,OR,OR,1
97201,OR,OR,1
97202,OR,OR,1
97203,OR,OR,1
97204,OR,OR,1
97205,OR,OR,1
97206,OR,OR,1
97208,OR,OR,1
97209,OR,OR,1
97210,OR,OR,1
97211,OR,OR,1
97212,OR,OR,1
97213,OR,OR,1
97214,OR,OR,1
97215,OR,OR,1
97216,OR,OR,1
97217,OR,OR,1
97218,OR,OR,1
97219,OR,OR,1
97220,OR,OR,1
97221,OR,OR,1
97222,OR,OR,1
97223,OR,OR,1
97224,OR,OR,1
97225,OR,OR,1
97227,OR,OR,1
97229,OR,OR,1
97230,OR,OR,1
97231,OR,OR,1
97232,OR,OR,1
97233,OR,OR,1
97236,OR,OR,1
97239,OR,OR,1
97258,OR,OR,1
97266,OR,OR,1
97267,OR,OR,1
97301,OR,OR,1
97302,OR,OR,1
97303,OR,OR,1
97304,OR,OR,1
97305,OR,OR,1
97306,OR,OR,1
97310,OR,OR,1
97317,OR,OR,1
97321,OR,OR,1
97322,OR,OR,1
97324,OR,OR,1
97325,OR,OR,1
97326,OR,OR,1
97327,OR,OR,1
97329,OR,OR,1
97330,OR,OR,1
97331,OR,OR,1
97333,OR,OR,1
97335,OR,OR,1
97336,OR,OR,1
97338,OR,OR,1
97341,OR,OR,1
97342,OR,OR,1
97343,OR,OR,1
97344,OR,OR,1
97345,OR,OR,1
97346,OR,OR,1
97347,OR,OR,1
97348,OR,OR,1
97350,OR,OR,1
97351,OR,OR,1
97352,OR,OR,1
97355,OR,OR,1
97357,OR,OR,1
97358,OR,OR,1
97360,OR,OR,1
97361,OR,OR,1
97362,OR,OR,1
97364,OR,OR,1
97365,OR,OR,1
97366,OR,OR,1
97367,OR,OR,1
97368,OR,OR,1
97369,OR,OR,1
97370,OR,OR,1
97371,OR,OR,1
97373,OR,OR,1
97374,OR,OR,1
97375,OR,OR,1
97376,OR,OR,1
97377,OR,OR,1
97378,OR,OR,1
97380,OR,OR,1
97381,OR,OR,1
97383,OR,OR,1
97384,OR,OR,1
97385,OR,OR,1
97386,OR,OR,1
97388,OR,OR,1
97389,OR,OR,1
97390,OR,OR,1
97391,OR,OR,1
97392,OR,OR,1
97394,OR,OR,1
97396,OR,OR,1
97401,OR,OR,1
97402,OR,OR,1
97403,OR,OR,1
97404,OR,OR,1
97405,OR,OR,1
97406,OR,OR,1
97408,OR,OR,1
97410,OR,OR,1
97411,OR,OR,1
97412,OR,OR,1
97413,OR,OR,1
97414,OR,OR,1
97415,OR,OR,1
97416,OR,OR,1
97417,OR,OR,1
97419,OR,OR,1
97420,OR,OR,1
97423,OR,OR,1
97424,OR,OR,1
97426,OR,OR,1
97429,OR,OR,1
97430,OR,OR,1
97431,OR,OR,1
97432,OR,OR,1
97434,OR,OR,1
97435,OR,OR,1
97436,OR,OR,1
97437,OR,OR,1
97438,OR,OR,1
97439,OR,OR,1
97441,OR,OR,1
97442,OR,OR,1
97443,OR,OR,1
97444,OR,OR,1
97446,OR,OR,1
97447,OR,OR,1
97448,OR,OR,1
97449,OR,OR,1
97450,OR,OR,1
97451,OR,OR,1
97452,OR,OR,1
97453,OR,OR,1
97454,OR,OR,1
97455,OR,OR,1
97456,OR,OR,1
97457,OR,OR,1
97458,OR,OR,1
97459,OR,OR,1
97461,OR,OR,1
97462,OR,OR,1
97463,OR,OR,1
97465,OR,OR,1
97466,OR,OR,1
97467,OR,OR,1
97469,OR,OR,1
97470,OR,OR,1
97471,OR,OR,1
97473,OR,OR,1
97476,OR,OR,1
97477,OR,OR,1
97478,OR,OR,1
97479,OR,OR,1
97480,OR,OR,1
97481,OR,OR,1
97484,OR,OR,1
97486,OR,OR,1
97487,OR,OR,1
97488,OR,OR,1
97489,OR,OR,1
97490,OR,OR,1
97492,OR,OR,1
97493,OR,OR,1
97494,OR,OR,1
97495,OR,OR,1
97496,OR,OR,1
97497,OR,OR,1
97498,OR,OR,1
97499,OR,OR,1
97501,OR,OR,1
97502,OR,OR,1
97503,OR,OR,1
97504,OR,OR,1
97520,OR,OR,1
97522,OR,OR,1
97523,OR,OR,1
97524,OR,OR,1
97525,OR,OR,1
97526,OR,OR,1
97527,OR,OR,1
97530,OR,OR,1
97531,OR,OR,1
97532,OR,OR,1
97534,OR,OR,1
97535,OR,OR,1
97536,OR,OR,1
97537,OR,OR,1
97538,OR,OR,1
97539,OR,OR,1
97540,OR,OR,1
97541,OR,OR,1
97543,OR,OR,1
97544,OR,OR,1
97601,OR,OR,1
97603,OR,OR,1
97604,OR,OR,1
97620,OR,OR,1
97621,OR,OR,1
97622,OR,OR,1
97623,OR,OR,1
97624,OR,OR,1
97625,OR,OR,1
97626,OR,OR,1
97627,OR,OR,1
97630,OR,OR,1
97632,OR,OR,1
97633,OR,OR,1
97634,OR,OR,1
97635,CA,CA|OR,2
97636,OR,OR,1
97637,OR,OR,1
97638,OR,OR,1
97639,OR,OR,1
97640,OR,OR,1
97641,OR,OR,1
97701,OR,OR,1
97702,OR,OR,1
97703,OR,OR,1
97707,OR,OR,1
97709,OR,OR,1
97710,OR,OR,1
97711,OR,OR,1
97712,OR,OR,1
97720,OR,OR,1
97721,OR,OR,1
97722,OR,OR,1
97730,OR,OR,1
97731,OR,OR,1
97732,OR,OR,1
97733,OR,OR,1
97734,OR,OR,1
97735,OR,OR,1
97736,OR,OR,1
97737,OR,OR,1
97738,OR,OR,1
97739,OR,OR,1
97741,OR,OR,1
97750,OR,OR,1
97751,OR,OR,1
97752,OR,OR,1
97753,OR,OR,1
97754,OR,OR,1
97756,OR,OR,1
97758,OR,OR,1
97759,OR,OR,1
97760,OR,OR,1
97761,OR,OR,1
97801,OR,OR,1
97810,OR,OR,1
97812,OR,OR,1
97813,OR,OR,1
97814,OR,OR,1
97817,OR,OR,1
97818,OR,OR,1
97819,OR,OR,1
97820,OR,OR,1
97823,OR,OR,1
97824,OR,OR,1
97825,OR,OR,1
97826,OR,OR,1
97827,OR,OR,1
97828,OR,OR,1
97830,OR,OR,1
97833,OR,OR,1
97834,OR,OR,1
97835,OR,OR,1
97836,OR,OR,1
97837,OR,OR,1
97838,OR,OR,1
97839,OR,OR,1
97840,OR,OR,1
97841,OR,OR,1
97842,OR,OR,1
97843,OR,OR,1
97844,OR,OR,1
97845,OR,OR,1
97846,OR,OR,1
97848,OR,OR,1
97850,OR,OR,1
97856,OR,OR,1
97857,OR,OR,1
97859,OR,OR,1
97862,OR,OR,1
97864,OR,OR,1
97865,OR,OR,1
97867,OR,OR,1
97868,OR,OR,1
97869,OR,OR,1
97870,OR,OR,1
97873,OR,OR,1
97874,OR,OR,1
97875,OR,OR,1
97876,OR,OR,1
97877,OR,OR,1
97880,OR,OR,1
97882,OR,OR,1
97883,OR,OR,1
97884,OR,OR,1
97885,OR,OR,1
97886,OR,OR,1
97901,OR,OR,1
97902,OR,OR,1
97903,OR,OR,1
97904,OR,OR,1
97905,OR,OR,1
97906,OR,OR,1
97907,OR,OR,1
97908,OR,OR,1
97909,OR,OR,1
97910,OR,ID|OR,2
97911,OR,OR,1
97913,OR,ID|OR,2
97914,OR,OR,1
97917,OR,OR,1
97918,OR,OR,1
97920,OR,OR,1
98001,WA,WA,1
98002,WA,WA,1
98003,WA,WA,1
98004,WA,WA,1
98005,WA,WA,1
98006,WA,WA,1
98007,WA,WA,1
98008,WA,WA,1
98010,WA,WA,1
98011,WA,WA,1
98012,WA,WA,1
98014,WA,WA,1
98019,WA,WA,1
98020,WA,WA,1
98021,WA,WA,1
98022,WA,WA,1
98023,WA,WA,1
98024,WA,WA,1
98025,WA,WA,1
98026,WA,WA,1
98027,WA,WA,1
98028,WA,WA,1
98029,WA,WA,1
98030,WA,WA,1
98031,WA,WA,1
98032,WA,WA,1
98033,WA,WA,1
98034,WA,WA,1
98036,WA,WA,1
98037,WA,WA,1
98038,WA,WA,1
98039,WA,WA,1
98040,WA,WA,1
98042,WA,WA,1
98043,WA,WA,1
98045,WA,WA,1
98047,WA,WA,1
98050,WA,WA,1
98051,WA,WA,1
98052,WA,WA,1
98053,WA,WA,1
98055,WA,WA,1
98056,WA,WA,1
98057,WA,WA,1
98058,WA,WA,1
98059,WA,WA,1
98065,WA,WA,1
98068,WA,WA,1
98070,WA,WA,1
98072,WA,WA,1
98074,WA,WA,1
98075,WA,WA,1
98077,WA,WA,1
98087,WA,WA,1
98092,WA,WA,1
98101,WA,WA,1
98102,WA,WA,1
98103,WA,WA,1
98104,WA,WA,1
98105,WA,WA,1
98106,WA,WA,1
98107,WA,WA,1
98108,WA,WA,1
98109,WA,WA,1
98110,WA,WA,1
98112,WA,WA,1
98115,WA,WA,1
98116,WA,WA,1
98117,WA,WA,1
98118,WA,WA,1
98119,WA,WA,1
98121,WA,WA,1
98122,WA,WA,1
98125,WA,WA,1
98126,WA,WA,1
98133,WA,WA,1
98134,WA,WA,1
98136,WA,WA,1
98144,WA,WA,1
98146,WA,WA,1
98148,WA,WA,1
98154,WA,WA,1
98155,WA,WA,1
98158,WA,WA,1
98164,WA,WA,1
98166,WA,WA,1
98168,WA,WA,1
98174,WA,WA,1
98177,WA,WA,1
98178,WA,WA,1
98188,WA,WA,1
98195,WA,WA,1
98198,WA,WA,1
98199,WA,WA,1
98201,WA,WA,1
98203,WA,WA,1
98204,WA,WA,1
98207,WA,WA,1
98208,WA,WA,1
98220,WA,WA,1
98221,WA,WA,1
98222,WA,WA,1
98223,WA,WA,1
98224,WA,WA,1
98225,WA,WA,1
98226,WA,WA,1
98229,WA,WA,1
98230,WA,WA,1
98232,WA,WA,1
98233,WA,WA,1
98235,WA,WA,1
98236,WA,WA,1
98237,WA,WA,1
98238,WA,WA,1
98239,WA,WA,1
98240,WA,WA,1
98241,WA,WA,1
98243,WA,WA,1
98244,WA,WA,1
98245,WA,WA,1
98247,WA,WA,1
98248,WA,WA,1
98249,WA,WA,1
98250,WA,WA,1
98251,WA,WA,1
98252,WA,WA,1
98253,WA,WA,1
98255,WA,WA,1
98256,WA,WA,1
98257,WA,WA,1
98258,WA,WA,1
98260,WA,WA,1
98261,WA,WA,1
98262,WA,WA,1
98263,WA,WA,1
98264,WA,WA,1
98266,WA,WA,1
98267,WA,WA,1
98270,WA,WA,1
98271,WA,WA,1
98272,WA,WA,1
98273,WA,WA,1
98274,WA,WA,1
98275,WA,WA,1
98276,WA,WA,1
98277,WA,WA,1
98278,WA,WA,1
98279,WA,WA,1
98280,WA,WA,1
98281,WA,WA,1
98282,WA,WA,1
98283,WA,WA,1
98284,WA,WA,1
98286,WA,WA,1
98288,WA,WA,1
98290,WA,WA,1
98292,WA,WA,1
98294,WA,WA,1
98295,WA,WA,1
98296,WA,WA,1
98297,WA,WA,1
98303,WA,WA,1
98304,WA,WA,1
98305,WA,WA,1
98310,WA,WA,1
98311,WA,WA,1
98312,WA,WA,1
98314,WA,WA,1
98315,WA,WA,1
98320,WA,WA,1
98321,WA,WA,1
98323,WA,WA,1
98325,WA,WA,1
98326,WA,WA,1
98327,WA,WA,1
98328,WA,WA,1
98329,WA,WA,1
98330,WA,WA,1
98331,WA,WA,1
98332,WA,WA,1
98333,WA,WA,1
98335,WA,WA,1
98336,WA,WA,1
98337,WA,WA,1
98338,WA,WA,1
98339,WA,WA,1
98340,WA,WA,1
98342,WA,WA,1
98345,WA,WA,1
98346,WA,WA,1
98349,WA,WA,1
98350,WA,WA,1
98351,WA,WA,1
98353,WA,WA,1
98354,WA,WA,1
98355,WA,WA,1
98356,WA,WA,1
98357,WA,WA,1
98358,WA,WA,1
98359,WA,WA,1
98360,WA,WA,1
98361,WA,WA,1
98362,WA,WA,1
98363,WA,WA,1
98364,WA,WA,1
98365,WA,WA,1
98366,WA,WA,1
98367,WA,WA,1
98368,WA,WA,1
98370,WA,WA,1
98371,WA,WA,1
98372,WA,WA,1
98373,WA,WA,1
98374,WA,WA,1
98375,WA,WA,1
98376,WA,WA,1
98377,WA,WA,1
98380,WA,WA,1
98381,WA,WA,1
98382,WA,WA,1
98383,WA,WA,1
98385,WA,WA,1
98387,WA,WA,1
98388,WA,WA,1
98390,WA,WA,1
98391,WA,WA,1
98392,WA,WA,1
98394,WA,WA,1
98396,WA,WA,1
98402,WA,WA,1
98403,WA,WA,1
98404,WA,WA,1
98405,WA,WA,1
98406,WA,WA,1
98407,WA,WA,1
98408,WA,WA,1
98409,WA,WA,1
98416,WA,WA,1
98418,WA,WA,1
98421,WA,WA,1
98422,WA,WA,1
98424,WA,WA,1
98430,WA,WA,1
98433,WA,WA,1
98438,WA,WA,1
98439,WA,WA,1
98443,WA,WA,1
98444,WA,WA,1
98445,WA,WA,1
98446,WA,WA,1
98447,WA,WA,1
98465,WA,WA,1
98466,WA,WA,1
98467,WA,WA,1
98498,WA,WA,1
98499,WA,WA,1
98501,WA,WA,1
98502,WA,WA,1
98503,WA,WA,1
98505,WA,WA,1
98506,WA,WA,1
98512,WA,WA,1
98513,WA,WA,1
98516,WA,WA,1
98520,WA,WA,1
98524,WA,WA,1
98526,WA,WA,1
98527,WA,WA,1
98528,WA,WA,1
98530,WA,WA,1
98531,WA,WA,1
98532,WA,WA,1
98533,WA,WA,1
98535,WA,WA,1
98536,WA,WA,1
98537,WA,WA,1
98538,WA,WA,1
98539,WA,WA,1
98541,WA,WA,1
98542,WA,WA,1
98544,WA,WA,1
98546,WA,WA,1
98547,WA,WA,1
98548,WA,WA,1
98550,WA,WA,1
98552,WA,WA,1
98555,WA,WA,1
98556,WA,WA,1
98557,WA,WA,1
98558,WA,WA,1
98559,WA,WA,1
98560,WA,WA,1
98562,WA,WA,1
98563,WA,WA,1
98564,WA,WA,1
98565,WA,WA,1
98566,WA,WA,1
98568,WA,WA,1
98569,WA,WA,1
98570,WA,WA,1
98571,WA,WA,1
98572,WA,WA,1
98575,WA,WA,1
98576,WA,WA,1
98577,WA,WA,1
98579,WA,WA,1
98580,WA,WA,1
98581,WA,WA,1
98582,WA,WA,1
98583,WA,WA,1
98584,WA,WA,1
98585,WA,WA,1
98586,WA,WA,1
98587,WA,WA,1
98588,WA,WA,1
98589,WA,WA,1
98590,WA,WA,1
98591,WA,WA,1
98592,WA,WA,1
98593,WA,WA,1
98595,WA,WA,1
98596,WA,WA,1
98597,WA,WA,1
98601,WA,WA,1
98602,WA,WA,1
98603,WA,WA,1
98604,WA,WA,1
98605,WA,WA,1
98606,WA,WA,1
98607,WA,WA,1
98609,WA,WA,1
98610,WA,WA,1
98611,WA,WA,1
98612,WA,WA,1
98613,WA,WA,1
98614,WA,WA,1
98616,WA,WA,1
98617,WA,WA,1
98619,WA,WA,1
98620,WA,WA,1
98621,WA,WA,1
98623,WA,WA,1
98624,WA,WA,1
98625,WA,WA,1
98626,WA,WA,1
98628,WA,WA,1
98629,WA,WA,1
98631,WA,WA,1
98632,WA,WA,1
98635,WA,WA,1
98638,WA,WA,1
98639,WA,WA,1
98640,WA,WA,1
98641,WA,WA,1
98642,WA,WA,1
98643,WA,WA,1
98644,WA,WA,1
98645,WA,WA,1
98647,WA,WA,1
98648,WA,WA,1
98649,WA,WA,1
98650,WA,WA,1
98651,WA,WA,1
98660,WA,WA,1
98661,WA,WA,1
98662,WA,WA,1
98663,WA,WA,1
98664,WA,WA,1
98665,WA,WA,1
98670,WA,WA,1
98671,WA,WA,1
98672,WA,WA,1
98673,WA,WA,1
98674,WA,WA,1
98675,WA,WA,1
98682,WA,WA,1
98683,WA,WA,1
98684,WA,WA,1
98685,WA,WA,1
98686,WA,WA,1
98801,WA,WA,1
98802,WA,WA,1
98811,WA,WA,1
98812,WA,WA,1
98813,WA,WA,1
98814,WA,WA,1
98815,WA,WA,1
98816,WA,WA,1
98817,WA,WA,1
98819,WA,WA,1
98821,WA,WA,1
98822,WA,WA,1
98823,WA,WA,1
98824,WA,WA,1
98826,WA,WA,1
98827,WA,WA,1
98828,WA,WA,1
98829,WA,WA,1
98830,WA,WA,1
98831,WA,WA,1
98832,WA,WA,1
98833,WA,WA,1
98834,WA,WA,1
98836,WA,WA,1
98837,WA,WA,1
98840,WA,WA,1
98841,WA,WA,1
98843,WA,WA,1
98844,WA,WA,1
98845,WA,WA,1
98846,WA,WA,1
98847,WA,WA,1
98848,WA,WA,1
98849,WA,WA,1
98850,WA,WA,1
98851,WA,WA,1
98852,WA,WA,1
98853,WA,WA,1
98855,WA,WA,1
98856,WA,WA,1
98857,WA,WA,1
98858,WA,WA,1
98859,WA,WA,1
98860,WA,WA,1
98862,WA,WA,1
98901,WA,WA,1
98902,WA,WA,1
98903,WA,WA,1
98908,WA,WA,1
98921,WA,WA,1
98922,WA,WA,1
98923,WA,WA,1
98925,WA,WA,1
98926,WA,WA,1
98930,WA,WA,1
98932,WA,WA,1
98933,WA,WA,1
98934,WA,WA,1
98935,WA,WA,1
98936,WA,WA,1
98937,WA,WA,1
98938,WA,WA,1
98939,WA,WA,1
98940,WA,WA,1
98941,WA,WA,1
98942,WA,WA,1
98943,WA,WA,1
98944,WA,WA,1
98946,WA,WA,1
98947,WA,WA,1
98948,WA,WA,1
98950,WA,WA,1
98951,WA,WA,1
98952,WA,WA,1
98953,WA,WA,1
99001,WA,WA,1
99003,WA,WA,1
99004,WA,WA,1
99005,WA,WA,1
99006,WA,WA,1
99008,WA,WA,1
99009,WA,WA,1
99011,WA,WA,1
99012,WA,WA,1
99013,WA,WA,1
99014,WA,WA,1
99016,WA,WA,1
99017,WA,WA,1
99018,WA,WA,1
99019,WA,WA,1
99020,WA,WA,1
99021,WA,WA,1
99022,WA,WA,1
99023,WA,WA,1
99025,WA,WA,1
99026,WA,WA,1
99027,WA,WA,1
99029,WA,WA,1
99030,WA,WA,1
99031,WA,WA,1
99032,WA,WA,1
99033,WA,ID|WA,2
99034,WA,WA,1
99036,WA,WA,1
99037,WA,WA,1
99039,WA,WA,1
99040,WA,WA,1
99101,WA,WA,1
99102,WA,WA,1
99103,WA,WA,1
99105,WA,WA,1
99109,WA,WA,1
99110,WA,WA,1
99111,WA,WA,1
99113,WA,WA,1
99114,WA,WA,1
99115,WA,WA,1
99116,WA,WA,1
99117,WA,WA,1
99118,WA,WA,1
99119,WA,WA,1
99121,WA,WA,1
99122,WA,WA,1
99123,WA,WA,1
99124,WA,WA,1
99125,WA,WA,1
99126,WA,WA,1
99128,WA,ID|WA,2
99129,WA,WA,1
99130,WA,WA,1
99131,WA,WA,1
99133,WA,WA,1
99134,WA,WA,1
99135,WA,WA,1
99136,WA,WA,1
99137,WA,WA,1
99138,WA,WA,1
99139,WA,WA,1
99140,WA,WA,1
99141,WA,WA,1
99143,WA,WA,1
99144,WA,WA,1
99146,WA,WA,1
99147,WA,WA,1
99148,WA,WA,1
99149,WA,WA,1
99150,WA,WA,1
99151,WA,WA,1
99152,WA,WA,1
99153,WA,WA,1
99154,WA,WA,1
99155,WA,WA,1
99156,WA,WA,1
99157,WA,WA,1
99158,WA,WA,1
99159,WA,WA,1
99160,WA,WA,1
99161,WA,WA,1
99163,WA,WA,1
99166,WA,WA,1
99167,WA,WA,1
99169,WA,WA,1
99170,WA,WA,1
99171,WA,WA,1
99173,WA,WA,1
99174,WA,WA,1
99176,WA,WA,1
99179,WA,WA,1
99180,WA,WA,1
99181,WA,WA,1
99185,WA,WA,1
99201,WA,WA,1
99202,WA,WA,1
99203,WA,WA,1
99204,WA,WA,1
99205,WA,WA,1
99206,WA,WA,1
99207,WA,WA,1
99208,WA,WA,1
99212,WA,WA,1
99216,WA,WA,1
99217,WA,WA,1
99218,WA,WA,1
99223,WA,WA,1
99224,WA,WA,1
99251,WA,WA,1
99258,WA,WA,1
99301,WA,WA,1
99320,WA,WA,1
99321,WA,WA,1
99322,WA,WA,1
99323,WA,WA,1
99324,WA,WA,1
99326,WA,WA,1
99328,WA,WA,1
99329,WA,WA,1
99330,WA,WA,1
99333,WA,WA,1
99335,WA,WA,1
99336,WA,WA,1
99337,WA,WA,1
99338,WA,WA,1
99341,WA,WA,1
99343,WA,WA,1
99344,WA,WA,1
99345,WA,WA,1
99346,WA,WA,1
99347,WA,WA,1
99348,WA,WA,1
99349,WA,WA,1
99350,WA,WA,1
99352,WA,WA,1
99353,WA,WA,1
99354,WA,WA,1
99356,WA,WA,1
99357,WA,WA,1
99359,WA,WA,1
99360,WA,WA,1
99361,WA,WA,1
99362,WA,OR|WA,2
99363,WA,WA,1
99371,WA,WA,1
99401,WA,WA,1
99402,WA,WA,1
99403,WA,WA,1
99501,AK,AK,1
99502,AK,AK,1
99503,AK,AK,1
99504,AK,AK,1
99505,AK,AK,1
99506,AK,AK,1
99507,AK,AK,1
99508,AK,AK,1
99513,AK,AK,1
99515,AK,AK,1
99516,AK,AK,1
99517,AK,AK,1
99518,AK,AK,1
99519,AK,AK,1
99530,AK,AK,1
99540,AK,AK,1
99546,AK,AK,1
99547,AK,AK,1
99548,AK,AK,1
99549,AK,AK,1
99550,AK,AK,1
99551,AK,AK,1
99552,AK,AK,1
99553,AK,AK,1
99554,AK,AK,1
99555,AK,AK,1
99556,AK,AK,1
99557,AK,AK,1
99558,AK,AK,1
99559,AK,AK,1
99561,AK,AK,1
99563,AK,AK,1
99564,AK,AK,1
99565,AK,AK,1
99566,AK,AK,1
99567,AK,AK,1
99568,AK,AK,1
99569,AK,AK,1
99571,AK,AK,1
99572,AK,AK,1
99573,AK,AK,1
99574,AK,AK,1
99575,AK,AK,1
99576,AK,AK,1
99577,AK,AK,1
99578,AK,AK,1
99579,AK,AK,1
99580,AK,AK,1
99581,AK,AK,1
99583,AK,AK,1
99585,AK,AK,1
99586,AK,AK,1
99587,AK,AK,1
99588,AK,AK,1
99589,AK,AK,1
99590,AK,AK,1
99591,AK,AK,1
99602,AK,AK,1
99603,AK,AK,1
99604,AK,AK,1
99605,AK,AK,1
99606,AK,AK,1
99607,AK,AK,1
99608,AK,AK,1
99609,AK,AK,1
99610,AK,AK,1
99611,AK,AK,1
99612,AK,AK,1
99613,AK,AK,1
99614,AK,AK,1
99615,AK,AK,1
99620,AK,AK,1
99621,AK,AK,1
99622,AK,AK,1
99623,AK,AK,1
99624,AK,AK,1
99625,AK,AK,1
99626,AK,AK,1
99627,AK,AK,1
99628,AK,AK,1
99630,AK,AK,1
99631,AK,AK,1
99632,AK,AK,1
99633,AK,AK,1
99634,AK,AK,1
99635,AK,AK,1
99636,AK,AK,1
99637,AK,AK,1
99638,AK,AK,1
99639,AK,AK,1
99640,AK,AK,1
99641,AK,AK,1
99643,AK,AK,1
99644,AK,AK,1
99645,AK,AK,1
99647,AK,AK,1
99648,AK,AK,1
99649,AK,AK,1
99650,AK,AK,1
99651,AK,AK,1
99652,AK,AK,1
99653,AK,AK,1
99654,AK,AK,1
99655,AK,AK,1
99656,AK,AK,1
99657,AK,AK,1
99658,AK,AK,1
99659,AK,AK,1
99660,AK,AK,1
99661,AK,AK,1
99662,AK,AK,1
99663,AK,AK,1
99664,AK,AK,1
99665,AK,AK,1
99666,AK,AK,1
99667,AK,AK,1
99668,AK,AK,1
99669,AK,AK,1
99670,AK,AK,1
99671,AK,AK,1
99672,AK,AK,1
99674,AK,AK,1
99675,AK,AK,1
99676,AK,AK,1
99677,AK,AK,1
99678,AK,AK,1
99679,AK,AK,1
99680,AK,AK,1
99681,AK,AK,1
99682,AK,AK,1
99683,AK,AK,1
99684,AK,AK,1
99685,AK,AK,1
99686,AK,AK,1
99688,AK,AK,1
99689,AK,AK,1
99690,AK,AK,1
99691,AK,AK,1
99692,AK,AK,1
99693,AK,AK,1
99694,AK,AK,1
99695,AK,AK,1
99701,AK,AK,1
99702,AK,AK,1
99703,AK,AK,1
99704,AK,AK,1
99705,AK,AK,1
99706,AK,AK,1
99707,AK,AK,1
99709,AK,AK,1
99712,AK,AK,1
99714,AK,AK,1
99720,AK,AK,1
99721,AK,AK,1
99722,AK,AK,1
99723,AK,AK,1
99724,AK,AK,1
99725,AK,AK,1
99726,AK,AK,1
99727,AK,AK,1
99729,AK,AK,1
99730,AK,AK,1
99732,AK,AK,1
99733,AK,AK,1
99734,AK,AK,1
99736,AK,AK,1
99737,AK,AK,1
99738,AK,AK,1
99739,AK,AK,1
99740,AK,AK,1
99741,AK,AK,1
99742,AK,AK,1
99743,AK,AK,1
99744,AK,AK,1
99745,AK,AK,1
99746,AK,AK,1
99747,AK,AK,1
99748,AK,AK,1
99749,AK,AK,1
99750,AK,AK,1
99751,AK,AK,1
99752,AK,AK,1
99753,AK,AK,1
99754,AK,AK,1
99755,AK,AK,1
99756,AK,AK,1
99757,AK,AK,1
99758,AK,AK,1
99759,AK,AK,1
99760,AK,AK,1
99761,AK,AK,1
99762,AK,AK,1
99763,AK,AK,1
99764,AK,AK,1
99765,AK,AK,1
99766,AK,AK,1
99767,AK,AK,1
99768,AK,AK,1
99769,AK,AK,1
99770,AK,AK,1
99771,AK,AK,1
99772,AK,AK,1
99773,AK,AK,1
99774,AK,AK,1
99775,AK,AK,1
99776,AK,AK,1
99777,AK,AK,1
99778,AK,AK,1
99780,AK,AK,1
99781,AK,AK,1
99782,AK,AK,1
99783,AK,AK,1
99784,AK,AK,1
99785,AK,AK,1
99786,AK,AK,1
99788,AK,AK,1
99789,AK,AK,1
99790,AK,AK,1
99791,AK,AK,1
99801,AK,AK,1
99820,AK,AK,1
99824,AK,AK,1
99825,AK,AK,1
99826,AK,AK,1
99827,AK,AK,1
99829,AK,AK,1
99830,AK,AK,1
99832,AK,AK,1
99833,AK,AK,1
99835,AK,AK,1
99836,AK,AK,1
99840,AK,AK,1
99841,AK,AK,1
99850,AK,AK,1
99901,AK,AK,1
99903,AK,AK,1
99918,AK,AK,1
99919,AK,AK,1
99921,AK,AK,1
99922,AK,AK,1
99923,AK,AK,1
99925,AK,AK,1
99926,AK,AK,1
99927,AK,AK,1
99929,AK,AK,1
